-- Region 데이터 삽입
INSERT IGNORE INTO region (regioncd, regionnm) VALUES
('01', '서울'),
('02', '인천'),
('03', '대전'),
('04', '대구'),
('05', '광주'),
('06', '울산'),
('07', '부산'),
('08', '경기'),
('09', '강원'),
('10', '충북'),
('11', '충남'),
('12', '경북'),
('13', '경남'),
('14', '전북'),
('15', '전남'),
('16', '제주');

-- Cinema 데이터 삽입
INSERT IGNORE INTO cinema (cinemacd, cinemanm, address, tel, status, regioncd) VALUES
('THR001', '시네맥스 강남점', '서울특별시 강남구 테헤란로 123', '02-1234-5678', '정상', '01'),
('THR002', '시네맥스 잠실점', '서울특별시 송파구 올림픽로 240', '02-2345-6789', '정상', '01'),
('THR003', '시네맥스 부산점', '부산광역시 부산진구 중앙대로 668', '051-3456-7890', '점검중', '07'),
('THR004', '시네맥스 여의도점', '서울특별시 영등포구 여의대로 108', '02-4567-8901', '정상', '01'),
('THR005', '시네맥스 대구점', '대구광역시 중구 동성로 2길 80', '053-5678-9012', '정상', '04'),
('THR006', '시네맥스 인천점', '인천광역시 중구 제물량로 266', '032-6789-0123', '정상', '02'),
('THR007', '시네맥스 분당점', '경기도 성남시 분당구 정자로 178', '031-7890-1234', '정상', '08'),
('THR008', '시네맥스 대전점', '대전광역시 중구 중앙로 100', '042-8901-2345', '정상', '03');


-- Screen 데이터 삽입
INSERT IGNORE INTO screen (screencd, screenname, screentype, allseat, raservationseat, screenstatus, cinemacd) VALUES
('SCR001', '1관', '2D', 120, 0, '운영중', 'THR001'),
('SCR002', '1관', '3D', 90, 10, '운영중', 'THR001'),
('SCR003', '1관', 'IMAX', 150, 0, '운영중', 'THR002'),
('SCR004', '1관', '4DX', 100, 5, '운영중', 'THR002'),
('SCR005', '2관', '2D', 110, 0, '운영중', 'THR003'),
('SCR006', '2관', '3D', 95, 0, '운영중', 'THR003'),
('SCR007', '2관', 'IMAX', 130, 20, '운영중', 'THR004'),
('SCR008', '2관', '4మ

System: 4DX', 85, 0, '운영중', 'THR004'),
('SCR009', '3관', '2D', 115, 0, '운영중', 'THR005'),
('SCR010', '3관', '3D', 80, 15, '운영중', 'THR005'),
('SCR011', '4관', '2D', 105, 0, '운영중', 'THR006'),
('SCR012', '3관', '4DX', 90, 0, '운영중', 'THR006'),
('SCR013', '3관', 'IMAX', 140, 0, '운영중', 'THR007'),
('SCH013', '5관', '2D', 100, 5, '운영중', 'THR007'),
('SCR015', '4관', '3D', 95, 0, '운영중', 'THR008');

-- Movie 데이터 삽입
INSERT IGNORE INTO movie (moviecd, movienm, description, genre, director, actors, runningtime, releasedate, posterurl, isadult) VALUES
('M001', '드래곤 길들이기', '드래곤과 인간의 우정을 그린 판타지 애니메이션', '애니메이션', '딘 데블로이스', '제이 바루첼, 아메리카 페레라', 98, '2010-03-26', '/images/Dragon.png', 'N'),
('M002', '인터스텔라', '우주를 배경으로 한 SF 드라마', 'SF', '크리스토퍼 놀란', '매튜 맥커너히, 앤 해서웨이', 169, '2014-11-06', '/images/cloud.jpg', 'N'),
('M003', '어벤져스: 엔드게임', '마블 시리즈의 대단원', '액션', '루소 형제', '로버트 다우니 주니어, 크리스 에반스', 181, '2019-04-24', '/images/Hifive.png', 'N'),
('M004', '기생충', '한국 영화의 새로운 전설', '드라마', '봉준호', '송강호, 이선균', 132, '2019-05-30', '/images/Tiger.png', 'N'),
('M005', '조커', 'DC 코믹스의 악역을 다룬 심리 드라마', '드라마', '토드 필립스', '호아킨 피닉스', 122, '2019-10-02', '/images/Noise.png', 'Y'),
('M006', '나우시카', '미야자키 하야오의 걸작 애니메이션', '애니메이션', '미야자키 하야오', '성우: 나가시마 유키', 116, '1984-03-11', '/images/Nausicaa.png', 'N'),
('M007', '엘리오', '픽사 애니메이션', '애니메이션', '에이드리언 몰리나', '성우: 유니스 에이', 102, '2024-03-01', '/images/Elio.png', 'N'),
('M008', 'F1 더 무비', 'F1 레이싱을 다룬 액션 영화', '액션', '조셉 코신스키', '브래드 피트, 루이스 해밀턴', 138, '2024-07-05', '/images/F1_TheMovie.png', 'N'),
('M009', '28년 후', '좀비 아포칼립스 영화', '스릴러', '대니 보일', '킬리언 머피, 나오미 해리스', 145, '2024-06-28', '/images/28Years.png', 'Y'),
('M010', '퓨러루', '일본 애니메이션', '애니메이션', '신보 마코토', '성우: 카미야 히로시', 108, '2024-04-12', '/images/Fureru.png', 'N'),
('M011', '아바타 3', '제임스 카메론의 SF 시리즈 3편', 'SF', '제임스 카메론', '샘 워싱턴, 조 샐다나', 180, '2026-12-18', '/images/28Years.png', 'N'),
('M012', '스파이더맨: 비욘드 더 유니버스', '애니메이션 스파이더맨 시리즈', '애니메이션', '호아킴 도스 산토스', '샤메익 무어, 헤일리 스타인펠드', 120, '2026-03-29', '/images/Elio.png', 'N'),
('M013', '토이스토리 5', '픽사의 클래식 애니메이션 시리즈', '애니메이션', '앤드류 스탠턴', '톰 행크스, 팀 앨런', 95, '2026-06-19', '/images/Dragon.png', 'N'),
('M014', '블랙 팬서: 와칸다 포에버', '마블 시리즈의 새로운 챕터', '액션', '라이언 쿠글러', '레티샤 라이트, 댄게라', 150, '2026-07-24', '/images/Hifive.png', 'N'),
('M015', '인디아나 존스 6', '해리슨 포드의 마지막 인디아나 존스', '어드벤처', '제임스 맨골드', '해리슨 포드, 피비 월러브리지', 140, '2026-06-30', '/images/Tiger.png', 'N'),
('M016', '미션 임파서블 8', '톰 크루즈의 액션 시리즈', '액션', '크리스토퍼 맥쿼리', '톰 크루즈, 레베카 퍼거슨', 155, '2026-06-28', '/images/Noise.png', 'N'),
('M017', '쥬라기 월드: 새로운 시대', '공룡 시리즈의 새로운 시작', '액션', '가레스 에드워즈', '스카를렛 요한슨, 조나단 베일리', 135, '2026-07-02', '/images/F1_TheMovie.png', 'N'),
('M018', '데드풀 3', '마블의 액션 코미디 시리즈', '액션', '숀 레비', '라이언 레이놀즈, 휴 잭맨', 130, '2026-09-06', '/images/cloud.jpg', 'Y'),
('M019', '스타워즈: 새로운 제다이', '스타워즈 시리즈의 새로운 챕터', 'SF', '샤민 오바이드-친노이', '데이지 리들리, 아담 드라이버', 145, '2026-12-17', '/images/Nausicaa.png', 'N'),
('M020', '트랜스포머: 새로운 시작', '트랜스포머 시리즈의 리부트', '액션', '스티븐 카프리', '앤서니 라모스, 도미닉 피셔', 140, '2026-06-27', '/images/Fureru.png', 'N');

-- Schedule 데이터 삽입
INSERT IGNORE INTO schedule (schedulecd, moviecd, screencd, starttime, endtime, startdate) VALUES
('S001', 'M001', 'SCR001', '2025-07-01 10:00:00', '2025-07-01 11:38:00', '2025-07-01'),
('S002', 'M002', 'SCR002', '2025-07-01 11:00:00', '2025-07-01 13:49:00', '2025-07-01'),
('S003', 'M003', 'SCR003', '2025-07-01 12:00:00', '2025-07-01 15:01:00', '2025-07-01'),
('S004', 'M004', 'SCR001', '2025-07-01 14:00:00', '2025-07-01 16:12:00', '2025-07-01'),
('S005', 'M005', 'SCR002', '2025-07-01 16:00:00', '2025-07-01 18:02:00', '2025-07-01'),
('S006', 'M006', 'SCR003', '2025-07-01 17:00:00', '2025-07-01 18:56:00', '2025-07-01'),
('S007', 'M007', 'SCR001', '2025-07-02 10:00:00', '2025-07-02 11:42:00', '2025-07-02'),
('S008', 'M008', 'SCR002', '2025-07-02 11:00:00', '2025-07-02 13:18:00', '2025-07-02'),
('S009', 'M009', 'SCR003', '2025-07-02 12:00:00', '2025-07-02 14:25:00', '2025-07-02'),
('S010', 'M010', 'SCR001', '2025-07-02 15:00:00', '2025-07-02 16:48:00', '2025-07-02');


-- 부산(THR003, SCR005, SCR006)
INSERT IGNORE INTO schedule (schedulecd, moviecd, screencd, starttime, endtime, startdate) VALUES
('S011', 'M001', 'SCR005', '2025-07-01 10:00:00', '2025-07-01 11:38:00', '2025-07-01'),
('S012', 'M002', 'SCR006', '2025-07-01 12:00:00', '2025-07-01 13:49:00', '2025-07-01');

-- 대구(THR005, SCR009, SCR010)
INSERT IGNORE INTO schedule (schedulecd, moviecd, screencd, starttime, endtime, startdate) VALUES
('S013', 'M003', 'SCR009', '2025-07-02 10:00:00', '2025-07-02 12:11:00', '2025-07-02'),
('S014', 'M004', 'SCR010', '2025-07-02 13:00:00', '2025-07-02 15:12:00', '2025-07-02');

-- 인천(THR006, SCR011, SCR012)
INSERT IGNORE INTO schedule (schedulecd, moviecd, screencd, starttime, endtime, startdate) VALUES
('S015', 'M005', 'SCR011', '2025-07-03 11:00:00', '2025-07-03 13:02:00', '2025-07-03'),
('S016', 'M006', 'SCR012', '2025-07-03 14:00:00', '2025-07-03 15:56:00', '2025-07-03');


INSERT IGNORE INTO schedule (schedulecd, moviecd, screencd, starttime, endtime, startdate) VALUES
('S100', 'M001', 'SCR001', '2025-07-02 10:00:00', '2025-07-02 11:38:00', '2025-07-02'),
('S101', 'M002', 'SCR002', '2025-07-02 12:00:00', '2025-07-02 13:38:00', '2025-07-02'),
('S102', 'M003', 'SCR003', '2025-07-02 15:00:00', '2025-07-02 16:38:00', '2025-07-02'),
('S103', 'M004', 'SCR004', '2025-07-02 13:00:00', '2025-07-02 14:38:00', '2025-07-02'),
('S104', 'M005', 'SCR005', '2025-07-02 19:00:00', '2025-07-02 20:38:00', '2025-07-02'),
('S105', 'M006', 'SCR006', '2025-07-02 23:00:00', '2025-07-03 00:38:00', '2025-07-02'),
('S106', 'M007', 'SCR007', '2025-07-02 09:00:00', '2025-07-02 10:38:00', '2025-07-02'),
('S107', 'M008', 'SCR008', '2025-07-02 16:00:00', '2025-07-02 17:38:00', '2025-07-02'),
('S108', 'M010', 'SCR009', '2025-07-02 21:00:00', '2025-07-02 22:38:00', '2025-07-02');

-- 2025-07-03
INSERT IGNORE INTO schedule (schedulecd, moviecd, screencd, starttime, endtime, startdate) VALUES
('S109', 'M001', 'SCR001', '2025-07-03 10:00:00', '2025-07-03 11:38:00', '2025-07-03'),
('S110', 'M002', 'SCR002', '2025-07-03 12:00:00', '2025-07-03 13:38:00', '2025-07-03'),
('S111', 'M003', 'SCR003', '2025-07-03 15:00:00', '2025-07-03 16:38:00', '2025-07-03'),
('S112', 'M004', 'SCR004', '2025-07-03 13:00:00', '2025-07-03 14:38:00', '2025-07-03'),
('S113', 'M005', 'SCR005', '2025-07-03 19:00:00', '2025-07-03 20:38:00', '2025-07-03'),
('S114', 'M006', 'SCR006', '2025-07-03 23:00:00', '2025-07-04 00:38:00', '2025-07-03'),
('S115', 'M007', 'SCR007', '2025-07-03 09:00:00', '2025-07-03 10:38:00', '2025-07-03'),
('S116', 'M008', 'SCR008', '2025-07-03 16:00:00', '2025-07-03 17:38:00', '2025-07-03'),
('S117', 'M010', 'SCR009', '2025-07-03 21:00:00', '2025-07-03 22:38:00', '2025-07-03');