-- Region 데이터 삽입
INSERT IGNORE INTO
    region (regioncd, regionnm)
VALUES ('01', '서울'),
    ('02', '인천'),
    ('03', '대전'),
    ('04', '대구'),
    ('05', '광주'),
    ('06', '울산'),
    ('07', '부산'),
    ('08', '경기'),
    ('09', '강원'),
    ('10', '충북'),
    ('11', '충남'),
    ('12', '경북'),
    ('13', '경남'),
    ('14', '전북'),
    ('15', '전남'),
    ('16', '제주');

-- Cinema 데이터 삽입
INSERT IGNORE INTO
    cinema (
        cinemacd,
        cinemanm,
        address,
        tel,
        status,
        regioncd
    )
VALUES (
        'THR001',
        '시네맥스 강남점',
        '서울특별시 강남구 테헤란로 123',
        '02-1234-5678',
        '정상',
        '01'
    ),
    (
        'THR002',
        '시네맥스 잠실점',
        '서울특별시 송파구 올림픽로 240',
        '02-2345-6789',
        '정상',
        '01'
    ),
    (
        'THR003',
        '시네맥스 부산점',
        '부산광역시 부산진구 중앙대로 668',
        '051-3456-7890',
        '점검중',
        '07'
    ),
    (
        'THR004',
        '시네맥스 여의도점',
        '서울특별시 영등포구 여의대로 108',
        '02-4567-8901',
        '정상',
        '01'
    ),
    (
        'THR005',
        '시네맥스 대구점',
        '대구광역시 중구 동성로 2길 80',
        '053-5678-9012',
        '정상',
        '04'
    ),
    (
        'THR006',
        '시네맥스 인천점',
        '인천광역시 중구 제물량로 266',
        '032-6789-0123',
        '정상',
        '02'
    ),
    (
        'THR007',
        '시네맥스 분당점',
        '경기도 성남시 분당구 정자로 178',
        '031-7890-1234',
        '정상',
        '08'
    ),
    (
        'THR008',
        '시네맥스 대전점',
        '대전광역시 중구 중앙로 100',
        '042-8901-2345',
        '정상',
        '03'
    );

-- Screen 데이터 삽입
INSERT IGNORE INTO
    screen (
        screencd,
        screenname,
        screentype,
        allseat,
        reservationseat,
        screenstatus,
        cinemacd
    )
VALUES (
        'SCR001',
        '1관',
        '2D',
        120,
        0,
        '운영중',
        'THR001'
    ),
    (
        'SCR002',
        '1관',
        '3D',
        90,
        10,
        '운영중',
        'THR001'
    ),
    (
        'SCR003',
        '1관',
        'IMAX',
        150,
        0,
        '운영중',
        'THR002'
    ),
    (
        'SCR004',
        '1관',
        '4DX',
        100,
        5,
        '운영중',
        'THR002'
    ),
    (
        'SCR005',
        '2관',
        '2D',
        110,
        0,
        '운영중',
        'THR003'
    ),
    (
        'SCR006',
        '2관',
        '3D',
        95,
        0,
        '운영중',
        'THR003'
    ),
    (
        'SCR007',
        '2관',
        'IMAX',
        130,
        20,
        '운영중',
        'THR004'
    ),
    (
        'SCR008',
        '2관',
        '4DX',
        85,
        0,
        '운영중',
        'THR004'
    ),
    (
        'SCR009',
        '3관',
        '2D',
        115,
        0,
        '운영중',
        'THR005'
    ),
    (
        'SCR010',
        '3관',
        '3D',
        80,
        15,
        '운영중',
        'THR005'
    ),
    (
        'SCR011',
        '4관',
        '2D',
        105,
        0,
        '운영중',
        'THR006'
    ),
    (
        'SCR012',
        '3관',
        '4DX',
        90,
        0,
        '운영중',
        'THR006'
    ),
    (
        'SCR013',
        '3관',
        'IMAX',
        140,
        0,
        '운영중',
        'THR007'
    ),
    (
        'SCR014',
        '5관',
        '2D',
        100,
        5,
        '운영중',
        'THR007'
    ),
    (
        'SCR015',
        '4관',
        '3D',
        95,
        0,
        '운영중',
        'THR008'
    );

-- Movie 데이터 삽입
INSERT IGNORE INTO
    movie (
        moviecd,
        movienm,
        description,
        genre,
        director,
        actors,
        runningtime,
        releasedate,
        posterurl,
        isadult
    )
VALUES (
        'M001',
        '드래곤 길들이기',
        '드래곤과 인간의 우정을 그린 판타지 애니메이션',
        '애니메이션',
        '딘 데블로이스',
        '제이 바루첼, 아메리카 페레라',
        98,
        '2010-03-26',
        '/images/Dragon.png',
        'N'
    ),
    (
        'M002',
        '인터스텔라',
        '우주를 배경으로 한 SF 드라마',
        'SF',
        '크리스토퍼 놀란',
        '매튜 맥커너히, 앤 해서웨이',
        169,
        '2014-11-06',
        '/images/cloud.jpg',
        'N'
    ),
    (
        'M003',
        '어벤져스: 엔드게임',
        '마블 시리즈의 대단원',
        '액션',
        '루소 형제',
        '로버트 다우니 주니어, 크리스 에반스',
        181,
        '2019-04-24',
        '/images/Hifive.png',
        'N'
    ),
    (
        'M004',
        '기생충',
        '한국 영화의 새로운 전설',
        '드라마',
        '봉준호',
        '송강호, 이선균',
        132,
        '2019-05-30',
        '/images/Tiger.png',
        'N'
    ),
    (
        'M005',
        '조커',
        'DC 코믹스의 악역을 다룬 심리 드라마',
        '드라마',
        '토드 필립스',
        '호아킨 피닉스',
        122,
        '2019-10-02',
        '/images/Noise.png',
        'Y'
    ),
    (
        'M006',
        '나우시카',
        '미야자키 하야오의 걸작 애니메이션',
        '애니메이션',
        '미야자키 하야오',
        '성우: 나가시마 유키',
        116,
        '1984-03-11',
        '/images/Nausicaa.png',
        'N'
    ),
    (
        'M007',
        '엘리오',
        '픽사 애니메이션',
        '애니메이션',
        '에이드리언 몰리나',
        '성우: 유니스 에이',
        102,
        '2024-03-01',
        '/images/Elio.png',
        'N'
    ),
    (
        'M008',
        'F1 더 무비',
        'F1 레이싱을 다룬 액션 영화',
        '액션',
        '조셉 코신스키',
        '브래드 피트, 루이스 해밀턴',
        138,
        '2024-07-05',
        '/images/F1_TheMovie.png',
        'N'
    ),
    (
        'M009',
        '28년 후',
        '좀비 아포칼립스 영화',
        '스릴러',
        '대니 보일',
        '킬리언 머피, 나오미 해리스',
        145,
        '2024-06-28',
        '/images/28Years.png',
        'Y'
    ),
    (
        'M010',
        '퓨러루',
        '일본 애니메이션',
        '애니메이션',
        '신보 마코토',
        '성우: 카미야 히로시',
        108,
        '2024-04-12',
        '/images/Fureru.png',
        'N'
    ),
    (
        'M011',
        '아바타 3',
        '제임스 카메론의 SF 시리즈 3편',
        'SF',
        '제임스 카메론',
        '샘 워싱턴, 조 샐다나',
        180,
        '2026-12-18',
        '/images/28Years.png',
        'N'
    ),
    (
        'M012',
        '스파이더맨: 비욘드 더 유니버스',
        '애니메이션 스파이더맨 시리즈',
        '애니메이션',
        '호아킴 도스 산토스',
        '샤메익 무어, 헤일리 스타인펠드',
        120,
        '2026-03-29',
        '/images/Elio.png',
        'N'
    ),
    (
        'M013',
        '토이스토리 5',
        '픽사의 클래식 애니메이션 시리즈',
        '애니메이션',
        '앤드류 스탠턴',
        '톰 행크스, 팀 앨런',
        95,
        '2026-06-19',
        '/images/Dragon.png',
        'N'
    ),
    (
        'M014',
        '블랙 팬서: 와칸다 포에버',
        '마블 시리즈의 새로운 챕터',
        '액션',
        '라이언 쿠글러',
        '레티샤 라이트, 댄게라',
        150,
        '2026-07-24',
        '/images/Hifive.png',
        'N'
    ),
    (
        'M015',
        '인디아나 존스 6',
        '해리슨 포드의 마지막 인디아나 존스',
        '어드벤처',
        '제임스 맨골드',
        '해리슨 포드, 피비 월러브리지',
        140,
        '2026-06-30',
        '/images/Tiger.png',
        'N'
    ),
    (
        'M016',
        '미션 임파서블 8',
        '톰 크루즈의 액션 시리즈',
        '액션',
        '크리스토퍼 맥쿼리',
        '톰 크루즈, 레베카 퍼거슨',
        155,
        '2026-06-28',
        '/images/Noise.png',
        'N'
    ),
    (
        'M017',
        '쥬라기 월드: 새로운 시대',
        '공룡 시리즈의 새로운 시작',
        '액션',
        '가레스 에드워즈',
        '스카를렛 요한슨, 조나단 베일리',
        135,
        '2026-07-02',
        '/images/F1_TheMovie.png',
        'N'
    ),
    (
        'M018',
        '데드풀 3',
        '마블의 액션 코미디 시리즈',
        '액션',
        '숀 레비',
        '라이언 레이놀즈, 휴 잭맨',
        130,
        '2026-09-06',
        '/images/cloud.jpg',
        'Y'
    ),
    (
        'M019',
        '스타워즈: 새로운 제다이',
        '스타워즈 시리즈의 새로운 챕터',
        'SF',
        '샤민 오바이드-친노이',
        '데이지 리들리, 아담 드라이버',
        145,
        '2026-12-17',
        '/images/Nausicaa.png',
        'N'
    ),
    (
        'M020',
        '트랜스포머: 새로운 시작',
        '트랜스포머 시리즈의 리부트',
        '액션',
        '스티븐 카프리',
        '앤서니 라모스, 도미닉 피셔',
        140,
        '2026-06-27',
        '/images/Fureru.png',
        'N'
    );

-- Schedule 데이터 삽입
-- Schedule 데이터 삽입 (수정됨: moviecd와 screencd 랜덤 배치, S256 추가, SCH013 -> SCR013)
INSERT IGNORE INTO
    schedule (
        schedulecd,
        moviecd,
        screencd,
        starttime,
        endtime,
        startdate
    )
VALUES (
        'S143',
        'M015',
        'SCR001',
        '2025-07-05 12:30:00',
        '2025-07-05 14:55:00',
        '2025-07-05'
    ),
    (
        'S144',
        'M020',
        'SCR007',
        '2025-07-05 15:00:00',
        '2025-07-05 17:25:00',
        '2025-07-05'
    ),
    (
        'S145',
        'M009',
        'SCR013',
        '2025-07-05 17:30:00',
        '2025-07-05 19:55:00',
        '2025-07-05'
    ),
    (
        'S146',
        'M002',
        'SCR003',
        '2025-07-05 10:30:00',
        '2025-07-05 13:24:00',
        '2025-07-05'
    ),
    (
        'S147',
        'M017',
        'SCR015',
        '2025-07-05 13:00:00',
        '2025-07-05 15:20:00',
        '2025-07-05'
    ),
    (
        'S148',
        'M005',
        'SCR004',
        '2025-07-05 15:30:00',
        '2025-07-05 17:37:00',
        '2025-07-05'
    ),
    (
        'S149',
        'M014',
        'SCR010',
        '2025-07-05 17:00:00',
        '2025-07-05 19:19:00',
        '2025-07-05'
    ),
    (
        'S150',
        'M011',
        'SCR002',
        '2025-07-05 10:00:00',
        '2025-07-05 13:05:00',
        '2025-07-05'
    ),
    (
        'S151',
        'M019',
        'SCR012',
        '2025-07-05 13:30:00',
        '2025-07-05 15:55:00',
        '2025-07-05'
    ),
    (
        'S152',
        'M007',
        'SCR008',
        '2025-07-05 16:00:00',
        '2025-07-05 17:47:00',
        '2025-07-05'
    ),
    (
        'S153',
        'M012',
        'SCR005',
        '2025-07-05 11:00:00',
        '2025-07-05 13:05:00',
        '2025-07-05'
    ),
    (
        'S154',
        'M003',
        'SCR011',
        '2025-07-05 14:30:00',
        '2025-07-05 17:36:00',
        '2025-07-05'
    ),
    (
        'S155',
        'M006',
        'SCR006',
        '2025-07-05 12:00:00',
        '2025-07-05 14:09:00',
        '2025-07-05'
    ),
    (
        'S156',
        'M018',
        'SCR014',
        '2025-07-05 15:00:00',
        '2025-07-05 17:12:00',
        '2025-07-05'
    ),
    (
        'S157',
        'M001',
        'SCR001',
        '2025-07-06 12:30:00',
        '2025-07-06 14:25:00',
        '2025-07-06'
    ),
    (
        'S158',
        'M016',
        'SCR007',
        '2025-07-06 15:00:00',
        '2025-07-06 17:21:00',
        '2025-07-06'
    ),
    (
        'S159',
        'M008',
        'SCR013',
        '2025-07-06 17:30:00',
        '2025-07-06 19:53:00',
        '2025-07-06'
    ),
    (
        'S160',
        'M015',
        'SCR003',
        '2025-07-06 10:30:00',
        '2025-07-06 12:55:00',
        '2025-07-06'
    ),
    (
        'S161',
        'M020',
        'SCR015',
        '2025-07-06 13:00:00',
        '2025-07-06 15:25:00',
        '2025-07-06'
    ),
    (
        'S162',
        'M009',
        'SCR004',
        '2025-07-06 15:30:00',
        '2025-07-06 17:55:00',
        '2025-07-06'
    ),
    (
        'S163',
        'M002',
        'SCR005',
        '2025-07-06 10:00:00',
        '2025-07-06 12:54:00',
        '2025-07-06'
    ),
    (
        'S164',
        'M017',
        'SCR010',
        '2025-07-06 13:30:00',
        '2025-07-06 15:50:00',
        '2025-07-06'
    ),
    (
        'S165',
        'M005',
        'SCR014',
        '2025-07-06 16:00:00',
        '2025-07-06 18:07:00',
        '2025-07-06'
    ),
    (
        'S166',
        'M014',
        'SCR006',
        '2025-07-06 11:00:00',
        '2025-07-06 13:19:00',
        '2025-07-06'
    ),
    (
        'S167',
        'M011',
        'SCR012',
        '2025-07-06 14:30:00',
        '2025-07-06 17:35:00',
        '2025-07-06'
    ),
    (
        'S168',
        'M019',
        'SCR008',
        '2025-07-06 12:00:00',
        '2025-07-06 14:25:00',
        '2025-07-06'
    ),
    (
        'S169',
        'M007',
        'SCR011',
        '2025-07-06 15:00:00',
        '2025-07-06 16:47:00',
        '2025-07-06'
    ),
    (
        'S170',
        'M012',
        'SCR002',
        '2025-07-06 17:00:00',
        '2025-07-06 19:05:00',
        '2025-07-06'
    ),
    (
        'S171',
        'M003',
        'SCR001',
        '2025-07-07 12:30:00',
        '2025-07-07 15:36:00',
        '2025-07-07'
    ),
    (
        'S172',
        'M006',
        'SCR007',
        '2025-07-07 15:00:00',
        '2025-07-07 17:09:00',
        '2025-07-07'
    ),
    (
        'S173',
        'M018',
        'SCR013',
        '2025-07-07 17:30:00',
        '2025-07-07 19:42:00',
        '2025-07-07'
    ),
    (
        'S174',
        'M001',
        'SCR003',
        '2025-07-07 10:30:00',
        '2025-07-07 12:25:00',
        '2025-07-07'
    ),
    (
        'S175',
        'M016',
        'SCR015',
        '2025-07-07 13:00:00',
        '2025-07-07 15:21:00',
        '2025-07-07'
    ),
    (
        'S176',
        'M008',
        'SCR004',
        '2025-07-07 15:30:00',
        '2025-07-07 17:53:00',
        '2025-07-07'
    ),
    (
        'S177',
        'M015',
        'SCR005',
        '2025-07-07 10:00:00',
        '2025-07-07 12:25:00',
        '2025-07-07'
    ),
    (
        'S178',
        'M020',
        'SCR010',
        '2025-07-07 13:30:00',
        '2025-07-07 15:55:00',
        '2025-07-07'
    ),
    (
        'S179',
        'M009',
        'SCR014',
        '2025-07-07 16:00:00',
        '2025-07-07 18:25:00',
        '2025-07-07'
    ),
    (
        'S180',
        'M002',
        'SCR006',
        '2025-07-07 11:00:00',
        '2025-07-07 13:54:00',
        '2025-07-07'
    ),
    (
        'S181',
        'M017',
        'SCR012',
        '2025-07-07 14:30:00',
        '2025-07-07 16:50:00',
        '2025-07-07'
    ),
    (
        'S182',
        'M005',
        'SCR008',
        '2025-07-07 12:00:00',
        '2025-07-07 14:07:00',
        '2025-07-07'
    ),
    (
        'S183',
        'M014',
        'SCR011',
        '2025-07-07 15:00:00',
        '2025-07-07 17:19:00',
        '2025-07-07'
    ),
    (
        'S184',
        'M011',
        'SCR001',
        '2025-07-08 12:30:00',
        '2025-07-08 15:35:00',
        '2025-07-08'
    ),
    (
        'S185',
        'M019',
        'SCR007',
        '2025-07-08 15:00:00',
        '2025-07-08 17:25:00',
        '2025-07-08'
    ),
    (
        'S186',
        'M007',
        'SCR013',
        '2025-07-08 17:30:00',
        '2025-07-08 19:17:00',
        '2025-07-08'
    ),
    (
        'S187',
        'M012',
        'SCR003',
        '2025-07-08 10:30:00',
        '2025-07-08 12:35:00',
        '2025-07-08'
    ),
    (
        'S188',
        'M003',
        'SCR015',
        '2025-07-08 13:00:00',
        '2025-07-08 16:06:00',
        '2025-07-08'
    ),
    (
        'S189',
        'M006',
        'SCR004',
        '2025-07-08 15:30:00',
        '2025-07-08 17:39:00',
        '2025-07-08'
    ),
    (
        'S190',
        'M018',
        'SCR005',
        '2025-07-08 10:00:00',
        '2025-07-08 12:12:00',
        '2025-07-08'
    ),
    (
        'S191',
        'M001',
        'SCR010',
        '2025-07-08 13:30:00',
        '2025-07-08 15:25:00',
        '2025-07-08'
    ),
    (
        'S192',
        'M016',
        'SCR014',
        '2025-07-08 16:00:00',
        '2025-07-08 18:21:00',
        '2025-07-08'
    ),
    (
        'S193',
        'M008',
        'SCR006',
        '2025-07-08 11:00:00',
        '2025-07-08 13:23:00',
        '2025-07-08'
    ),
    (
        'S194',
        'M015',
        'SCR012',
        '2025-07-08 14:30:00',
        '2025-07-08 16:55:00',
        '2025-07-08'
    ),
    (
        'S195',
        'M020',
        'SCR008',
        '2025-07-08 12:00:00',
        '2025-07-08 14:25:00',
        '2025-07-08'
    ),
    (
        'S196',
        'M009',
        'SCR011',
        '2025-07-08 15:00:00',
        '2025-07-08 17:25:00',
        '2025-07-08'
    ),
    (
        'S197',
        'M002',
        'SCR001',
        '2025-07-09 12:30:00',
        '2025-07-09 15:24:00',
        '2025-07-09'
    ),
    (
        'S198',
        'M017',
        'SCR007',
        '2025-07-09 15:00:00',
        '2025-07-09 17:20:00',
        '2025-07-09'
    ),
    (
        'S199',
        'M005',
        'SCR013',
        '2025-07-09 17:30:00',
        '2025-07-09 19:37:00',
        '2025-07-09'
    ),
    (
        'S200',
        'M014',
        'SCR003',
        '2025-07-09 10:30:00',
        '2025-07-09 12:49:00',
        '2025-07-09'
    ),
    (
        'S201',
        'M011',
        'SCR015',
        '2025-07-09 13:00:00',
        '2025-07-09 16:05:00',
        '2025-07-09'
    ),
    (
        'S202',
        'M019',
        'SCR004',
        '2025-07-09 15:30:00',
        '2025-07-09 17:55:00',
        '2025-07-09'
    ),
    (
        'S203',
        'M007',
        'SCR005',
        '2025-07-09 10:00:00',
        '2025-07-09 11:47:00',
        '2025-07-09'
    ),
    (
        'S204',
        'M012',
        'SCR010',
        '2025-07-09 13:30:00',
        '2025-07-09 15:35:00',
        '2025-07-09'
    ),
    (
        'S205',
        'M003',
        'SCR014',
        '2025-07-09 16:00:00',
        '2025-07-09 19:06:00',
        '2025-07-09'
    ),
    (
        'S206',
        'M006',
        'SCR006',
        '2025-07-09 11:00:00',
        '2025-07-09 13:09:00',
        '2025-07-09'
    ),
    (
        'S207',
        'M018',
        'SCR012',
        '2025-07-09 14:30:00',
        '2025-07-09 16:42:00',
        '2025-07-09'
    ),
    (
        'S208',
        'M001',
        'SCR008',
        '2025-07-09 12:00:00',
        '2025-07-09 13:55:00',
        '2025-07-09'
    ),
    (
        'S209',
        'M016',
        'SCR011',
        '2025-07-09 15:00:00',
        '2025-07-09 17:21:00',
        '2025-07-09'
    ),
    (
        'S210',
        'M008',
        'SCR001',
        '2025-07-10 12:30:00',
        '2025-07-10 14:53:00',
        '2025-07-10'
    ),
    (
        'S211',
        'M015',
        'SCR007',
        '2025-07-10 15:00:00',
        '2025-07-10 17:25:00',
        '2025-07-10'
    ),
    (
        'S212',
        'M020',
        'SCR013',
        '2025-07-10 17:30:00',
        '2025-07-10 19:55:00',
        '2025-07-10'
    ),
    (
        'S213',
        'M009',
        'SCR003',
        '2025-07-10 10:30:00',
        '2025-07-10 12:55:00',
        '2025-07-10'
    ),
    (
        'S214',
        'M002',
        'SCR015',
        '2025-07-10 13:00:00',
        '2025-07-10 15:54:00',
        '2025-07-10'
    ),
    (
        'S215',
        'M017',
        'SCR004',
        '2025-07-10 15:30:00',
        '2025-07-10 17:50:00',
        '2025-07-10'
    ),
    (
        'S216',
        'M005',
        'SCR005',
        '2025-07-10 10:00:00',
        '2025-07-10 12:07:00',
        '2025-07-10'
    ),
    (
        'S217',
        'M014',
        'SCR010',
        '2025-07-10 13:30:00',
        '2025-07-10 15:49:00',
        '2025-07-10'
    ),
    (
        'S218',
        'M011',
        'SCR014',
        '2025-07-10 16:00:00',
        '2025-07-10 19:05:00',
        '2025-07-10'
    ),
    (
        'S219',
        'M019',
        'SCR006',
        '2025-07-10 11:00:00',
        '2025-07-10 13:25:00',
        '2025-07-10'
    ),
    (
        'S220',
        'M007',
        'SCR012',
        '2025-07-10 14:30:00',
        '2025-07-10 16:17:00',
        '2025-07-10'
    ),
    (
        'S221',
        'M012',
        'SCR008',
        '2025-07-10 12:00:00',
        '2025-07-10 14:05:00',
        '2025-07-10'
    ),
    (
        'S222',
        'M003',
        'SCR011',
        '2025-07-10 15:00:00',
        '2025-07-10 18:06:00',
        '2025-07-10'
    ),
    (
        'S223',
        'M006',
        'SCR001',
        '2025-07-03 10:00:00',
        '2025-07-03 12:09:00',
        '2025-07-03'
    ),
    (
        'S224',
        'M018',
        'SCR005',
        '2025-07-03 12:30:00',
        '2025-07-03 14:42:00',
        '2025-07-03'
    ),
    (
        'S225',
        'M001',
        'SCR010',
        '2025-07-03 15:00:00',
        '2025-07-03 16:55:00',
        '2025-07-03'
    ),
    (
        'S226',
        'M016',
        'SCR014',
        '2025-07-03 17:30:00',
        '2025-07-03 19:51:00',
        '2025-07-03'
    ),
    (
        'S227',
        'M008',
        'SCR002',
        '2025-07-03 18:00:00',
        '2025-07-03 20:23:00',
        '2025-07-03'
    ),
    (
        'S228',
        'M015',
        'SCR003',
        '2025-07-03 10:30:00',
        '2025-07-03 12:55:00',
        '2025-07-03'
    ),
    (
        'S229',
        'M020',
        'SCR006',
        '2025-07-03 13:00:00',
        '2025-07-03 15:25:00',
        '2025-07-03'
    ),
    (
        'S230',
        'M009',
        'SCR011',
        '2025-07-03 15:30:00',
        '2025-07-03 17:55:00',
        '2025-07-03'
    ),
    (
        'S231',
        'M002',
        'SCR008',
        '2025-07-03 18:00:00',
        '2025-07-03 20:54:00',
        '2025-07-03'
    ),
    (
        'S232',
        'M017',
        'SCR015',
        '2025-07-03 10:00:00',
        '2025-07-03 12:20:00',
        '2025-07-03'
    ),
    (
        'S233',
        'M005',
        'SCR007',
        '2025-07-03 12:30:00',
        '2025-07-03 14:37:00',
        '2025-07-03'
    ),
    (
        'S234',
        'M014',
        'SCR013',
        '2025-07-03 15:00:00',
        '2025-07-03 17:19:00',
        '2025-07-03'
    ),
    (
        'S235',
        'M011',
        'SCR001',
        '2025-07-03 17:30:00',
        '2025-07-03 20:35:00',
        '2025-07-03'
    ),
    (
        'S236',
        'M019',
        'SCR004',
        '2025-07-03 18:30:00',
        '2025-07-03 20:55:00',
        '2025-07-03'
    ),
    (
        'S237',
        'M007',
        'SCR002',
        '2025-07-03 10:00:00',
        '2025-07-03 11:47:00',
        '2025-07-03'
    ),
    (
        'S238',
        'M012',
        'SCR009',
        '2025-07-03 13:30:00',
        '2025-07-03 15:35:00',
        '2025-07-03'
    ),
    (
        'S239',
        'M003',
        'SCR012',
        '2025-07-03 16:00:00',
        '2025-07-03 19:06:00',
        '2025-07-03'
    ),
    (
        'S240',
        'M006',
        'SCR005',
        '2025-07-03 18:30:00',
        '2025-07-03 20:39:00',
        '2025-07-03'
    ),
    (
        'S241',
        'M018',
        'SCR006',
        '2025-07-03 10:30:00',
        '2025-07-03 12:42:00',
        '2025-07-03'
    ),
    (
        'S242',
        'M001',
        'SCR011',
        '2025-07-03 13:00:00',
        '2025-07-03 14:55:00',
        '2025-07-03'
    ),
    (
        'S243',
        'M016',
        'SCR015',
        '2025-07-03 15:30:00',
        '2025-07-03 17:51:00',
        '2025-07-03'
    ),
    (
        'S244',
        'M008',
        'SCR008',
        '2025-07-03 18:00:00',
        '2025-07-03 20:23:00',
        '2025-07-03'
    ),
    (
        'S245',
        'M015',
        'SCR002',
        '2025-07-04 10:00:00',
        '2025-07-04 12:25:00',
        '2025-07-04'
    ),
    (
        'S246',
        'M020',
        'SCR006',
        '2025-07-04 12:30:00',
        '2025-07-04 14:55:00',
        '2025-07-04'
    ),
    (
        'S247',
        'M009',
        'SCR011',
        '2025-07-04 15:00:00',
        '2025-07-04 17:25:00',
        '2025-07-04'
    ),
    (
        'S248',
        'M002',
        'SCR015',
        '2025-07-04 17:30:00',
        '2025-07-04 20:24:00',
        '2025-07-04'
    ),
    (
        'S249',
        'M017',
        'SCR003',
        '2025-07-04 18:00:00',
        '2025-07-04 20:20:00',
        '2025-07-04'
    ),
    (
        'S250',
        'M005',
        'SCR001',
        '2025-07-04 10:30:00',
        '2025-07-04 12:37:00',
        '2025-07-04'
    ),
    (
        'S251',
        'M014',
        'SCR007',
        '2025-07-04 13:00:00',
        '2025-07-04 15:19:00',
        '2025-07-04'
    ),
    (
        'S252',
        'M011',
        'SCR013',
        '2025-07-04 15:30:00',
        '2025-07-04 18:35:00',
        '2025-07-04'
    ),
    (
        'S253',
        'M019',
        'SCR005',
        '2025-07-04 18:00:00',
        '2025-07-04 20:25:00',
        '2025-07-04'
    ),
    (
        'S254',
        'M007',
        'SCR008',
        '2025-07-04 10:00:00',
        '2025-07-04 11:47:00',
        '2025-07-04'
    ),
    (
        'S255',
        'M012',
        'SCR012',
        '2025-07-04 12:30:00',
        '2025-07-04 14:35:00',
        '2025-07-04'
    ),
    (
        'S256',
        'M003',
        'SCR014',
        '2025-07-04 15:00:00',
        '2025-07-04 18:06:00',
        '2025-07-04'
    ),
    (
        'S257',
        'M006',
        'SCR002',
        '2025-07-04 17:30:00',
        '2025-07-04 19:39:00',
        '2025-07-04'
    ),
    (
        'S258',
        'M018',
        'SCR003',
        '2025-07-04 10:00:00',
        '2025-07-04 12:12:00',
        '2025-07-04'
    ),
    (
        'S259',
        'M001',
        'SCR009',
        '2025-07-04 13:30:00',
        '2025-07-04 15:25:00',
        '2025-07-04'
    ),
    (
        'S260',
        'M016',
        'SCR010',
        '2025-07-04 16:00:00',
        '2025-07-04 18:21:00',
        '2025-07-04'
    ),
    (
        'S261',
        'M008',
        'SCR015',
        '2025-07-04 18:30:00',
        '2025-07-04 20:53:00',
        '2025-07-04'
    ),
    (
        'S262',
        'M015',
        'SCR001',
        '2025-07-04 11:00:00',
        '2025-07-04 13:25:00',
        '2025-07-04'
    ),
    (
        'S263',
        'M020',
        'SCR005',
        '2025-07-04 13:30:00',
        '2025-07-04 15:55:00',
        '2025-07-04'
    ),
    (
        'S264',
        'M009',
        'SCR011',
        '2025-07-04 16:00:00',
        '2025-07-04 18:25:00',
        '2025-07-04'
    ),
    (
        'S265',
        'M002',
        'SCR002',
        '2025-07-05 10:00:00',
        '2025-07-05 12:54:00',
        '2025-07-05'
    ),
    (
        'S266',
        'M017',
        'SCR006',
        '2025-07-05 12:30:00',
        '2025-07-05 14:50:00',
        '2025-07-05'
    ),
    (
        'S267',
        'M005',
        'SCR011',
        '2025-07-05 15:00:00',
        '2025-07-05 17:07:00',
        '2025-07-05'
    ),
    (
        'S268',
        'M014',
        'SCR015',
        '2025-07-05 17:30:00',
        '2025-07-05 19:49:00',
        '2025-07-05'
    ),
    (
        'S269',
        'M011',
        'SCR003',
        '2025-07-05 18:00:00',
        '2025-07-05 21:05:00',
        '2025-07-05'
    ),
    (
        'S270',
        'M019',
        'SCR001',
        '2025-07-05 10:30:00',
        '2025-07-05 12:55:00',
        '2025-07-05'
    ),
    (
        'S271',
        'M007',
        'SCR007',
        '2025-07-05 13:00:00',
        '2025-07-05 14:47:00',
        '2025-07-05'
    ),
    (
        'S272',
        'M012',
        'SCR013',
        '2025-07-05 15:30:00',
        '2025-07-05 17:35:00',
        '2025-07-05'
    ),
    (
        'S273',
        'M003',
        'SCR005',
        '2025-07-05 18:00:00',
        '2025-07-05 21:06:00',
        '2025-07-05'
    ),
    (
        'S274',
        'M006',
        'SCR009',
        '2025-07-05 10:00:00',
        '2025-07-05 12:09:00',
        '2025-07-05'
    ),
    (
        'S275',
        'M018',
        'SCR012',
        '2025-07-05 12:30:00',
        '2025-07-05 14:42:00',
        '2025-07-05'
    ),
    (
        'S276',
        'M001',
        'SCR014',
        '2025-07-05 15:00:00',
        '2025-07-05 16:55:00',
        '2025-07-05'
    ),
    (
        'S277',
        'M016',
        'SCR008',
        '2025-07-05 17:30:00',
        '2025-07-05 19:51:00',
        '2025-07-05'
    ),
    (
        'S278',
        'M008',
        'SCR004',
        '2025-07-05 10:00:00',
        '2025-07-05 12:23:00',
        '2025-07-05'
    ),
    (
        'S279',
        'M015',
        'SCR010',
        '2025-07-05 13:30:00',
        '2025-07-05 15:55:00',
        '2025-07-05'
    ),
    (
        'S280',
        'M020',
        'SCR015',
        '2025-07-05 16:00:00',
        '2025-07-05 18:25:00',
        '2025-07-05'
    ),
    (
        'S281',
        'M009',
        'SCR002',
        '2025-07-05 10:30:00',
        '2025-07-05 12:55:00',
        '2025-07-05'
    ),
    (
        'S282',
        'M002',
        'SCR006',
        '2025-07-05 13:00:00',
        '2025-07-05 15:54:00',
        '2025-07-05'
    ),
    (
        'S283',
        'M017',
        'SCR011',
        '2025-07-05 15:30:00',
        '2025-07-05 17:50:00',
        '2025-07-05'
    ),
    (
        'S284',
        'M005',
        'SCR001',
        '2025-07-05 18:00:00',
        '2025-07-05 20:07:00',
        '2025-07-05'
    ),
    (
        'S285',
        'M014',
        'SCR005',
        '2025-07-06 10:00:00',
        '2025-07-06 12:19:00',
        '2025-07-06'
    ),
    (
        'S286',
        'M011',
        'SCR009',
        '2025-07-06 12:30:00',
        '2025-07-06 15:35:00',
        '2025-07-06'
    ),
    (
        'S287',
        'M019',
        'SCR013',
        '2025-07-06 15:00:00',
        '2025-07-06 17:25:00',
        '2025-07-06'
    ),
    (
        'S288',
        'M007',
        'SCR002',
        '2025-07-06 17:30:00',
        '2025-07-06 19:17:00',
        '2025-07-06'
    ),
    (
        'S289',
        'M012',
        'SCR008',
        '2025-07-06 18:00:00',
        '2025-07-06 20:05:00',
        '2025-07-06'
    ),
    (
        'S290',
        'M003',
        'SCR001',
        '2025-07-06 10:30:00',
        '2025-07-06 13:36:00',
        '2025-07-06'
    ),
    (
        'S291',
        'M006',
        'SCR006',
        '2025-07-06 13:00:00',
        '2025-07-06 15:09:00',
        '2025-07-06'
    ),
    (
        'S292',
        'M018',
        'SCR011',
        '2025-07-06 15:30:00',
        '2025-07-06 17:42:00',
        '2025-07-06'
    ),
    (
        'S293',
        'M001',
        'SCR015',
        '2025-07-06 18:00:00',
        '2025-07-06 19:55:00',
        '2025-07-06'
    ),
    (
        'S294',
        'M016',
        'SCR003',
        '2025-07-06 10:00:00',
        '2025-07-06 12:21:00',
        '2025-07-06'
    ),
    (
        'S295',
        'M008',
        'SCR009',
        '2025-07-06 12:30:00',
        '2025-07-06 14:53:00',
        '2025-07-06'
    ),
    (
        'S296',
        'M015',
        'SCR014',
        '2025-07-06 15:00:00',
        '2025-07-06 17:25:00',
        '2025-07-06'
    ),
    (
        'S297',
        'M020',
        'SCR004',
        '2025-07-06 17:30:00',
        '2025-07-06 19:55:00',
        '2025-07-06'
    ),
    (
        'S298',
        'M009',
        'SCR005',
        '2025-07-06 10:00:00',
        '2025-07-06 12:25:00',
        '2025-07-06'
    ),
    (
        'S299',
        'M002',
        'SCR010',
        '2025-07-06 13:30:00',
        '2025-07-06 16:24:00',
        '2025-07-06'
    ),
    (
        'S300',
        'M017',
        'SCR012',
        '2025-07-06 16:00:00',
        '2025-07-06 18:20:00',
        '2025-07-06'
    ),
    (
        'S301',
        'M005',
        'SCR002',
        '2025-07-06 18:30:00',
        '2025-07-06 20:37:00',
        '2025-07-06'
    ),
    (
        'S302',
        'M014',
        'SCR007',
        '2025-07-06 10:30:00',
        '2025-07-06 12:49:00',
        '2025-07-06'
    ),
    (
        'S303',
        'M011',
        'SCR013',
        '2025-07-06 13:00:00',
        '2025-07-06 16:05:00',
        '2025-07-06'
    ),
    (
        'S304',
        'M019',
        'SCR008',
        '2025-07-06 15:30:00',
        '2025-07-06 17:55:00',
        '2025-07-06'
    ),
    (
        'S305',
        'M007',
        'SCR001',
        '2025-07-06 18:00:00',
        '2025-07-06 19:47:00',
        '2025-07-06'
    ),
    (
        'S306',
        'M012',
        'SCR002',
        '2025-07-07 10:00:00',
        '2025-07-07 12:05:00',
        '2025-07-07'
    ),
    (
        'S307',
        'M003',
        'SCR006',
        '2025-07-07 12:30:00',
        '2025-07-07 15:36:00',
        '2025-07-07'
    ),
    (
        'S308',
        'M006',
        'SCR011',
        '2025-07-07 15:00:00',
        '2025-07-07 17:09:00',
        '2025-07-07'
    ),
    (
        'S309',
        'M018',
        'SCR015',
        '2025-07-07 17:30:00',
        '2025-07-07 19:42:00',
        '2025-07-07'
    ),
    (
        'S310',
        'M001',
        'SCR003',
        '2025-07-07 18:00:00',
        '2025-07-07 19:55:00',
        '2025-07-07'
    ),
    (
        'S311',
        'M016',
        'SCR005',
        '2025-07-07 10:00:00',
        '2025-07-07 12:21:00',
        '2025-07-07'
    ),
    (
        'S312',
        'M008',
        'SCR009',
        '2025-07-07 13:30:00',
        '2025-07-07 15:53:00',
        '2025-07-07'
    ),
    (
        'S313',
        'M015',
        'SCR014',
        '2025-07-07 16:00:00',
        '2025-07-07 18:25:00',
        '2025-07-07'
    ),
    (
        'S314',
        'M020',
        'SCR008',
        '2025-07-07 18:30:00',
        '2025-07-07 20:55:00',
        '2025-07-07'
    ),
    (
        'S315',
        'M009',
        'SCR001',
        '2025-07-07 10:30:00',
        '2025-07-07 12:55:00',
        '2025-07-07'
    ),
    (
        'S316',
        'M002',
        'SCR007',
        '2025-07-07 13:00:00',
        '2025-07-07 15:54:00',
        '2025-07-07'
    ),
    (
        'S317',
        'M017',
        'SCR012',
        '2025-07-07 15:30:00',
        '2025-07-07 17:50:00',
        '2025-07-07'
    ),
    (
        'S318',
        'M005',
        'SCR004',
        '2025-07-07 18:00:00',
        '2025-07-07 20:07:00',
        '2025-07-07'
    ),
    (
        'S319',
        'M014',
        'SCR002',
        '2025-07-07 10:00:00',
        '2025-07-07 12:19:00',
        '2025-07-07'
    ),
    (
        'S320',
        'M011',
        'SCR010',
        '2025-07-07 13:30:00',
        '2025-07-07 16:35:00',
        '2025-07-07'
    ),
    (
        'S321',
        'M019',
        'SCR015',
        '2025-07-07 16:00:00',
        '2025-07-07 18:25:00',
        '2025-07-07'
    ),
    (
        'S322',
        'M007',
        'SCR006',
        '2025-07-07 18:30:00',
        '2025-07-07 20:17:00',
        '2025-07-07'
    ),
    (
        'S323',
        'M012',
        'SCR003',
        '2025-07-07 10:30:00',
        '2025-07-07 12:35:00',
        '2025-07-07'
    ),
    (
        'S324',
        'M003',
        'SCR009',
        '2025-07-07 13:00:00',
        '2025-07-07 16:06:00',
        '2025-07-07'
    ),
    (
        'S325',
        'M006',
        'SCR013',
        '2025-07-07 15:30:00',
        '2025-07-07 17:39:00',
        '2025-07-07'
    ),
    (
        'S326',
        'M018',
        'SCR001',
        '2025-07-07 18:00:00',
        '2025-07-07 20:12:00',
        '2025-07-07'
    ),
    (
        'S327',
        'M001',
        'SCR002',
        '2025-07-08 10:00:00',
        '2025-07-08 11:55:00',
        '2025-07-08'
    ),
    (
        'S328',
        'M016',
        'SCR006',
        '2025-07-08 12:30:00',
        '2025-07-08 14:51:00',
        '2025-07-08'
    ),
    (
        'S329',
        'M008',
        'SCR011',
        '2025-07-08 15:00:00',
        '2025-07-08 17:23:00',
        '2025-07-08'
    ),
    (
        'S330',
        'M015',
        'SCR015',
        '2025-07-08 17:30:00',
        '2025-07-08 19:55:00',
        '2025-07-08'
    ),
    (
        'S331',
        'M020',
        'SCR003',
        '2025-07-08 18:00:00',
        '2025-07-08 20:25:00',
        '2025-07-08'
    ),
    (
        'S332',
        'M009',
        'SCR005',
        '2025-07-08 10:30:00',
        '2025-07-08 12:55:00',
        '2025-07-08'
    ),
    (
        'S333',
        'M002',
        'SCR009',
        '2025-07-08 13:00:00',
        '2025-07-08 15:54:00',
        '2025-07-08'
    ),
    (
        'S334',
        'M017',
        'SCR014',
        '2025-07-08 15:30:00',
        '2025-07-08 17:50:00',
        '2025-07-08'
    ),
    (
        'S335',
        'M005',
        'SCR008',
        '2025-07-08 18:00:00',
        '2025-07-08 20:07:00',
        '2025-07-08'
    ),
    (
        'S336',
        'M014',
        'SCR001',
        '2025-07-08 10:00:00',
        '2025-07-08 12:19:00',
        '2025-07-08'
    ),
    (
        'S337',
        'M011',
        'SCR007',
        '2025-07-08 12:30:00',
        '2025-07-08 15:35:00',
        '2025-07-08'
    ),
    (
        'S338',
        'M019',
        'SCR013',
        '2025-07-08 15:00:00',
        '2025-07-08 17:25:00',
        '2025-07-08'
    ),
    (
        'S339',
        'M007',
        'SCR004',
        '2025-07-08 17:30:00',
        '2025-07-08 19:17:00',
        '2025-07-08'
    ),
    (
        'S340',
        'M012',
        'SCR002',
        '2025-07-08 10:00:00',
        '2025-07-08 12:05:00',
        '2025-07-08'
    ),
    (
        'S341',
        'M003',
        'SCR010',
        '2025-07-08 13:30:00',
        '2025-07-08 16:36:00',
        '2025-07-08'
    ),
    (
        'S342',
        'M006',
        'SCR015',
        '2025-07-08 16:00:00',
        '2025-07-08 18:09:00',
        '2025-07-08'
    ),
    (
        'S343',
        'M018',
        'SCR006',
        '2025-07-08 18:30:00',
        '2025-07-08 20:42:00',
        '2025-07-08'
    ),
    (
        'S344',
        'M001',
        'SCR003',
        '2025-07-08 10:30:00',
        '2025-07-08 12:25:00',
        '2025-07-08'
    ),
    (
        'S345',
        'M016',
        'SCR009',
        '2025-07-08 13:00:00',
        '2025-07-08 15:21:00',
        '2025-07-08'
    ),
    (
        'S346',
        'M008',
        'SCR014',
        '2025-07-08 15:30:00',
        '2025-07-08 17:53:00',
        '2025-07-08'
    ),
    (
        'S347',
        'M015',
        'SCR001',
        '2025-07-08 18:00:00',
        '2025-07-08 20:25:00',
        '2025-07-08'
    ),
    (
        'S348',
        'M020',
        'SCR005',
        '2025-07-09 10:00:00',
        '2025-07-09 12:25:00',
        '2025-07-09'
    ),
    (
        'S349',
        'M009',
        'SCR010',
        '2025-07-09 12:30:00',
        '2025-07-09 14:55:00',
        '2025-07-09'
    ),
    (
        'S350',
        'M002',
        'SCR015',
        '2025-07-09 15:00:00',
        '2025-07-09 17:54:00',
        '2025-07-09'
    ),
    (
        'S351',
        'M017',
        'SCR002',
        '2025-07-09 17:30:00',
        '2025-07-09 19:50:00',
        '2025-07-09'
    ),
    (
        'S352',
        'M005',
        'SCR008',
        '2025-07-09 18:00:00',
        '2025-07-09 20:07:00',
        '2025-07-09'
    ),
    (
        'S353',
        'M014',
        'SCR001',
        '2025-07-09 10:00:00',
        '2025-07-09 12:19:00',
        '2025-07-09'
    ),
    (
        'S354',
        'M011',
        'SCR006',
        '2025-07-09 13:30:00',
        '2025-07-09 16:35:00',
        '2025-07-09'
    ),
    (
        'S355',
        'M019',
        'SCR011',
        '2025-07-09 16:00:00',
        '2025-07-09 18:25:00',
        '2025-07-09'
    ),
    (
        'S356',
        'M007',
        'SCR013',
        '2025-07-09 18:30:00',
        '2025-07-09 20:17:00',
        '2025-07-09'
    ),
    (
        'S357',
        'M012',
        'SCR002',
        '2025-07-09 10:30:00',
        '2025-07-09 12:35:00',
        '2025-07-09'
    ),
    (
        'S358',
        'M003',
        'SCR007',
        '2025-07-09 13:00:00',
        '2025-07-09 16:06:00',
        '2025-07-09'
    ),
    (
        'S359',
        'M006',
        'SCR014',
        '2025-07-09 15:30:00',
        '2025-07-09 17:39:00',
        '2025-07-09'
    ),
    (
        'S360',
        'M018',
        'SCR004',
        '2025-07-09 18:00:00',
        '2025-07-09 20:12:00',
        '2025-07-09'
    ),
    (
        'S361',
        'M001',
        'SCR003',
        '2025-07-09 10:00:00',
        '2025-07-09 11:55:00',
        '2025-07-09'
    ),
    (
        'S362',
        'M016',
        'SCR009',
        '2025-07-09 13:30:00',
        '2025-07-09 15:51:00',
        '2025-07-09'
    ),
    (
        'S363',
        'M008',
        'SCR015',
        '2025-07-09 16:00:00',
        '2025-07-09 18:23:00',
        '2025-07-09'
    ),
    (
        'S364',
        'M015',
        'SCR001',
        '2025-07-09 18:30:00',
        '2025-07-09 20:55:00',
        '2025-07-09'
    ),
    (
        'S365',
        'M020',
        'SCR005',
        '2025-07-09 10:30:00',
        '2025-07-09 12:55:00',
        '2025-07-09'
    ),
    (
        'S366',
        'M009',
        'SCR010',
        '2025-07-09 13:00:00',
        '2025-07-09 15:25:00',
        '2025-07-09'
    ),
    (
        'S367',
        'M002',
        'SCR012',
        '2025-07-09 15:30:00',
        '2025-07-09 18:24:00',
        '2025-07-09'
    ),
    (
        'S368',
        'M017',
        'SCR002',
        '2025-07-09 18:00:00',
        '2025-07-09 20:20:00',
        '2025-07-09'
    ),
    (
        'S369',
        'M005',
        'SCR003',
        '2025-07-10 10:00:00',
        '2025-07-10 12:07:00',
        '2025-07-10'
    ),
    (
        'S370',
        'M014',
        'SCR009',
        '2025-07-10 12:30:00',
        '2025-07-10 14:49:00',
        '2025-07-10'
    ),
    (
        'S371',
        'M011',
        'SCR014',
        '2025-07-10 15:00:00',
        '2025-07-10 18:05:00',
        '2025-07-10'
    ),
    (
        'S372',
        'M019',
        'SCR001',
        '2025-07-10 17:30:00',
        '2025-07-10 19:55:00',
        '2025-07-10'
    ),
    (
        'S373',
        'M007',
        'SCR008',
        '2025-07-10 18:00:00',
        '2025-07-10 19:47:00',
        '2025-07-10'
    ),
    (
        'S374',
        'M012',
        'SCR005',
        '2025-07-10 10:30:00',
        '2025-07-10 12:35:00',
        '2025-07-10'
    ),
    (
        'S375',
        'M003',
        'SCR010',
        '2025-07-10 13:00:00',
        '2025-07-10 16:06:00',
        '2025-07-10'
    ),
    (
        'S376',
        'M006',
        'SCR015',
        '2025-07-10 15:30:00',
        '2025-07-10 17:39:00',
        '2025-07-10'
    ),
    (
        'S377',
        'M018',
        'SCR002',
        '2025-07-10 18:00:00',
        '2025-07-10 20:12:00',
        '2025-07-10'
    ),
    (
        'S378',
        'M001',
        'SCR006',
        '2025-07-10 10:00:00',
        '2025-07-10 11:55:00',
        '2025-07-10'
    ),
    (
        'S379',
        'M016',
        'SCR011',
        '2025-07-10 12:30:00',
        '2025-07-10 14:51:00',
        '2025-07-10'
    ),
    (
        'S380',
        'M008',
        'SCR013',
        '2025-07-10 15:00:00',
        '2025-07-10 17:23:00',
        '2025-07-10'
    ),
    (
        'S381',
        'M015',
        'SCR003',
        '2025-07-10 17:30:00',
        '2025-07-10 19:55:00',
        '2025-07-10'
    ),
    (
        'S382',
        'M020',
        'SCR001',
        '2025-07-10 10:00:00',
        '2025-07-10 12:25:00',
        '2025-07-10'
    ),
    (
        'S383',
        'M009',
        'SCR007',
        '2025-07-10 13:30:00',
        '2025-07-10 15:55:00',
        '2025-07-10'
    ),
    (
        'S384',
        'M002',
        'SCR012',
        '2025-07-10 16:00:00',
        '2025-07-10 18:54:00',
        '2025-07-10'
    ),
    (
        'S385',
        'M017',
        'SCR005',
        '2025-07-10 18:30:00',
        '2025-07-10 20:50:00',
        '2025-07-10'
    ),
    (
        'S386',
        'M005',
        'SCR002',
        '2025-07-10 10:30:00',
        '2025-07-10 12:37:00',
        '2025-07-10'
    ),
    (
        'S387',
        'M014',
        'SCR009',
        '2025-07-10 13:00:00',
        '2025-07-10 15:19:00',
        '2025-07-10'
    ),
    (
        'S388',
        'M011',
        'SCR014',
        '2025-07-10 15:30:00',
        '2025-07-10 18:35:00',
        '2025-07-10'
    ),
    (
        'S389',
        'M019',
        'SCR006',
        '2025-07-10 18:00:00',
        '2025-07-10 20:25:00',
        '2025-07-10'
    ),
    -- 7월 5일부터 10일까지 추가 스케줄 데이터
    -- 7월 5일 스케줄
    (
        'S390',
        'M001',
        'SCR001',
        '2025-07-05 10:00:00',
        '2025-07-05 11:55:00',
        '2025-07-05'
    ),
    (
        'S391',
        'M001',
        'SCR002',
        '2025-07-05 12:30:00',
        '2025-07-05 14:25:00',
        '2025-07-05'
    ),
    (
        'S392',
        'M001',
        'SCR003',
        '2025-07-05 15:00:00',
        '2025-07-05 16:55:00',
        '2025-07-05'
    ),
    (
        'S393',
        'M001',
        'SCR004',
        '2025-07-05 17:30:00',
        '2025-07-05 19:25:00',
        '2025-07-05'
    ),
    (
        'S394',
        'M002',
        'SCR005',
        '2025-07-05 10:30:00',
        '2025-07-05 13:24:00',
        '2025-07-05'
    ),
    (
        'S395',
        'M002',
        'SCR006',
        '2025-07-05 14:00:00',
        '2025-07-05 16:54:00',
        '2025-07-05'
    ),
    (
        'S396',
        'M002',
        'SCR007',
        '2025-07-05 17:30:00',
        '2025-07-05 20:24:00',
        '2025-07-05'
    ),
    (
        'S397',
        'M003',
        'SCR008',
        '2025-07-05 11:00:00',
        '2025-07-05 14:06:00',
        '2025-07-05'
    ),
    (
        'S398',
        'M003',
        'SCR009',
        '2025-07-05 14:30:00',
        '2025-07-05 17:36:00',
        '2025-07-05'
    ),
    (
        'S399',
        'M003',
        'SCR010',
        '2025-07-05 18:00:00',
        '2025-07-05 21:06:00',
        '2025-07-05'
    ),
    (
        'S400',
        'M004',
        'SCR011',
        '2025-07-05 10:00:00',
        '2025-07-05 12:17:00',
        '2025-07-05'
    ),
    (
        'S401',
        'M004',
        'SCR012',
        '2025-07-05 12:30:00',
        '2025-07-05 14:47:00',
        '2025-07-05'
    ),
    (
        'S402',
        'M004',
        'SCR013',
        '2025-07-05 15:00:00',
        '2025-07-05 17:17:00',
        '2025-07-05'
    ),
    (
        'S403',
        'M005',
        'SCR014',
        '2025-07-05 11:30:00',
        '2025-07-05 13:37:00',
        '2025-07-05'
    ),
    (
        'S404',
        'M005',
        'SCR015',
        '2025-07-05 14:00:00',
        '2025-07-05 16:07:00',
        '2025-07-05'
    ),
    -- 7월 6일 스케줄
    (
        'S405',
        'M006',
        'SCR001',
        '2025-07-06 10:00:00',
        '2025-07-06 12:09:00',
        '2025-07-06'
    ),
    (
        'S406',
        'M006',
        'SCR002',
        '2025-07-06 12:30:00',
        '2025-07-06 14:39:00',
        '2025-07-06'
    ),
    (
        'S407',
        'M006',
        'SCR003',
        '2025-07-06 15:00:00',
        '2025-07-06 17:09:00',
        '2025-07-06'
    ),
    (
        'S408',
        'M007',
        'SCR004',
        '2025-07-06 10:30:00',
        '2025-07-06 12:17:00',
        '2025-07-06'
    ),
    (
        'S409',
        'M007',
        'SCR005',
        '2025-07-06 12:30:00',
        '2025-07-06 14:17:00',
        '2025-07-06'
    ),
    (
        'S410',
        'M007',
        'SCR006',
        '2025-07-06 15:00:00',
        '2025-07-06 16:47:00',
        '2025-07-06'
    ),
    (
        'S411',
        'M008',
        'SCR007',
        '2025-07-06 11:00:00',
        '2025-07-06 13:23:00',
        '2025-07-06'
    ),
    (
        'S412',
        'M008',
        'SCR008',
        '2025-07-06 13:30:00',
        '2025-07-06 15:53:00',
        '2025-07-06'
    ),
    (
        'S413',
        'M008',
        'SCR009',
        '2025-07-06 16:00:00',
        '2025-07-06 18:23:00',
        '2025-07-06'
    ),
    (
        'S414',
        'M009',
        'SCR010',
        '2025-07-06 10:00:00',
        '2025-07-06 12:25:00',
        '2025-07-06'
    ),
    (
        'S415',
        'M009',
        'SCR011',
        '2025-07-06 12:30:00',
        '2025-07-06 14:55:00',
        '2025-07-06'
    ),
    (
        'S416',
        'M009',
        'SCR012',
        '2025-07-06 15:00:00',
        '2025-07-06 17:25:00',
        '2025-07-06'
    ),
    (
        'S417',
        'M010',
        'SCR013',
        '2025-07-06 11:30:00',
        '2025-07-06 13:23:00',
        '2025-07-06'
    ),
    (
        'S418',
        'M010',
        'SCR014',
        '2025-07-06 13:30:00',
        '2025-07-06 15:23:00',
        '2025-07-06'
    ),
    (
        'S419',
        'M010',
        'SCR015',
        '2025-07-06 16:00:00',
        '2025-07-06 17:53:00',
        '2025-07-06'
    ),
    -- 7월 7일 스케줄
    (
        'S420',
        'M011',
        'SCR001',
        '2025-07-07 10:00:00',
        '2025-07-07 13:05:00',
        '2025-07-07'
    ),
    (
        'S421',
        'M011',
        'SCR002',
        '2025-07-07 13:30:00',
        '2025-07-07 16:35:00',
        '2025-07-07'
    ),
    (
        'S422',
        'M011',
        'SCR003',
        '2025-07-07 17:00:00',
        '2025-07-07 20:05:00',
        '2025-07-07'
    ),
    (
        'S423',
        'M012',
        'SCR004',
        '2025-07-07 10:30:00',
        '2025-07-07 12:35:00',
        '2025-07-07'
    ),
    (
        'S424',
        'M012',
        'SCR005',
        '2025-07-07 13:00:00',
        '2025-07-07 15:05:00',
        '2025-07-07'
    ),
    (
        'S425',
        'M012',
        'SCR006',
        '2025-07-07 15:30:00',
        '2025-07-07 17:35:00',
        '2025-07-07'
    ),
    (
        'S426',
        'M013',
        'SCR007',
        '2025-07-07 11:00:00',
        '2025-07-07 12:40:00',
        '2025-07-07'
    ),
    (
        'S427',
        'M013',
        'SCR008',
        '2025-07-07 13:00:00',
        '2025-07-07 14:40:00',
        '2025-07-07'
    ),
    (
        'S428',
        'M013',
        'SCR009',
        '2025-07-07 15:00:00',
        '2025-07-07 16:40:00',
        '2025-07-07'
    ),
    (
        'S429',
        'M014',
        'SCR010',
        '2025-07-07 10:00:00',
        '2025-07-07 12:19:00',
        '2025-07-07'
    ),
    (
        'S430',
        'M014',
        'SCR011',
        '2025-07-07 12:30:00',
        '2025-07-07 14:49:00',
        '2025-07-07'
    ),
    (
        'S431',
        'M014',
        'SCR012',
        '2025-07-07 15:00:00',
        '2025-07-07 17:19:00',
        '2025-07-07'
    ),
    (
        'S432',
        'M015',
        'SCR013',
        '2025-07-07 11:30:00',
        '2025-07-07 13:55:00',
        '2025-07-07'
    ),
    (
        'S433',
        'M015',
        'SCR014',
        '2025-07-07 14:00:00',
        '2025-07-07 16:25:00',
        '2025-07-07'
    ),
    (
        'S434',
        'M015',
        'SCR015',
        '2025-07-07 17:00:00',
        '2025-07-07 19:25:00',
        '2025-07-07'
    ),
    -- 7월 8일 스케줄
    (
        'S435',
        'M016',
        'SCR001',
        '2025-07-08 10:00:00',
        '2025-07-08 12:21:00',
        '2025-07-08'
    ),
    (
        'S436',
        'M016',
        'SCR002',
        '2025-07-08 12:30:00',
        '2025-07-08 14:51:00',
        '2025-07-08'
    ),
    (
        'S437',
        'M016',
        'SCR003',
        '2025-07-08 15:00:00',
        '2025-07-08 17:21:00',
        '2025-07-08'
    ),
    (
        'S438',
        'M017',
        'SCR004',
        '2025-07-08 10:30:00',
        '2025-07-08 12:50:00',
        '2025-07-08'
    ),
    (
        'S439',
        'M017',
        'SCR005',
        '2025-07-08 13:00:00',
        '2025-07-08 15:20:00',
        '2025-07-08'
    ),
    (
        'S440',
        'M017',
        'SCR006',
        '2025-07-08 15:30:00',
        '2025-07-08 17:50:00',
        '2025-07-08'
    ),
    (
        'S441',
        'M018',
        'SCR007',
        '2025-07-08 11:00:00',
        '2025-07-08 13:12:00',
        '2025-07-08'
    ),
    (
        'S442',
        'M018',
        'SCR008',
        '2025-07-08 13:30:00',
        '2025-07-08 15:42:00',
        '2025-07-08'
    ),
    (
        'S443',
        'M018',
        'SCR009',
        '2025-07-08 16:00:00',
        '2025-07-08 18:12:00',
        '2025-07-08'
    ),
    (
        'S444',
        'M019',
        'SCR010',
        '2025-07-08 10:00:00',
        '2025-07-08 12:25:00',
        '2025-07-08'
    ),
    (
        'S445',
        'M019',
        'SCR011',
        '2025-07-08 12:30:00',
        '2025-07-08 14:55:00',
        '2025-07-08'
    ),
    (
        'S446',
        'M019',
        'SCR012',
        '2025-07-08 15:00:00',
        '2025-07-08 17:25:00',
        '2025-07-08'
    ),
    (
        'S447',
        'M020',
        'SCR013',
        '2025-07-08 11:30:00',
        '2025-07-08 13:25:00',
        '2025-07-08'
    ),
    (
        'S448',
        'M020',
        'SCR014',
        '2025-07-08 13:30:00',
        '2025-07-08 15:25:00',
        '2025-07-08'
    ),
    (
        'S449',
        'M020',
        'SCR015',
        '2025-07-08 16:00:00',
        '2025-07-08 17:55:00',
        '2025-07-08'
    ),
    -- 7월 9일 스케줄
    (
        'S450',
        'M001',
        'SCR001',
        '2025-07-09 10:00:00',
        '2025-07-09 11:55:00',
        '2025-07-09'
    ),
    (
        'S451',
        'M001',
        'SCR002',
        '2025-07-09 12:30:00',
        '2025-07-09 14:25:00',
        '2025-07-09'
    ),
    (
        'S452',
        'M001',
        'SCR003',
        '2025-07-09 15:00:00',
        '2025-07-09 16:55:00',
        '2025-07-09'
    ),
    (
        'S453',
        'M002',
        'SCR004',
        '2025-07-09 10:30:00',
        '2025-07-09 13:24:00',
        '2025-07-09'
    ),
    (
        'S454',
        'M002',
        'SCR005',
        '2025-07-09 14:00:00',
        '2025-07-09 16:54:00',
        '2025-07-09'
    ),
    (
        'S455',
        'M002',
        'SCR006',
        '2025-07-09 17:30:00',
        '2025-07-09 20:24:00',
        '2025-07-09'
    ),
    (
        'S456',
        'M003',
        'SCR007',
        '2025-07-09 11:00:00',
        '2025-07-09 14:06:00',
        '2025-07-09'
    ),
    (
        'S457',
        'M003',
        'SCR008',
        '2025-07-09 14:30:00',
        '2025-07-09 17:36:00',
        '2025-07-09'
    ),
    (
        'S458',
        'M003',
        'SCR009',
        '2025-07-09 18:00:00',
        '2025-07-09 21:06:00',
        '2025-07-09'
    ),
    (
        'S459',
        'M004',
        'SCR010',
        '2025-07-09 10:00:00',
        '2025-07-09 12:17:00',
        '2025-07-09'
    ),
    (
        'S460',
        'M004',
        'SCR011',
        '2025-07-09 12:30:00',
        '2025-07-09 14:47:00',
        '2025-07-09'
    ),
    (
        'S461',
        'M004',
        'SCR012',
        '2025-07-09 15:00:00',
        '2025-07-09 17:17:00',
        '2025-07-09'
    ),
    (
        'S462',
        'M005',
        'SCR013',
        '2025-07-09 11:30:00',
        '2025-07-09 13:37:00',
        '2025-07-09'
    ),
    (
        'S463',
        'M005',
        'SCR014',
        '2025-07-09 14:00:00',
        '2025-07-09 16:07:00',
        '2025-07-09'
    ),
    (
        'S464',
        'M005',
        'SCR015',
        '2025-07-09 17:00:00',
        '2025-07-09 19:07:00',
        '2025-07-09'
    ),
    -- 7월 10일 스케줄
    (
        'S465',
        'M006',
        'SCR001',
        '2025-07-10 10:00:00',
        '2025-07-10 12:09:00',
        '2025-07-10'
    ),
    (
        'S466',
        'M006',
        'SCR002',
        '2025-07-10 12:30:00',
        '2025-07-10 14:39:00',
        '2025-07-10'
    ),
    (
        'S467',
        'M006',
        'SCR003',
        '2025-07-10 15:00:00',
        '2025-07-10 17:09:00',
        '2025-07-10'
    ),
    (
        'S468',
        'M007',
        'SCR004',
        '2025-07-10 10:30:00',
        '2025-07-10 12:17:00',
        '2025-07-10'
    ),
    (
        'S469',
        'M007',
        'SCR005',
        '2025-07-10 12:30:00',
        '2025-07-10 14:17:00',
        '2025-07-10'
    ),
    (
        'S470',
        'M007',
        'SCR006',
        '2025-07-10 15:00:00',
        '2025-07-10 16:47:00',
        '2025-07-10'
    ),
    (
        'S471',
        'M008',
        'SCR007',
        '2025-07-10 11:00:00',
        '2025-07-10 13:23:00',
        '2025-07-10'
    ),
    (
        'S472',
        'M008',
        'SCR008',
        '2025-07-10 13:30:00',
        '2025-07-10 15:53:00',
        '2025-07-10'
    ),
    (
        'S473',
        'M008',
        'SCR009',
        '2025-07-10 16:00:00',
        '2025-07-10 18:23:00',
        '2025-07-10'
    ),
    (
        'S474',
        'M009',
        'SCR010',
        '2025-07-10 10:00:00',
        '2025-07-10 12:25:00',
        '2025-07-10'
    ),
    (
        'S475',
        'M009',
        'SCR011',
        '2025-07-10 12:30:00',
        '2025-07-10 14:55:00',
        '2025-07-10'
    ),
    (
        'S476',
        'M009',
        'SCR012',
        '2025-07-10 15:00:00',
        '2025-07-10 17:25:00',
        '2025-07-10'
    ),
    (
        'S477',
        'M010',
        'SCR013',
        '2025-07-10 11:30:00',
        '2025-07-10 13:23:00',
        '2025-07-10'
    ),
    (
        'S478',
        'M010',
        'SCR014',
        '2025-07-10 13:30:00',
        '2025-07-10 15:23:00',
        '2025-07-10'
    ),
    (
        'S479',
        'M010',
        'SCR015',
        '2025-07-10 16:00:00',
        '2025-07-10 17:53:00',
        '2025-07-10'
    );