-- Region 데이터 삽입
INSERT IGNORE INTO
    region (regioncd, regionnm)
VALUES ('01', '서울'),
    ('02', '인천'),
    ('03', '대전'),
    ('04', '대구'),
    ('05', '광주'),
    ('06', '울산'),
    ('07', '부산'),
    ('08', '경기'),
    ('09', '강원'),
    ('10', '충북'),
    ('11', '충남'),
    ('12', '경북'),
    ('13', '경남'),
    ('14', '전북'),
    ('15', '전남'),
    ('16', '제주');

-- Cinema 데이터 삽입
INSERT IGNORE INTO
    cinema (
        cinemacd,
        cinemanm,
        address,
        tel,
        status,
        regioncd
    )
VALUES (
        'THR001',
        '시네맥스 강남점',
        '서울특별시 강남구 테헤란로 123',
        '02-1234-5678',
        '정상',
        '01'
    ),
    (
        'THR002',
        '시네맥스 잠실점',
        '서울특별시 송파구 올림픽로 240',
        '02-2345-6789',
        '정상',
        '01'
    ),
    (
        'THR003',
        '시네맥스 부산점',
        '부산광역시 부산진구 중앙대로 668',
        '051-3456-7890',
        '점검중',
        '07'
    ),
    (
        'THR004',
        '시네맥스 여의도점',
        '서울특별시 영등포구 여의대로 108',
        '02-4567-8901',
        '정상',
        '01'
    ),
    (
        'THR005',
        '시네맥스 대구점',
        '대구광역시 중구 동성로 2길 80',
        '053-5678-9012',
        '정상',
        '04'
    ),
    (
        'THR006',
        '시네맥스 인천점',
        '인천광역시 중구 제물량로 266',
        '032-6789-0123',
        '정상',
        '02'
    ),
    (
        'THR007',
        '시네맥스 분당점',
        '경기도 성남시 분당구 정자로 178',
        '031-7890-1234',
        '정상',
        '08'
    ),
    (
        'THR008',
        '시네맥스 대전점',
        '대전광역시 중구 중앙로 100',
        '042-8901-2345',
        '정상',
        '03'
    );

-- Screen 데이터 삽입
INSERT IGNORE INTO
    screen (
        screencd,
        screenname,
        screentype,
        allseat,
        reservationseat,
        screenstatus,
        cinemacd
    )
VALUES (
        'SCR001',
        '1관',
        '2D',
        120,
        0,
        '운영중',
        'THR001'
    ),
    (
        'SCR002',
        '1관',
        '3D',
        90,
        10,
        '운영중',
        'THR001'
    ),
    (
        'SCR003',
        '1관',
        'IMAX',
        150,
        0,
        '운영중',
        'THR002'
    ),
    (
        'SCR004',
        '1관',
        '4DX',
        100,
        5,
        '운영중',
        'THR002'
    ),
    (
        'SCR005',
        '2관',
        '2D',
        110,
        0,
        '운영중',
        'THR003'
    ),
    (
        'SCR006',
        '2관',
        '3D',
        95,
        0,
        '운영중',
        'THR003'
    ),
    (
        'SCR007',
        '2관',
        'IMAX',
        130,
        20,
        '운영중',
        'THR004'
    ),
    (
        'SCR008',
        '2관',
        '4DX',
        85,
        0,
        '운영중',
        'THR004'
    ),
    (
        'SCR009',
        '3관',
        '2D',
        115,
        0,
        '운영중',
        'THR005'
    ),
    (
        'SCR010',
        '3관',
        '3D',
        80,
        15,
        '운영중',
        'THR005'
    ),
    (
        'SCR011',
        '4관',
        '2D',
        105,
        0,
        '운영중',
        'THR006'
    ),
    (
        'SCR012',
        '3관',
        '4DX',
        90,
        0,
        '운영중',
        'THR006'
    ),
    (
        'SCR013',
        '3관',
        'IMAX',
        140,
        0,
        '운영중',
        'THR007'
    ),
    (
        'SCR014',
        '5관',
        '2D',
        100,
        5,
        '운영중',
        'THR007'
    ),
    (
        'SCR015',
        '4관',
        '3D',
        95,
        0,
        '운영중',
        'THR008'
    );

-- Movie 데이터 삽입
INSERT IGNORE INTO
    movie (
        moviecd,
        movienm,
        description,
        genre,
        director,
        actors,
        runningtime,
        releasedate,
        posterurl,
        isadult
    )
VALUES (
        'M001',
        '드래곤 길들이기',
        '드래곤과 인간의 우정을 그린 판타지 애니메이션',
        '애니메이션',
        '딘 데블로이스',
        '제이 바루첼, 아메리카 페레라',
        98,
        '2010-03-26',
        '/images/Dragon.png',
        'N'
    ),
    (
        'M002',
        '인터스텔라',
        '우주를 배경으로 한 SF 드라마',
        'SF',
        '크리스토퍼 놀란',
        '매튜 맥커너히, 앤 해서웨이',
        169,
        '2014-11-06',
        '/images/cloud.jpg',
        'N'
    ),
    (
        'M003',
        '어벤져스: 엔드게임',
        '마블 시리즈의 대단원',
        '액션',
        '루소 형제',
        '로버트 다우니 주니어, 크리스 에반스',
        181,
        '2019-04-24',
        '/images/Hifive.png',
        'N'
    ),
    (
        'M004',
        '기생충',
        '한국 영화의 새로운 전설',
        '드라마',
        '봉준호',
        '송강호, 이선균',
        132,
        '2019-05-30',
        '/images/Tiger.png',
        'N'
    ),
    (
        'M005',
        '조커',
        'DC 코믹스의 악역을 다룬 심리 드라마',
        '드라마',
        '토드 필립스',
        '호아킨 피닉스',
        122,
        '2019-10-02',
        '/images/Noise.png',
        'Y'
    ),
    (
        'M006',
        '나우시카',
        '미야자키 하야오의 걸작 애니메이션',
        '애니메이션',
        '미야자키 하야오',
        '성우: 나가시마 유키',
        116,
        '1984-03-11',
        '/images/Nausicaa.png',
        'N'
    ),
    (
        'M007',
        '엘리오',
        '픽사 애니메이션',
        '애니메이션',
        '에이드리언 몰리나',
        '성우: 유니스 에이',
        102,
        '2024-03-01',
        '/images/Elio.png',
        'N'
    ),
    (
        'M008',
        'F1 더 무비',
        'F1 레이싱을 다룬 액션 영화',
        '액션',
        '조셉 코신스키',
        '브래드 피트, 루이스 해밀턴',
        138,
        '2024-07-05',
        '/images/F1_TheMovie.png',
        'N'
    ),
    (
        'M009',
        '28년 후',
        '좀비 아포칼립스 영화',
        '스릴러',
        '대니 보일',
        '킬리언 머피, 나오미 해리스',
        145,
        '2024-06-28',
        '/images/28Years.png',
        'Y'
    ),
    (
        'M010',
        '퓨러루',
        '일본 애니메이션',
        '애니메이션',
        '신보 마코토',
        '성우: 카미야 히로시',
        108,
        '2024-04-12',
        '/images/Fureru.png',
        'N'
    ),
    (
        'M011',
        '아바타 3',
        '제임스 카메론의 SF 시리즈 3편',
        'SF',
        '제임스 카메론',
        '샘 워싱턴, 조 샐다나',
        180,
        '2026-12-18',
        '/images/28Years.png',
        'N'
    ),
    (
        'M012',
        '스파이더맨: 비욘드 더 유니버스',
        '애니메이션 스파이더맨 시리즈',
        '애니메이션',
        '호아킴 도스 산토스',
        '샤메익 무어, 헤일리 스타인펠드',
        120,
        '2026-03-29',
        '/images/Elio.png',
        'N'
    ),
    (
        'M013',
        '토이스토리 5',
        '픽사의 클래식 애니메이션 시리즈',
        '애니메이션',
        '앤드류 스탠턴',
        '톰 행크스, 팀 앨런',
        95,
        '2026-06-19',
        '/images/Dragon.png',
        'N'
    ),
    (
        'M014',
        '블랙 팬서: 와칸다 포에버',
        '마블 시리즈의 새로운 챕터',
        '액션',
        '라이언 쿠글러',
        '레티샤 라이트, 댄게라',
        150,
        '2026-07-24',
        '/images/Hifive.png',
        'N'
    ),
    (
        'M015',
        '인디아나 존스 6',
        '해리슨 포드의 마지막 인디아나 존스',
        '어드벤처',
        '제임스 맨골드',
        '해리슨 포드, 피비 월러브리지',
        140,
        '2026-06-30',
        '/images/Tiger.png',
        'N'
    ),
    (
        'M016',
        '미션 임파서블 8',
        '톰 크루즈의 액션 시리즈',
        '액션',
        '크리스토퍼 맥쿼리',
        '톰 크루즈, 레베카 퍼거슨',
        155,
        '2026-06-28',
        '/images/Noise.png',
        'N'
    ),
    (
        'M017',
        '쥬라기 월드: 새로운 시대',
        '공룡 시리즈의 새로운 시작',
        '액션',
        '가레스 에드워즈',
        '스카를렛 요한슨, 조나단 베일리',
        135,
        '2026-07-02',
        '/images/F1_TheMovie.png',
        'N'
    ),
    (
        'M018',
        '데드풀 3',
        '마블의 액션 코미디 시리즈',
        '액션',
        '숀 레비',
        '라이언 레이놀즈, 휴 잭맨',
        130,
        '2026-09-06',
        '/images/cloud.jpg',
        'Y'
    ),
    (
        'M019',
        '스타워즈: 새로운 제다이',
        '스타워즈 시리즈의 새로운 챕터',
        'SF',
        '샤민 오바이드-친노이',
        '데이지 리들리, 아담 드라이버',
        145,
        '2026-12-17',
        '/images/Nausicaa.png',
        'N'
    ),
    (
        'M020',
        '트랜스포머: 새로운 시작',
        '트랜스포머 시리즈의 리부트',
        '액션',
        '스티븐 카프리',
        '앤서니 라모스, 도미닉 피셔',
        140,
        '2026-06-27',
        '/images/Fureru.png',
        'N'
    );

-- Schedule 데이터 삽입
-- Schedule 데이터 삽입 (수정됨: moviecd와 screencd 랜덤 배치, S256 추가, SCH013 -> SCR013)
INSERT IGNORE INTO schedule (schedulecd, moviecd, screencd, startdate, starttime, endtime) VALUES
('S001', 'M001', 'SCR001', '2025-07-01', '2025-07-01 10:00:00', '2025-07-01 12:00:00'),
('S002', 'M001', 'SCR002', '2025-07-01', '2025-07-01 13:00:00', '2025-07-01 15:00:00'),
('S003', 'M001', 'SCR003', '2025-07-01', '2025-07-01 16:00:00', '2025-07-01 18:00:00'),
('S004', 'M001', 'SCR004', '2025-07-01', '2025-07-01 19:00:00', '2025-07-01 21:00:00'),
('S005', 'M001', 'SCR005', '2025-07-02', '2025-07-02 10:30:00', '2025-07-02 12:30:00'),
('S006', 'M001', 'SCR006', '2025-07-02', '2025-07-02 13:30:00', '2025-07-02 15:30:00'),
('S007', 'M001', 'SCR007', '2025-07-02', '2025-07-02 16:30:00', '2025-07-02 18:30:00'),
('S008', 'M001', 'SCR008', '2025-07-03', '2025-07-03 09:30:00', '2025-07-03 11:30:00'),
('S009', 'M001', 'SCR009', '2025-07-03', '2025-07-03 12:30:00', '2025-07-03 14:30:00'),
('S010', 'M001', 'SCR010', '2025-07-03', '2025-07-03 15:30:00', '2025-07-03 17:30:00'),
('S011', 'M001', 'SCR011', '2025-07-04', '2025-07-04 10:00:00', '2025-07-04 12:00:00'),
('S012', 'M001', 'SCR012', '2025-07-04', '2025-07-04 13:00:00', '2025-07-04 15:00:00'),
('S013', 'M001', 'SCR013', '2025-07-04', '2025-07-04 16:00:00', '2025-07-04 18:00:00'),
('S014', 'M001', 'SCR014', '2025-07-05', '2025-07-05 11:30:00', '2025-07-05 13:30:00'),
('S015', 'M001', 'SCR015', '2025-07-05', '2025-07-05 14:30:00', '2025-07-05 16:30:00'),
('S016', 'M001', 'SCR001', '2025-07-06', '2025-07-06 09:30:00', '2025-07-06 11:30:00'),
('S017', 'M001', 'SCR002', '2025-07-06', '2025-07-06 12:30:00', '2025-07-06 14:30:00'),
('S018', 'M001', 'SCR003', '2025-07-07', '2025-07-07 15:30:00', '2025-07-07 17:30:00'),
('S019', 'M001', 'SCR004', '2025-07-07', '2025-07-07 10:30:00', '2025-07-07 12:30:00'),
('S020', 'M001', 'SCR005', '2025-07-08', '2025-07-08 13:30:00', '2025-07-08 15:30:00'),
('S021', 'M001', 'SCR006', '2025-07-08', '2025-07-08 16:30:00', '2025-07-08 18:30:00'),
('S022', 'M001', 'SCR007', '2025-07-09', '2025-07-09 11:30:00', '2025-07-09 13:30:00'),
('S023', 'M001', 'SCR008', '2025-07-09', '2025-07-09 14:30:00', '2025-07-09 16:30:00'),
('S024', 'M001', 'SCR009', '2025-07-10', '2025-07-10 09:30:00', '2025-07-10 11:30:00'),
('S025', 'M001', 'SCR010', '2025-07-10', '2025-07-10 12:30:00', '2025-07-10 14:30:00'),
('S026', 'M001', 'SCR011', '2025-07-11', '2025-07-11 15:30:00', '2025-07-11 17:30:00'),
('S027', 'M001', 'SCR012', '2025-07-11', '2025-07-11 10:30:00', '2025-07-11 12:30:00'),
('S028', 'M001', 'SCR013', '2025-07-12', '2025-07-12 13:30:00', '2025-07-12 15:30:00'),
('S029', 'M001', 'SCR014', '2025-07-12', '2025-07-12 16:30:00', '2025-07-12 18:30:00'),
('S030', 'M001', 'SCR015', '2025-07-13', '2025-07-13 11:30:00', '2025-07-13 13:30:00'),
('S031', 'M001', 'SCR001', '2025-07-13', '2025-07-13 14:30:00', '2025-07-13 16:30:00'),
('S032', 'M001', 'SCR002', '2025-07-14', '2025-07-14 09:30:00', '2025-07-14 11:30:00'),
('S033', 'M001', 'SCR003', '2025-07-14', '2025-07-14 12:30:00', '2025-07-14 14:30:00'),
('S034', 'M001', 'SCR004', '2025-07-15', '2025-07-15 15:30:00', '2025-07-15 17:30:00'),
('S035', 'M001', 'SCR005', '2025-07-15', '2025-07-15 10:30:00', '2025-07-15 12:30:00'),
('S036', 'M001', 'SCR006', '2025-07-16', '2025-07-16 13:30:00', '2025-07-16 15:30:00'),
('S037', 'M001', 'SCR007', '2025-07-16', '2025-07-16 16:30:00', '2025-07-16 18:30:00'),
('S038', 'M001', 'SCR008', '2025-07-17', '2025-07-17 11:30:00', '2025-07-17 13:30:00'),
('S039', 'M001', 'SCR009', '2025-07-17', '2025-07-17 14:30:00', '2025-07-17 16:30:00'),
('S040', 'M001', 'SCR010', '2025-07-18', '2025-07-18 09:30:00', '2025-07-18 11:30:00'),
('S041', 'M002', 'SCR011', '2025-07-01', '2025-07-01 09:30:00', '2025-07-01 11:00:00'),
('S042', 'M002', 'SCR012', '2025-07-01', '2025-07-01 12:30:00', '2025-07-01 14:00:00'),
('S043', 'M002', 'SCR013', '2025-07-01', '2025-07-01 15:30:00', '2025-07-01 17:00:00'),
('S044', 'M002', 'SCR014', '2025-07-02', '2025-07-02 10:30:00', '2025-07-02 12:00:00'),
('S045', 'M002', 'SCR015', '2025-07-02', '2025-07-02 13:30:00', '2025-07-02 15:00:00'),
('S046', 'M002', 'SCR001', '2025-07-02', '2025-07-02 16:30:00', '2025-07-02 18:00:00'),
('S047', 'M002', 'SCR002', '2025-07-03', '2025-07-03 11:30:00', '2025-07-03 13:00:00'),
('S048', 'M002', 'SCR003', '2025-07-03', '2025-07-03 14:30:00', '2025-07-03 16:00:00'),
('S049', 'M002', 'SCR004', '2025-07-04', '2025-07-04 09:30:00', '2025-07-04 11:00:00'),
('S050', 'M002', 'SCR005', '2025-07-04', '2025-07-04 12:30:00', '2025-07-04 14:00:00'),
('S051', 'M002', 'SCR006', '2025-07-04', '2025-07-04 15:30:00', '2025-07-04 17:00:00'),
('S052', 'M002', 'SCR007', '2025-07-05', '2025-07-05 10:30:00', '2025-07-05 12:00:00'),
('S053', 'M002', 'SCR008', '2025-07-05', '2025-07-05 13:30:00', '2025-07-05 15:00:00'),
('S054', 'M002', 'SCR009', '2025-07-06', '2025-07-06 16:30:00', '2025-07-06 18:00:00'),
('S055', 'M002', 'SCR010', '2025-07-06', '2025-07-06 11:30:00', '2025-07-06 13:00:00'),
('S056', 'M002', 'SCR011', '2025-07-07', '2025-07-07 14:30:00', '2025-07-07 16:00:00'),
('S057', 'M002', 'SCR012', '2025-07-07', '2025-07-07 09:30:00', '2025-07-07 11:00:00'),
('S058', 'M002', 'SCR013', '2025-07-08', '2025-07-08 12:30:00', '2025-07-08 14:00:00'),
('S059', 'M002', 'SCR014', '2025-07-08', '2025-07-08 15:30:00', '2025-07-08 17:00:00'),
('S060', 'M002', 'SCR015', '2025-07-09', '2025-07-09 10:30:00', '2025-07-09 12:00:00'),
('S061', 'M002', 'SCR001', '2025-07-09', '2025-07-09 13:30:00', '2025-07-09 15:00:00'),
('S062', 'M002', 'SCR002', '2025-07-10', '2025-07-10 16:30:00', '2025-07-10 18:00:00'),
('S063', 'M002', 'SCR003', '2025-07-10', '2025-07-10 11:30:00', '2025-07-10 13:00:00'),
('S064', 'M002', 'SCR004', '2025-07-11', '2025-07-11 14:30:00', '2025-07-11 16:00:00'),
('S065', 'M002', 'SCR005', '2025-07-11', '2025-07-11 09:30:00', '2025-07-11 11:00:00'),
('S066', 'M002', 'SCR006', '2025-07-12', '2025-07-12 12:30:00', '2025-07-12 14:00:00'),
('S067', 'M002', 'SCR007', '2025-07-12', '2025-07-12 15:30:00', '2025-07-12 17:00:00'),
('S068', 'M002', 'SCR008', '2025-07-13', '2025-07-13 10:30:00', '2025-07-13 12:00:00'),
('S069', 'M002', 'SCR009', '2025-07-13', '2025-07-13 13:30:00', '2025-07-13 15:00:00'),
('S070', 'M002', 'SCR010', '2025-07-14', '2025-07-14 16:30:00', '2025-07-14 18:00:00'),
('S071', 'M003', 'SCR011', '2025-07-01', '2025-07-01 10:00:00', '2025-07-01 12:30:00'),
('S072', 'M003', 'SCR012', '2025-07-01', '2025-07-01 13:00:00', '2025-07-01 15:30:00'),
('S073', 'M003', 'SCR013', '2025-07-01', '2025-07-01 16:00:00', '2025-07-01 18:30:00'),
('S074', 'M003', 'SCR014', '2025-07-02', '2025-07-02 11:30:00', '2025-07-02 14:00:00'),
('S075', 'M003', 'SCR015', '2025-07-02', '2025-07-02 14:30:00', '2025-07-02 17:00:00'),
('S076', 'M003', 'SCR001', '2025-07-03', '2025-07-03 09:30:00', '2025-07-03 12:00:00'),
('S077', 'M003', 'SCR002', '2025-07-03', '2025-07-03 12:30:00', '2025-07-03 15:00:00'),
('S078', 'M003', 'SCR003', '2025-07-03', '2025-07-03 15:30:00', '2025-07-03 18:00:00'),
('S079', 'M003', 'SCR004', '2025-07-04', '2025-07-04 10:30:00', '2025-07-04 13:00:00'),
('S080', 'M003', 'SCR005', '2025-07-04', '2025-07-04 13:30:00', '2025-07-04 16:00:00'),
('S081', 'M003', 'SCR006', '2025-07-05', '2025-07-05 16:30:00', '2025-07-05 19:00:00'),
('S082', 'M003', 'SCR007', '2025-07-05', '2025-07-05 11:30:00', '2025-07-05 14:00:00'),
('S083', 'M003', 'SCR008', '2025-07-06', '2025-07-06 14:30:00', '2025-07-06 17:00:00'),
('S084', 'M003', 'SCR009', '2025-07-06', '2025-07-06 09:30:00', '2025-07-06 12:00:00'),
('S085', 'M003', 'SCR010', '2025-07-07', '2025-07-07 12:30:00', '2025-07-07 15:00:00'),
('S086', 'M003', 'SCR011', '2025-07-07', '2025-07-07 15:30:00', '2025-07-07 18:00:00'),
('S087', 'M003', 'SCR012', '2025-07-08', '2025-07-08 10:30:00', '2025-07-08 13:00:00'),
('S088', 'M003', 'SCR013', '2025-07-08', '2025-07-08 13:30:00', '2025-07-08 16:00:00'),
('S089', 'M003', 'SCR014', '2025-07-09', '2025-07-09 16:30:00', '2025-07-09 19:00:00'),
('S090', 'M003', 'SCR015', '2025-07-09', '2025-07-09 11:30:00', '2025-07-09 14:00:00'),
('S091', 'M003', 'SCR001', '2025-07-10', '2025-07-10 14:30:00', '2025-07-10 17:00:00'),
('S092', 'M003', 'SCR002', '2025-07-10', '2025-07-10 09:30:00', '2025-07-10 12:00:00'),
('S093', 'M003', 'SCR003', '2025-07-11', '2025-07-11 12:30:00', '2025-07-11 15:00:00'),
('S094', 'M003', 'SCR004', '2025-07-11', '2025-07-11 15:30:00', '2025-07-11 18:00:00'),
('S095', 'M003', 'SCR005', '2025-07-12', '2025-07-12 10:30:00', '2025-07-12 13:00:00'),
('S096', 'M003', 'SCR006', '2025-07-12', '2025-07-12 13:30:00', '2025-07-12 16:00:00'),
('S097', 'M003', 'SCR007', '2025-07-13', '2025-07-13 16:30:00', '2025-07-13 19:00:00'),
('S098', 'M003', 'SCR008', '2025-07-13', '2025-07-13 11:30:00', '2025-07-13 14:00:00'),
('S099', 'M003', 'SCR009', '2025-07-14', '2025-07-14 14:30:00', '2025-07-14 17:00:00'),
('S100', 'M003', 'SCR010', '2025-07-14', '2025-07-14 09:30:00', '2025-07-14 12:00:00'),
('S101', 'M004', 'SCR011', '2025-07-01', '2025-07-01 10:00:00', '2025-07-01 12:00:00'),
('S102', 'M004', 'SCR012', '2025-07-01', '2025-07-01 13:00:00', '2025-07-01 15:00:00'),
('S103', 'M004', 'SCR013', '2025-07-01', '2025-07-01 16:00:00', '2025-07-01 18:00:00'),
('S104', 'M004', 'SCR014', '2025-07-02', '2025-07-02 11:30:00', '2025-07-02 13:30:00'),
('S105', 'M004', 'SCR015', '2025-07-02', '2025-07-02 14:30:00', '2025-07-02 16:30:00'),
('S106', 'M004', 'SCR001', '2025-07-03', '2025-07-03 09:30:00', '2025-07-03 11:30:00'),
('S107', 'M004', 'SCR002', '2025-07-03', '2025-07-03 12:30:00', '2025-07-03 14:30:00'),
('S108', 'M004', 'SCR003', '2025-07-03', '2025-07-03 15:30:00', '2025-07-03 17:30:00'),
('S109', 'M004', 'SCR004', '2025-07-04', '2025-07-04 10:30:00', '2025-07-04 12:30:00'),
('S110', 'M004', 'SCR005', '2025-07-04', '2025-07-04 13:30:00', '2025-07-04 15:30:00'),
('S111', 'M004', 'SCR006', '2025-07-05', '2025-07-05 16:30:00', '2025-07-05 18:30:00'),
('S112', 'M004', 'SCR007', '2025-07-05', '2025-07-05 11:30:00', '2025-07-05 13:30:00'),
('S113', 'M004', 'SCR008', '2025-07-06', '2025-07-06 14:30:00', '2025-07-06 16:30:00'),
('S114', 'M004', 'SCR009', '2025-07-06', '2025-07-06 09:30:00', '2025-07-06 11:30:00'),
('S115', 'M004', 'SCR010', '2025-07-07', '2025-07-07 12:30:00', '2025-07-07 14:30:00'),
('S116', 'M004', 'SCR011', '2025-07-07', '2025-07-07 15:30:00', '2025-07-07 17:30:00'),
('S117', 'M004', 'SCR012', '2025-07-08', '2025-07-08 10:30:00', '2025-07-08 12:30:00'),
('S118', 'M004', 'SCR013', '2025-07-08', '2025-07-08 13:30:00', '2025-07-08 15:30:00'),
('S119', 'M004', 'SCR014', '2025-07-09', '2025-07-09 16:30:00', '2025-07-09 18:30:00'),
('S120', 'M004', 'SCR015', '2025-07-09', '2025-07-09 11:30:00', '2025-07-09 13:30:00'),
('S121', 'M004', 'SCR001', '2025-07-10', '2025-07-10 14:30:00', '2025-07-10 16:30:00'),
('S122', 'M004', 'SCR002', '2025-07-10', '2025-07-10 09:30:00', '2025-07-10 11:30:00'),
('S123', 'M004', 'SCR003', '2025-07-11', '2025-07-11 12:30:00', '2025-07-11 14:30:00'),
('S124', 'M004', 'SCR004', '2025-07-11', '2025-07-11 15:30:00', '2025-07-11 17:30:00'),
('S125', 'M004', 'SCR005', '2025-07-12', '2025-07-12 10:30:00', '2025-07-12 12:30:00'),
('S126', 'M004', 'SCR006', '2025-07-12', '2025-07-12 13:30:00', '2025-07-12 15:30:00'),
('S127', 'M004', 'SCR007', '2025-07-13', '2025-07-13 16:30:00', '2025-07-13 18:30:00'),
('S128', 'M004', 'SCR008', '2025-07-13', '2025-07-13 11:30:00', '2025-07-13 13:30:00'),
('S129', 'M004', 'SCR009', '2025-07-14', '2025-07-14 14:30:00', '2025-07-14 16:30:00'),
('S130', 'M004', 'SCR010', '2025-07-14', '2025-07-14 09:30:00', '2025-07-14 11:30:00'),
('S131', 'M005', 'SCR011', '2025-07-01', '2025-07-01 09:30:00', '2025-07-01 11:30:00'),
('S132', 'M005', 'SCR012', '2025-07-01', '2025-07-01 12:30:00', '2025-07-01 14:30:00'),
('S133', 'M005', 'SCR013', '2025-07-01', '2025-07-01 15:30:00', '2025-07-01 17:30:00'),
('S134', 'M005', 'SCR014', '2025-07-02', '2025-07-02 10:30:00', '2025-07-02 12:30:00'),
('S135', 'M005', 'SCR015', '2025-07-02', '2025-07-02 13:30:00', '2025-07-02 15:30:00'),
('S136', 'M005', 'SCR001', '2025-07-03', '2025-07-03 16:30:00', '2025-07-03 18:30:00'),
('S137', 'M005', 'SCR002', '2025-07-03', '2025-07-03 11:30:00', '2025-07-03 13:30:00'),
('S138', 'M005', 'SCR003', '2025-07-01', '2025-07-01 09:30:00', '2025-07-01 11:30:00'),
('S139', 'M005', 'SCR004', '2025-07-01', '2025-07-01 12:30:00', '2025-07-01 14:30:00'),
('S140', 'M005', 'SCR005', '2025-07-01', '2025-07-01 15:30:00', '2025-07-01 17:30:00'),
('S141', 'M005', 'SCR006', '2025-07-02', '2025-07-02 10:30:00', '2025-07-02 12:30:00'),
('S142', 'M005', 'SCR007', '2025-07-02', '2025-07-02 13:30:00', '2025-07-02 15:30:00'),
('S143', 'M005', 'SCR008', '2025-07-02', '2025-07-02 16:30:00', '2025-07-02 18:30:00'),
('S144', 'M005', 'SCR009', '2025-07-03', '2025-07-03 11:30:00', '2025-07-03 13:30:00'),
('S145', 'M005', 'SCR010', '2025-07-03', '2025-07-03 14:30:00', '2025-07-03 16:30:00'),
('S146', 'M005', 'SCR011', '2025-07-04', '2025-07-04 09:30:00', '2025-07-04 11:30:00'),
('S147', 'M005', 'SCR012', '2025-07-04', '2025-07-04 12:30:00', '2025-07-04 14:30:00'),
('S148', 'M005', 'SCR013', '2025-07-04', '2025-07-04 15:30:00', '2025-07-04 17:30:00'),
('S149', 'M005', 'SCR014', '2025-07-05', '2025-07-05 10:30:00', '2025-07-05 12:30:00'),
('S150', 'M005', 'SCR015', '2025-07-05', '2025-07-05 13:30:00', '2025-07-05 15:30:00'),
('S151', 'M005', 'SCR001', '2025-07-06', '2025-07-06 16:30:00', '2025-07-06 18:30:00'),
('S152', 'M005', 'SCR002', '2025-07-06', '2025-07-06 11:30:00', '2025-07-06 13:30:00'),
('S153', 'M005', 'SCR003', '2025-07-07', '2025-07-07 14:30:00', '2025-07-07 16:30:00'),
('S154', 'M005', 'SCR004', '2025-07-07', '2025-07-07 09:30:00', '2025-07-07 11:30:00'),
('S155', 'M005', 'SCR005', '2025-07-08', '2025-07-08 12:30:00', '2025-07-08 14:30:00'),
('S156', 'M005', 'SCR006', '2025-07-08', '2025-07-08 15:30:00', '2025-07-08 17:30:00'),
('S157', 'M005', 'SCR007', '2025-07-09', '2025-07-09 10:30:00', '2025-07-09 12:30:00'),
('S158', 'M005', 'SCR008', '2025-07-09', '2025-07-09 13:30:00', '2025-07-09 15:30:00'),
('S159', 'M005', 'SCR009', '2025-07-10', '2025-07-10 16:30:00', '2025-07-10 18:30:00'),
('S160', 'M005', 'SCR010', '2025-07-10', '2025-07-10 11:30:00', '2025-07-10 13:30:00'),
('S161', 'M005', 'SCR011', '2025-07-11', '2025-07-11 14:30:00', '2025-07-11 16:30:00'),
('S162', 'M005', 'SCR012', '2025-07-11', '2025-07-11 09:30:00', '2025-07-11 11:30:00'),
('S163', 'M005', 'SCR013', '2025-07-12', '2025-07-12 12:30:00', '2025-07-12 14:30:00'),
('S164', 'M005', 'SCR014', '2025-07-12', '2025-07-12 15:30:00', '2025-07-12 17:30:00'),
('S165', 'M005', 'SCR015', '2025-07-13', '2025-07-13 10:30:00', '2025-07-13 12:30:00'),
('S166', 'M005', 'SCR001', '2025-07-13', '2025-07-13 13:30:00', '2025-07-13 15:30:00'),
('S167', 'M005', 'SCR002', '2025-07-14', '2025-07-14 16:30:00', '2025-07-14 18:30:00'),
('S168', 'M006', 'SCR003', '2025-07-01', '2025-07-01 10:00:00', '2025-07-01 12:00:00'),
('S169', 'M006', 'SCR004', '2025-07-01', '2025-07-01 13:00:00', '2025-07-01 15:00:00'),
('S170', 'M006', 'SCR005', '2025-07-01', '2025-07-01 16:00:00', '2025-07-01 18:00:00'),
('S171', 'M006', 'SCR006', '2025-07-02', '2025-07-02 11:30:00', '2025-07-02 13:30:00'),
('S172', 'M006', 'SCR007', '2025-07-02', '2025-07-02 14:30:00', '2025-07-02 16:30:00'),
('S173', 'M006', 'SCR008', '2025-07-03', '2025-07-03 09:30:00', '2025-07-03 11:30:00'),
('S174', 'M006', 'SCR009', '2025-07-03', '2025-07-03 12:30:00', '2025-07-03 14:30:00'),
('S175', 'M006', 'SCR010', '2025-07-03', '2025-07-03 15:30:00', '2025-07-03 17:30:00'),
('S176', 'M006', 'SCR011', '2025-07-04', '2025-07-04 10:30:00', '2025-07-04 12:30:00'),
('S177', 'M006', 'SCR012', '2025-07-04', '2025-07-04 13:30:00', '2025-07-04 15:30:00'),
('S178', 'M006', 'SCR013', '2025-07-05', '2025-07-05 16:30:00', '2025-07-05 18:30:00'),
('S179', 'M006', 'SCR014', '2025-07-05', '2025-07-05 11:30:00', '2025-07-05 13:30:00'),
('S180', 'M006', 'SCR015', '2025-07-06', '2025-07-06 14:30:00', '2025-07-06 16:30:00'),
('S181', 'M006', 'SCR001', '2025-07-06', '2025-07-06 09:30:00', '2025-07-06 11:30:00'),
('S182', 'M006', 'SCR002', '2025-07-07', '2025-07-07 12:30:00', '2025-07-07 14:30:00'),
('S183', 'M006', 'SCR003', '2025-07-07', '2025-07-07 15:30:00', '2025-07-07 17:30:00'),
('S184', 'M006', 'SCR004', '2025-07-08', '2025-07-08 10:30:00', '2025-07-08 12:30:00'),
('S185', 'M006', 'SCR005', '2025-07-08', '2025-07-08 13:30:00', '2025-07-08 15:30:00'),
('S186', 'M006', 'SCR006', '2025-07-09', '2025-07-09 16:30:00', '2025-07-09 18:30:00'),
('S187', 'M006', 'SCR007', '2025-07-09', '2025-07-09 11:30:00', '2025-07-09 13:30:00'),
('S188', 'M006', 'SCR008', '2025-07-10', '2025-07-10 14:30:00', '2025-07-10 16:30:00'),
('S189', 'M006', 'SCR009', '2025-07-10', '2025-07-10 09:30:00', '2025-07-10 11:30:00'),
('S190', 'M006', 'SCR010', '2025-07-11', '2025-07-11 12:30:00', '2025-07-11 14:30:00'),
('S191', 'M006', 'SCR011', '2025-07-11', '2025-07-11 15:30:00', '2025-07-11 17:30:00'),
('S192', 'M006', 'SCR012', '2025-07-12', '2025-07-12 10:30:00', '2025-07-12 12:30:00'),
('S193', 'M006', 'SCR013', '2025-07-12', '2025-07-12 13:30:00', '2025-07-12 15:30:00'),
('S194', 'M006', 'SCR014', '2025-07-13', '2025-07-13 16:30:00', '2025-07-13 18:30:00'),
('S195', 'M006', 'SCR015', '2025-07-13', '2025-07-13 11:30:00', '2025-07-13 13:30:00'),
('S196', 'M006', 'SCR001', '2025-07-14', '2025-07-14 14:30:00', '2025-07-14 16:30:00'),
('S197', 'M006', 'SCR002', '2025-07-14', '2025-07-14 09:30:00', '2025-07-14 11:30:00'),
('S198', 'M007', 'SCR003', '2025-07-01', '2025-07-01 09:30:00', '2025-07-01 11:00:00'),
('S199', 'M007', 'SCR004', '2025-07-01', '2025-07-01 12:30:00', '2025-07-01 14:00:00'),
('S200', 'M007', 'SCR005', '2025-07-01', '2025-07-01 15:30:00', '2025-07-01 17:00:00'),
('S201', 'M007', 'SCR006', '2025-07-02', '2025-07-02 10:30:00', '2025-07-02 12:00:00'),
('S202', 'M007', 'SCR007', '2025-07-02', '2025-07-02 13:30:00', '2025-07-02 15:00:00'),
('S203', 'M007', 'SCR008', '2025-07-02', '2025-07-02 16:30:00', '2025-07-02 18:00:00'),
('S204', 'M007', 'SCR009', '2025-07-03', '2025-07-03 11:30:00', '2025-07-03 13:00:00'),
('S205', 'M007', 'SCR010', '2025-07-03', '2025-07-03 14:30:00', '2025-07-03 16:00:00'),
('S206', 'M007', 'SCR011', '2025-07-04', '2025-07-04 09:30:00', '2025-07-04 11:00:00'),
('S207', 'M007', 'SCR012', '2025-07-04', '2025-07-04 12:30:00', '2025-07-04 14:00:00'),
('S208', 'M007', 'SCR013', '2025-07-04', '2025-07-04 15:30:00', '2025-07-04 17:00:00'),
('S209', 'M007', 'SCR014', '2025-07-05', '2025-07-05 10:30:00', '2025-07-05 12:00:00'),
('S210', 'M007', 'SCR015', '2025-07-05', '2025-07-05 13:30:00', '2025-07-05 15:00:00'),
('S211', 'M007', 'SCR001', '2025-07-06', '2025-07-06 16:30:00', '2025-07-06 18:00:00'),
('S212', 'M007', 'SCR002', '2025-07-06', '2025-07-06 11:30:00', '2025-07-06 13:00:00'),
('S213', 'M007', 'SCR003', '2025-07-07', '2025-07-07 14:30:00', '2025-07-07 16:00:00'),
('S214', 'M007', 'SCR004', '2025-07-07', '2025-07-07 09:30:00', '2025-07-07 11:00:00'),
('S215', 'M007', 'SCR005', '2025-07-08', '2025-07-08 12:30:00', '2025-07-08 14:00:00'),
('S216', 'M007', 'SCR006', '2025-07-08', '2025-07-08 15:30:00', '2025-07-08 17:00:00'),
('S217', 'M007', 'SCR007', '2025-07-09', '2025-07-09 10:30:00', '2025-07-09 12:00:00'),
('S218', 'M007', 'SCR008', '2025-07-09', '2025-07-09 13:30:00', '2025-07-09 15:00:00'),
('S219', 'M007', 'SCR009', '2025-07-10', '2025-07-10 16:30:00', '2025-07-10 18:00:00'),
('S220', 'M007', 'SCR010', '2025-07-10', '2025-07-10 11:30:00', '2025-07-10 13:00:00'),
('S221', 'M007', 'SCR011', '2025-07-11', '2025-07-11 14:30:00', '2025-07-11 16:00:00'),
('S222', 'M007', 'SCR012', '2025-07-11', '2025-07-11 09:30:00', '2025-07-11 11:00:00'),
('S223', 'M007', 'SCR013', '2025-07-12', '2025-07-12 12:30:00', '2025-07-12 14:00:00'),
('S224', 'M007', 'SCR014', '2025-07-12', '2025-07-12 15:30:00', '2025-07-12 17:00:00'),
('S225', 'M007', 'SCR015', '2025-07-13', '2025-07-13 10:30:00', '2025-07-13 12:00:00'),
('S226', 'M007', 'SCR001', '2025-07-13', '2025-07-13 13:30:00', '2025-07-13 15:00:00'),
('S227', 'M007', 'SCR002', '2025-07-14', '2025-07-14 16:30:00', '2025-07-14 18:00:00'),
('S228', 'M008', 'SCR003', '2025-07-01', '2025-07-01 10:00:00', '2025-07-01 12:30:00'),
('S229', 'M008', 'SCR004', '2025-07-01', '2025-07-01 13:00:00', '2025-07-01 15:30:00'),
('S230', 'M008', 'SCR005', '2025-07-01', '2025-07-01 16:00:00', '2025-07-01 18:30:00'),
('S231', 'M008', 'SCR006', '2025-07-02', '2025-07-02 11:30:00', '2025-07-02 14:00:00'),
('S232', 'M008', 'SCR007', '2025-07-02', '2025-07-02 14:30:00', '2025-07-02 17:00:00'),
('S233', 'M008', 'SCR008', '2025-07-03', '2025-07-03 09:30:00', '2025-07-03 12:00:00'),
('S234', 'M008', 'SCR009', '2025-07-03', '2025-07-03 12:30:00', '2025-07-03 15:00:00'),
('S235', 'M008', 'SCR010', '2025-07-03', '2025-07-03 15:30:00', '2025-07-03 18:00:00'),
('S236', 'M008', 'SCR011', '2025-07-04', '2025-07-04 10:30:00', '2025-07-04 13:00:00'),
('S237', 'M008', 'SCR012', '2025-07-04', '2025-07-04 13:30:00', '2025-07-04 16:00:00'),
('S238', 'M008', 'SCR013', '2025-07-05', '2025-07-05 16:30:00', '2025-07-05 19:00:00'),
('S239', 'M008', 'SCR014', '2025-07-05', '2025-07-05 11:30:00', '2025-07-05 14:00:00'),
('S240', 'M008', 'SCR015', '2025-07-06', '2025-07-06 14:30:00', '2025-07-06 17:00:00'),
('S241', 'M008', 'SCR001', '2025-07-06', '2025-07-06 09:30:00', '2025-07-06 12:00:00'),
('S242', 'M008', 'SCR002', '2025-07-07', '2025-07-07 12:30:00', '2025-07-07 15:00:00'),
('S243', 'M008', 'SCR003', '2025-07-07', '2025-07-07 15:30:00', '2025-07-07 18:00:00'),
('S244', 'M008', 'SCR004', '2025-07-08', '2025-07-08 10:30:00', '2025-07-08 13:00:00'),
('S245', 'M008', 'SCR005', '2025-07-08', '2025-07-08 13:30:00', '2025-07-08 16:00:00'),
('S246', 'M008', 'SCR006', '2025-07-09', '2025-07-09 16:30:00', '2025-07-09 19:00:00'),
('S247', 'M008', 'SCR007', '2025-07-09', '2025-07-09 11:30:00', '2025-07-09 14:00:00'),
('S248', 'M008', 'SCR008', '2025-07-10', '2025-07-10 14:30:00', '2025-07-10 17:00:00'),
('S249', 'M008', 'SCR009', '2025-07-10', '2025-07-10 09:30:00', '2025-07-10 12:00:00'),
('S250', 'M008', 'SCR010', '2025-07-11', '2025-07-11 12:30:00', '2025-07-11 15:00:00'),
('S251', 'M008', 'SCR011', '2025-07-11', '2025-07-11 15:30:00', '2025-07-11 18:00:00'),
('S252', 'M008', 'SCR012', '2025-07-12', '2025-07-12 10:30:00', '2025-07-12 13:00:00'),
('S253', 'M008', 'SCR013', '2025-07-12', '2025-07-12 13:30:00', '2025-07-12 16:00:00'),
('S254', 'M008', 'SCR014', '2025-07-13', '2025-07-13 16:30:00', '2025-07-13 19:00:00'),
('S255', 'M008', 'SCR015', '2025-07-13', '2025-07-13 11:30:00', '2025-07-13 14:00:00'),
('S256', 'M008', 'SCR001', '2025-07-14', '2025-07-14 14:30:00', '2025-07-14 17:00:00'),
('S257', 'M008', 'SCR002', '2025-07-14', '2025-07-14 09:30:00', '2025-07-14 12:00:00'),
('S258', 'M009', 'SCR003', '2025-07-01', '2025-07-01 10:00:00', '2025-07-01 12:00:00'),
('S259', 'M009', 'SCR004', '2025-07-01', '2025-07-01 13:00:00', '2025-07-01 15:00:00'),
('S260', 'M009', 'SCR005', '2025-07-01', '2025-07-01 16:00:00', '2025-07-01 18:00:00'),
('S261', 'M009', 'SCR006', '2025-07-02', '2025-07-02 11:30:00', '2025-07-02 13:30:00'),
('S262', 'M009', 'SCR007', '2025-07-02', '2025-07-02 14:30:00', '2025-07-02 16:30:00'),
('S263', 'M009', 'SCR008', '2025-07-03', '2025-07-03 09:30:00', '2025-07-03 11:30:00'),
('S264', 'M009', 'SCR009', '2025-07-03', '2025-07-03 12:30:00', '2025-07-03 14:30:00'),
('S265', 'M009', 'SCR010', '2025-07-03', '2025-07-03 15:30:00', '2025-07-03 17:30:00'),
('S266', 'M009', 'SCR011', '2025-07-04', '2025-07-04 10:30:00', '2025-07-04 12:30:00'),
('S267', 'M009', 'SCR012', '2025-07-04', '2025-07-04 13:30:00', '2025-07-04 15:30:00'),
('S268', 'M009', 'SCR013', '2025-07-05', '2025-07-05 16:30:00', '2025-07-05 19:00:00'),
('S269', 'M009', 'SCR014', '2025-07-05', '2025-07-05 16:30:00', '2025-07-05 18:30:00'),
('S270', 'M009', 'SCR015', '2025-07-06', '2025-07-06 11:30:00', '2025-07-06 13:30:00'),
('S271', 'M009', 'SCR001', '2025-07-06', '2025-07-06 14:30:00', '2025-07-06 16:30:00'),
('S272', 'M009', 'SCR002', '2025-07-07', '2025-07-07 09:30:00', '2025-07-07 11:30:00'),
('S273', 'M009', 'SCR003', '2025-07-07', '2025-07-07 12:30:00', '2025-07-07 14:30:00'),
('S274', 'M009', 'SCR004', '2025-07-08', '2025-07-08 15:30:00', '2025-07-08 17:30:00'),
('S275', 'M009', 'SCR005', '2025-07-08', '2025-07-08 10:30:00', '2025-07-08 12:30:00'),
('S276', 'M009', 'SCR006', '2025-07-09', '2025-07-09 13:30:00', '2025-07-09 15:30:00'),
('S277', 'M009', 'SCR007', '2025-07-09', '2025-07-09 16:30:00', '2025-07-09 18:30:00'),
('S278', 'M009', 'SCR008', '2025-07-10', '2025-07-10 11:30:00', '2025-07-10 13:30:00'),
('S279', 'M009', 'SCR009', '2025-07-10', '2025-07-10 14:30:00', '2025-07-10 16:30:00'),
('S280', 'M009', 'SCR010', '2025-07-11', '2025-07-11 09:30:00', '2025-07-11 11:30:00'),
('S281', 'M009', 'SCR011', '2025-07-11', '2025-07-11 12:30:00', '2025-07-11 14:30:00'),
('S282', 'M009', 'SCR012', '2025-07-12', '2025-07-12 15:30:00', '2025-07-12 17:30:00'),
('S283', 'M009', 'SCR013', '2025-07-12', '2025-07-12 10:30:00', '2025-07-12 12:30:00'),
('S284', 'M009', 'SCR014', '2025-07-13', '2025-07-13 13:30:00', '2025-07-13 15:30:00'),
('S285', 'M009', 'SCR015', '2025-07-13', '2025-07-13 16:30:00', '2025-07-13 18:30:00'),
('S286', 'M009', 'SCR001', '2025-07-14', '2025-07-14 11:30:00', '2025-07-14 13:30:00'),
('S287', 'M009', 'SCR002', '2025-07-14', '2025-07-14 14:30:00', '2025-07-14 16:30:00'),
('S288', 'M010', 'SCR003', '2025-07-01', '2025-07-01 09:30:00', '2025-07-01 11:30:00'),
('S289', 'M010', 'SCR004', '2025-07-01', '2025-07-01 12:30:00', '2025-07-01 14:30:00'),
('S290', 'M010', 'SCR005', '2025-07-01', '2025-07-01 15:30:00', '2025-07-01 17:30:00'),
('S291', 'M010', 'SCR006', '2025-07-02', '2025-07-02 10:30:00', '2025-07-02 12:30:00'),
('S292', 'M010', 'SCR007', '2025-07-02', '2025-07-02 13:30:00', '2025-07-02 15:30:00'),
('S293', 'M010', 'SCR008', '2025-07-02', '2025-07-02 16:30:00', '2025-07-02 18:30:00'),
('S294', 'M010', 'SCR009', '2025-07-03', '2025-07-03 11:30:00', '2025-07-03 13:30:00'),
('S295', 'M010', 'SCR010', '2025-07-03', '2025-07-03 14:30:00', '2025-07-03 16:30:00'),
('S296', 'M010', 'SCR011', '2025-07-04', '2025-07-04 09:30:00', '2025-07-04 11:30:00'),
('S297', 'M010', 'SCR012', '2025-07-04', '2025-07-04 12:30:00', '2025-07-04 14:30:00'),
('S298', 'M010', 'SCR013', '2025-07-04', '2025-07-04 15:30:00', '2025-07-04 17:30:00'),
('S299', 'M010', 'SCR014', '2025-07-05', '2025-07-05 10:30:00', '2025-07-05 12:30:00'),
('S300', 'M010', 'SCR015', '2025-07-05', '2025-07-05 13:30:00', '2025-07-05 15:30:00'),
('S301', 'M010', 'SCR001', '2025-07-06', '2025-07-06 16:30:00', '2025-07-06 18:30:00'),
('S302', 'M010', 'SCR002', '2025-07-06', '2025-07-06 11:30:00', '2025-07-06 13:30:00'),
('S303', 'M010', 'SCR003', '2025-07-07', '2025-07-07 14:30:00', '2025-07-07 16:30:00'),
('S304', 'M010', 'SCR004', '2025-07-07', '2025-07-07 09:30:00', '2025-07-07 11:30:00'),
('S305', 'M010', 'SCR005', '2025-07-08', '2025-07-08 12:30:00', '2025-07-08 14:30:00'),
('S306', 'M010', 'SCR006', '2025-07-08', '2025-07-08 15:30:00', '2025-07-08 17:30:00'),
('S307', 'M010', 'SCR007', '2025-07-09', '2025-07-09 10:30:00', '2025-07-09 12:30:00'),
('S308', 'M010', 'SCR008', '2025-07-09', '2025-07-09 13:30:00', '2025-07-09 15:30:00'),
('S309', 'M010', 'SCR009', '2025-07-10', '2025-07-10 16:30:00', '2025-07-10 18:30:00'),
('S310', 'M010', 'SCR010', '2025-07-01', '2025-07-01 09:30:00', '2025-07-01 11:30:00'),
('S311', 'M010', 'SCR011', '2025-07-01', '2025-07-01 12:30:00', '2025-07-01 14:30:00'),
('S312', 'M010', 'SCR012', '2025-07-01', '2025-07-01 15:30:00', '2025-07-01 17:30:00'),
('S313', 'M010', 'SCR013', '2025-07-02', '2025-07-02 10:30:00', '2025-07-02 12:30:00'),
('S314', 'M010', 'SCR014', '2025-07-02', '2025-07-02 13:30:00', '2025-07-02 15:30:00'),
('S315', 'M010', 'SCR015', '2025-07-02', '2025-07-02 16:30:00', '2025-07-02 18:30:00'),
('S316', 'M010', 'SCR001', '2025-07-03', '2025-07-03 11:30:00', '2025-07-03 13:30:00'),
('S317', 'M010', 'SCR002', '2025-07-03', '2025-07-03 14:30:00', '2025-07-03 16:30:00'),
('S318', 'M010', 'SCR003', '2025-07-04', '2025-07-04 09:30:00', '2025-07-04 11:30:00'),
('S319', 'M010', 'SCR004', '2025-07-04', '2025-07-04 12:30:00', '2025-07-04 14:30:00'),
('S320', 'M010', 'SCR005', '2025-07-04', '2025-07-04 15:30:00', '2025-07-04 17:30:00'),
('S321', 'M010', 'SCR006', '2025-07-05', '2025-07-05 10:30:00', '2025-07-05 12:30:00'),
('S322', 'M010', 'SCR007', '2025-07-05', '2025-07-05 13:30:00', '2025-07-05 15:30:00'),
('S323', 'M010', 'SCR008', '2025-07-06', '2025-07-06 16:30:00', '2025-07-06 18:30:00'),
('S324', 'M010', 'SCR009', '2025-07-06', '2025-07-06 11:30:00', '2025-07-06 13:30:00'),
('S325', 'M010', 'SCR010', '2025-07-07', '2025-07-07 14:30:00', '2025-07-07 16:30:00'),
('S326', 'M010', 'SCR011', '2025-07-07', '2025-07-07 09:30:00', '2025-07-07 11:30:00'),
('S327', 'M010', 'SCR012', '2025-07-08', '2025-07-08 12:30:00', '2025-07-08 14:30:00'),
('S328', 'M010', 'SCR013', '2025-07-08', '2025-07-08 15:30:00', '2025-07-08 17:30:00'),
('S329', 'M010', 'SCR014', '2025-07-09', '2025-07-09 10:30:00', '2025-07-09 12:30:00'),
('S330', 'M010', 'SCR015', '2025-07-09', '2025-07-09 13:30:00', '2025-07-09 15:30:00'),
('S331', 'M010', 'SCR001', '2025-07-10', '2025-07-10 16:30:00', '2025-07-10 18:30:00'),
('S332', 'M010', 'SCR002', '2025-07-10', '2025-07-10 11:30:00', '2025-07-10 13:30:00'),
('S333', 'M010', 'SCR003', '2025-07-11', '2025-07-11 14:30:00', '2025-07-11 16:30:00'),
('S334', 'M010', 'SCR004', '2025-07-11', '2025-07-11 09:30:00', '2025-07-11 11:30:00'),
('S335', 'M010', 'SCR005', '2025-07-12', '2025-07-12 12:30:00', '2025-07-12 14:30:00'),
('S336', 'M010', 'SCR006', '2025-07-12', '2025-07-12 15:30:00', '2025-07-12 17:30:00'),
('S337', 'M010', 'SCR007', '2025-07-13', '2025-07-13 10:30:00', '2025-07-13 12:30:00'),
('S338', 'M010', 'SCR008', '2025-07-13', '2025-07-13 13:30:00', '2025-07-13 15:30:00'),
('S339', 'M010', 'SCR009', '2025-07-14', '2025-07-14 16:30:00', '2025-07-14 18:30:00'),
('S340', 'M011', 'SCR010', '2025-07-01', '2025-07-01 10:00:00', '2025-07-01 12:00:00'),
('S341', 'M011', 'SCR011', '2025-07-01', '2025-07-01 13:00:00', '2025-07-01 15:00:00'),
('S342', 'M011', 'SCR012', '2025-07-01', '2025-07-01 16:00:00', '2025-07-01 18:00:00'),
('S343', 'M011', 'SCR013', '2025-07-02', '2025-07-02 11:30:00', '2025-07-02 13:30:00'),
('S344', 'M011', 'SCR014', '2025-07-02', '2025-07-02 14:30:00', '2025-07-02 16:30:00'),
('S345', 'M011', 'SCR015', '2025-07-03', '2025-07-03 09:30:00', '2025-07-03 11:30:00'),
('S346', 'M011', 'SCR001', '2025-07-03', '2025-07-03 12:30:00', '2025-07-03 14:30:00'),
('S347', 'M011', 'SCR002', '2025-07-03', '2025-07-03 15:30:00', '2025-07-03 17:30:00'),
('S348', 'M011', 'SCR003', '2025-07-04', '2025-07-04 10:30:00', '2025-07-04 12:30:00'),
('S349', 'M011', 'SCR004', '2025-07-04', '2025-07-04 13:30:00', '2025-07-04 15:30:00'),
('S350', 'M011', 'SCR005', '2025-07-05', '2025-07-05 16:30:00', '2025-07-05 18:30:00'),
('S351', 'M011', 'SCR006', '2025-07-05', '2025-07-05 11:30:00', '2025-07-05 13:30:00'),
('S352', 'M011', 'SCR007', '2025-07-06', '2025-07-06 14:30:00', '2025-07-06 16:30:00'),
('S353', 'M011', 'SCR008', '2025-07-06', '2025-07-06 09:30:00', '2025-07-06 11:30:00'),
('S354', 'M011', 'SCR009', '2025-07-07', '2025-07-07 12:30:00', '2025-07-07 14:30:00'),
('S355', 'M011', 'SCR010', '2025-07-07', '2025-07-07 15:30:00', '2025-07-07 17:30:00'),
('S356', 'M011', 'SCR011', '2025-07-08', '2025-07-08 10:30:00', '2025-07-08 12:30:00'),
('S357', 'M011', 'SCR012', '2025-07-08', '2025-07-08 13:30:00', '2025-07-08 15:30:00'),
('S358', 'M011', 'SCR013', '2025-07-09', '2025-07-09 16:30:00', '2025-07-09 18:30:00'),
('S359', 'M011', 'SCR014', '2025-07-09', '2025-07-09 11:30:00', '2025-07-09 13:30:00'),
('S360', 'M011', 'SCR015', '2025-07-10', '2025-07-10 14:30:00', '2025-07-10 16:30:00'),
('S361', 'M011', 'SCR001', '2025-07-10', '2025-07-10 09:30:00', '2025-07-10 11:30:00'),
('S362', 'M011', 'SCR002', '2025-07-11', '2025-07-11 12:30:00', '2025-07-11 14:30:00'),
('S363', 'M011', 'SCR003', '2025-07-11', '2025-07-11 15:30:00', '2025-07-11 17:30:00'),
('S364', 'M011', 'SCR004', '2025-07-12', '2025-07-12 10:30:00', '2025-07-12 12:30:00'),
('S365', 'M011', 'SCR005', '2025-07-12', '2025-07-12 13:30:00', '2025-07-12 15:30:00'),
('S366', 'M011', 'SCR006', '2025-07-13', '2025-07-13 16:30:00', '2025-07-13 18:30:00'),
('S367', 'M011', 'SCR007', '2025-07-13', '2025-07-13 11:30:00', '2025-07-13 13:30:00'),
('S368', 'M011', 'SCR008', '2025-07-14', '2025-07-14 14:30:00', '2025-07-14 16:30:00'),
('S369', 'M011', 'SCR009', '2025-07-14', '2025-07-14 09:30:00', '2025-07-14 11:30:00'),
('S370', 'M012', 'SCR010', '2025-07-01', '2025-07-01 09:30:00', '2025-07-01 11:00:00'),
('S371', 'M012', 'SCR011', '2025-07-01', '2025-07-01 12:30:00', '2025-07-01 14:00:00'),
('S372', 'M012', 'SCR012', '2025-07-01', '2025-07-01 15:30:00', '2025-07-01 17:00:00'),
('S373', 'M012', 'SCR013', '2025-07-02', '2025-07-02 10:30:00', '2025-07-02 12:00:00'),
('S374', 'M012', 'SCR014', '2025-07-02', '2025-07-02 13:30:00', '2025-07-02 15:00:00'),
('S375', 'M012', 'SCR015', '2025-07-03', '2025-07-03 16:30:00', '2025-07-03 18:00:00'),
('S376', 'M012', 'SCR001', '2025-07-03', '2025-07-03 11:30:00', '2025-07-03 13:00:00'),
('S377', 'M012', 'SCR002', '2025-07-03', '2025-07-03 14:30:00', '2025-07-03 16:00:00'),
('S378', 'M012', 'SCR003', '2025-07-04', '2025-07-04 09:30:00', '2025-07-04 11:00:00'),
('S379', 'M012', 'SCR004', '2025-07-04', '2025-07-04 12:30:00', '2025-07-04 14:00:00'),
('S380', 'M012', 'SCR005', '2025-07-05', '2025-07-05 15:30:00', '2025-07-05 17:00:00'),
('S381', 'M012', 'SCR006', '2025-07-05', '2025-07-05 10:30:00', '2025-07-05 12:00:00'),
('S382', 'M012', 'SCR007', '2025-07-06', '2025-07-06 13:30:00', '2025-07-06 15:00:00'),
('S383', 'M012', 'SCR008', '2025-07-06', '2025-07-06 16:30:00', '2025-07-06 18:00:00'),
('S384', 'M012', 'SCR009', '2025-07-07', '2025-07-07 11:30:00', '2025-07-07 13:00:00'),
('S385', 'M012', 'SCR010', '2025-07-07', '2025-07-07 14:30:00', '2025-07-07 16:00:00'),
('S386', 'M012', 'SCR011', '2025-07-08', '2025-07-08 09:30:00', '2025-07-08 11:00:00'),
('S387', 'M012', 'SCR012', '2025-07-08', '2025-07-08 12:30:00', '2025-07-08 14:00:00'),
('S388', 'M012', 'SCR013', '2025-07-09', '2025-07-09 15:30:00', '2025-07-09 17:00:00'),
('S389', 'M012', 'SCR014', '2025-07-09', '2025-07-09 10:30:00', '2025-07-09 12:00:00'),
('S390', 'M012', 'SCR015', '2025-07-10', '2025-07-10 13:30:00', '2025-07-10 15:00:00'),
('S391', 'M012', 'SCR001', '2025-07-10', '2025-07-10 16:30:00', '2025-07-10 18:00:00'),
('S392', 'M012', 'SCR002', '2025-07-11', '2025-07-11 11:30:00', '2025-07-11 13:00:00'),
('S393', 'M012', 'SCR003', '2025-07-11', '2025-07-11 14:30:00', '2025-07-11 16:00:00'),
('S394', 'M012', 'SCR004', '2025-07-12', '2025-07-12 09:30:00', '2025-07-12 11:00:00'),
('S395', 'M012', 'SCR005', '2025-07-12', '2025-07-12 12:30:00', '2025-07-12 14:00:00'),
('S396', 'M012', 'SCR006', '2025-07-13', '2025-07-13 15:30:00', '2025-07-13 17:00:00'),
('S397', 'M012', 'SCR007', '2025-07-13', '2025-07-13 10:30:00', '2025-07-13 12:00:00'),
('S398', 'M012', 'SCR008', '2025-07-14', '2025-07-14 13:30:00', '2025-07-14 15:00:00'),
('S399', 'M012', 'SCR009', '2025-07-14', '2025-07-14 16:30:00', '2025-07-14 18:00:00'),
('S400', 'M013', 'SCR010', '2025-07-01', '2025-07-01 10:00:00', '2025-07-01 12:30:00'),
('S401', 'M013', 'SCR011', '2025-07-01', '2025-07-01 13:00:00', '2025-07-01 15:30:00'),
('S402', 'M013', 'SCR012', '2025-07-01', '2025-07-01 16:00:00', '2025-07-01 18:30:00'),
('S403', 'M013', 'SCR013', '2025-07-02', '2025-07-02 11:30:00', '2025-07-02 14:00:00'),
('S404', 'M013', 'SCR014', '2025-07-02', '2025-07-02 14:30:00', '2025-07-02 17:00:00'),
('S405', 'M013', 'SCR015', '2025-07-03', '2025-07-03 09:30:00', '2025-07-03 12:00:00'),
('S406', 'M013', 'SCR001', '2025-07-03', '2025-07-03 12:30:00', '2025-07-03 15:00:00'),
('S407', 'M013', 'SCR002', '2025-07-03', '2025-07-03 15:30:00', '2025-07-03 18:00:00'),
('S408', 'M013', 'SCR003', '2025-07-04', '2025-07-04 10:30:00', '2025-07-04 13:00:00'),
('S409', 'M013', 'SCR004', '2025-07-04', '2025-07-04 13:30:00', '2025-07-04 16:00:00'),
('S410', 'M013', 'SCR005', '2025-07-05', '2025-07-05 16:30:00', '2025-07-05 19:00:00'),
('S411', 'M013', 'SCR006', '2025-07-05', '2025-07-05 11:30:00', '2025-07-05 14:00:00'),
('S412', 'M013', 'SCR007', '2025-07-06', '2025-07-06 14:30:00', '2025-07-06 17:00:00'),
('S413', 'M013', 'SCR008', '2025-07-06', '2025-07-06 09:30:00', '2025-07-06 12:00:00'),
('S414', 'M013', 'SCR009', '2025-07-07', '2025-07-07 12:30:00', '2025-07-07 15:00:00'),
('S415', 'M013', 'SCR010', '2025-07-07', '2025-07-07 15:30:00', '2025-07-07 18:00:00'),
('S416', 'M013', 'SCR011', '2025-07-08', '2025-07-08 10:30:00', '2025-07-08 13:00:00'),
('S417', 'M013', 'SCR012', '2025-07-08', '2025-07-08 13:30:00', '2025-07-08 16:00:00'),
('S418', 'M013', 'SCR013', '2025-07-09', '2025-07-09 16:30:00', '2025-07-09 19:00:00'),
('S419', 'M013', 'SCR014', '2025-07-09', '2025-07-09 11:30:00', '2025-07-09 14:00:00'),
('S420', 'M013', 'SCR015', '2025-07-10', '2025-07-10 14:30:00', '2025-07-10 17:00:00'),
('S422', 'M013', 'SCR002', '2025-07-11', '2025-07-11 12:30:00', '2025-07-11 15:00:00'),
('S423', 'M013', 'SCR003', '2025-07-11', '2025-07-11 15:30:00', '2025-07-11 18:00:00'),
('S424', 'M013', 'SCR004', '2025-07-12', '2025-07-12 10:30:00', '2025-07-12 13:00:00'),
('S425', 'M013', 'SCR005', '2025-07-12', '2025-07-12 13:30:00', '2025-07-12 16:00:00'),
('S426', 'M013', 'SCR006', '2025-07-13', '2025-07-13 16:30:00', '2025-07-13 19:00:00'),
('S427', 'M013', 'SCR007', '2025-07-13', '2025-07-13 11:30:00', '2025-07-13 14:00:00'),
('S428', 'M013', 'SCR008', '2025-07-14', '2025-07-14 14:30:00', '2025-07-14 17:00:00'),
('S429', 'M013', 'SCR009', '2025-07-14', '2025-07-14 09:30:00', '2025-07-14 12:00:00'),
('S430', 'M014', 'SCR010', '2025-07-01', '2025-07-01 10:00:00', '2025-07-01 12:00:00'),
('S431', 'M014', 'SCR011', '2025-07-01', '2025-07-01 13:00:00', '2025-07-01 15:00:00'),
('S432', 'M014', 'SCR012', '2025-07-01', '2025-07-01 16:00:00', '2025-07-01 18:00:00'),
('S433', 'M014', 'SCR013', '2025-07-02', '2025-07-02 11:30:00', '2025-07-02 13:30:00'),
('S434', 'M014', 'SCR014', '2025-07-02', '2025-07-02 14:30:00', '2025-07-02 16:30:00'),
('S435', 'M014', 'SCR015', '2025-07-03', '2025-07-03 09:30:00', '2025-07-03 11:30:00'),
('S436', 'M014', 'SCR001', '2025-07-03', '2025-07-03 12:30:00', '2025-07-03 14:30:00'),
('S437', 'M014', 'SCR002', '2025-07-03', '2025-07-03 15:30:00', '2025-07-03 17:30:00'),
('S438', 'M014', 'SCR003', '2025-07-04', '2025-07-04 10:30:00', '2025-07-04 12:30:00'),
('S439', 'M014', 'SCR004', '2025-07-04', '2025-07-04 13:30:00', '2025-07-04 15:30:00'),
('S440', 'M014', 'SCR005', '2025-07-05', '2025-07-05 16:30:00', '2025-07-05 18:30:00'),
('S441', 'M014', 'SCR006', '2025-07-05', '2025-07-05 11:30:00', '2025-07-05 13:30:00'),
('S442', 'M014', 'SCR007', '2025-07-06', '2025-07-06 14:30:00', '2025-07-06 16:30:00'),
('S443', 'M014', 'SCR008', '2025-07-06', '2025-07-06 09:30:00', '2025-07-06 11:30:00'),
('S444', 'M014', 'SCR009', '2025-07-07', '2025-07-07 12:30:00', '2025-07-07 14:30:00'),
('S445', 'M014', 'SCR010', '2025-07-07', '2025-07-07 15:30:00', '2025-07-07 17:30:00'),
('S446', 'M014', 'SCR011', '2025-07-08', '2025-07-08 10:30:00', '2025-07-08 12:30:00'),
('S447', 'M014', 'SCR012', '2025-07-08', '2025-07-08 13:30:00', '2025-07-08 15:30:00'),
('S448', 'M014', 'SCR013', '2025-07-09', '2025-07-09 16:30:00', '2025-07-09 18:30:00'),
('S449', 'M014', 'SCR014', '2025-07-09', '2025-07-09 11:30:00', '2025-07-09 13:30:00'),
('S450', 'M014', 'SCR015', '2025-07-10', '2025-07-10 14:30:00', '2025-07-10 16:30:00'),
('S452', 'M014', 'SCR002', '2025-07-11', '2025-07-11 12:30:00', '2025-07-11 14:30:00'),
('S453', 'M014', 'SCR003', '2025-07-11', '2025-07-11 15:30:00', '2025-07-11 17:30:00'),
('S454', 'M014', 'SCR004', '2025-07-12', '2025-07-12 10:30:00', '2025-07-12 12:30:00'),
('S455', 'M014', 'SCR005', '2025-07-12', '2025-07-12 13:30:00', '2025-07-12 15:30:00'),
('S456', 'M014', 'SCR006', '2025-07-13', '2025-07-13 16:30:00', '2025-07-13 18:30:00'),
('S457', 'M014', 'SCR007', '2025-07-13', '2025-07-13 11:30:00', '2025-07-13 13:30:00'),
('S458', 'M014', 'SCR008', '2025-07-14', '2025-07-14 14:30:00', '2025-07-14 16:30:00'),
('S459', 'M014', 'SCR009', '2025-07-14', '2025-07-14 09:30:00', '2025-07-14 11:30:00'),
('S460', 'M015', 'SCR010', '2025-07-01', '2025-07-01 09:30:00', '2025-07-01 11:30:00'),
('S461', 'M015', 'SCR011', '2025-07-01', '2025-07-01 12:30:00', '2025-07-01 14:30:00'),
('S462', 'M015', 'SCR012', '2025-07-01', '2025-07-01 15:30:00', '2025-07-01 17:30:00'),
('S463', 'M015', 'SCR013', '2025-07-02', '2025-07-02 10:30:00', '2025-07-02 12:30:00'),
('S464', 'M015', 'SCR014', '2025-07-02', '2025-07-02 13:30:00', '2025-07-02 15:30:00'),
('S465', 'M015', 'SCR015', '2025-07-03', '2025-07-03 16:30:00', '2025-07-03 18:30:00'),
('S466', 'M015', 'SCR001', '2025-07-03', '2025-07-03 11:30:00', '2025-07-03 13:30:00'),
('S467', 'M015', 'SCR002', '2025-07-03', '2025-07-03 14:30:00', '2025-07-03 16:30:00'),
('S468', 'M015', 'SCR003', '2025-07-04', '2025-07-04 09:30:00', '2025-07-04 11:30:00'),
('S469', 'M015', 'SCR004', '2025-07-04', '2025-07-04 12:30:00', '2025-07-04 14:30:00'),
('S470', 'M015', 'SCR005', '2025-07-05', '2025-07-05 15:30:00', '2025-07-05 17:30:00'),
('S471', 'M015', 'SCR006', '2025-07-05', '2025-07-05 10:30:00', '2025-07-05 12:30:00'),
('S472', 'M015', 'SCR007', '2025-07-06', '2025-07-06 13:30:00', '2025-07-06 15:30:00'),
('S473', 'M015', 'SCR008', '2025-07-06', '2025-07-06 16:30:00', '2025-07-06 18:30:00'),
('S474', 'M015', 'SCR009', '2025-07-07', '2025-07-07 11:30:00', '2025-07-07 13:30:00'),
('S475', 'M015', 'SCR010', '2025-07-07', '2025-07-07 14:30:00', '2025-07-07 16:30:00'),
('S476', 'M015', 'SCR011', '2025-07-08', '2025-07-08 09:30:00', '2025-07-08 11:30:00'),
('S477', 'M015', 'SCR012', '2025-07-08', '2025-07-08 12:30:00', '2025-07-08 14:30:00'),
('S478', 'M015', 'SCR013', '2025-07-09', '2025-07-09 15:30:00', '2025-07-09 17:30:00'),
('S479', 'M015', 'SCR014', '2025-07-09', '2025-07-09 10:30:00', '2025-07-09 12:30:00'),
('S480', 'M015', 'SCR015', '2025-07-10', '2025-07-10 13:30:00', '2025-07-10 15:30:00'),
('S481', 'M015', 'SCR001', '2025-07-10', '2025-07-10 16:30:00', '2025-07-10 18:30:00'),
('S482', 'M015', 'SCR002', '2025-07-11', '2025-07-11 11:30:00', '2025-07-11 13:30:00'),
('S483', 'M015', 'SCR003', '2025-07-11', '2025-07-11 14:30:00', '2025-07-11 16:30:00'),
('S484', 'M015', 'SCR004', '2025-07-12', '2025-07-12 09:30:00', '2025-07-12 11:30:00'),
('S485', 'M015', 'SCR005', '2025-07-12', '2025-07-12 12:30:00', '2025-07-12 14:30:00'),
('S486', 'M015', 'SCR006', '2025-07-13', '2025-07-13 15:30:00', '2025-07-13 17:30:00'),
('S487', 'M015', 'SCR007', '2025-07-13', '2025-07-13 10:30:00', '2025-07-13 12:30:00'),
('S488', 'M015', 'SCR008', '2025-07-14', '2025-07-14 13:30:00', '2025-07-14 15:30:00'),
('S489', 'M015', 'SCR009', '2025-07-14', '2025-07-14 16:30:00', '2025-07-14 18:30:00'),
('S490', 'M016', 'SCR010', '2025-07-01', '2025-07-01 10:00:00', '2025-07-01 12:00:00'),
('S491', 'M016', 'SCR011', '2025-07-01', '2025-07-01 13:00:00', '2025-07-01 15:00:00'),
('S492', 'M016', 'SCR012', '2025-07-01', '2025-07-01 16:00:00', '2025-07-01 18:00:00'),
('S493', 'M016', 'SCR013', '2025-07-02', '2025-07-02 11:30:00', '2025-07-02 13:30:00'),
('S494', 'M016', 'SCR014', '2025-07-02', '2025-07-02 14:30:00', '2025-07-02 16:30:00'),
('S495', 'M016', 'SCR015', '2025-07-03', '2025-07-03 09:30:00', '2025-07-03 11:30:00'),
('S496', 'M016', 'SCR001', '2025-07-03', '2025-07-03 12:30:00', '2025-07-03 14:30:00'),
('S497', 'M016', 'SCR002', '2025-07-03', '2025-07-03 15:30:00', '2025-07-03 17:30:00'),
('S498', 'M016', 'SCR003', '2025-07-04', '2025-07-04 10:30:00', '2025-07-04 12:30:00'),
('S499', 'M016', 'SCR004', '2025-07-04', '2025-07-04 13:30:00', '2025-07-04 15:30:00'),
('S500', 'M016', 'SCR005', '2025-07-05', '2025-07-05 16:30:00', '2025-07-05 18:30:00'),
('S501', 'M016', 'SCR006', '2025-07-05', '2025-07-05 11:30:00', '2025-07-05 13:30:00'),
('S502', 'M016', 'SCR007', '2025-07-06', '2025-07-06 14:30:00', '2025-07-06 16:30:00'),
('S503', 'M016', 'SCR008', '2025-07-06', '2025-07-06 09:30:00', '2025-07-06 11:30:00'),
('S504', 'M016', 'SCR009', '2025-07-07', '2025-07-07 12:30:00', '2025-07-07 14:30:00'),
('S505', 'M016', 'SCR010', '2025-07-07', '2025-07-07 15:30:00', '2025-07-07 17:30:00'),
('S506', 'M016', 'SCR011', '2025-07-08', '2025-07-08 10:30:00', '2025-07-08 12:30:00'),
('S507', 'M016', 'SCR012', '2025-07-08', '2025-07-08 13:30:00', '2025-07-08 15:30:00'),
('S508', 'M016', 'SCR013', '2025-07-09', '2025-07-09 16:30:00', '2025-07-09 18:30:00'),
('S509', 'M016', 'SCR014', '2025-07-09', '2025-07-09 11:30:00', '2025-07-09 13:30:00'),
('S510', 'M016', 'SCR015', '2025-07-10', '2025-07-10 14:30:00', '2025-07-10 16:30:00'),
('S511', 'M016', 'SCR001', '2025-07-10', '2025-07-10 09:30:00', '2025-07-10 11:30:00'),
('S512', 'M016', 'SCR002', '2025-07-11', '2025-07-11 12:30:00', '2025-07-11 14:30:00'),
('S513', 'M016', 'SCR003', '2025-07-11', '2025-07-11 15:30:00', '2025-07-11 17:30:00'),
('S514', 'M016', 'SCR004', '2025-07-12', '2025-07-12 10:30:00', '2025-07-12 12:30:00'),
('S515', 'M016', 'SCR005', '2025-07-12', '2025-07-12 13:30:00', '2025-07-12 15:30:00'),
('S516', 'M016', 'SCR006', '2025-07-13', '2025-07-13 16:30:00', '2025-07-13 18:30:00'),
('S517', 'M016', 'SCR007', '2025-07-13', '2025-07-13 11:30:00', '2025-07-13 13:30:00'),
('S518', 'M016', 'SCR008', '2025-07-14', '2025-07-14 14:30:00', '2025-07-14 16:30:00'),
('S519', 'M016', 'SCR009', '2025-07-14', '2025-07-14 09:30:00', '2025-07-14 11:30:00'),
('S520', 'M017', 'SCR010', '2025-07-01', '2025-07-01 09:30:00', '2025-07-01 11:00:00'),
('S521', 'M017', 'SCR011', '2025-07-01', '2025-07-01 12:30:00', '2025-07-01 14:00:00'),
('S522', 'M017', 'SCR012', '2025-07-01', '2025-07-01 15:30:00', '2025-07-01 17:00:00'),
('S523', 'M017', 'SCR013', '2025-07-02', '2025-07-02 10:30:00', '2025-07-02 12:00:00'),
('S524', 'M017', 'SCR014', '2025-07-02', '2025-07-02 13:30:00', '2025-07-02 15:00:00'),
('S525', 'M017', 'SCR015', '2025-07-03', '2025-07-03 16:30:00', '2025-07-03 18:00:00'),
('S526', 'M017', 'SCR001', '2025-07-03', '2025-07-03 11:30:00', '2025-07-03 13:00:00'),
('S527', 'M017', 'SCR002', '2025-07-03', '2025-07-03 14:30:00', '2025-07-03 16:00:00'),
('S528', 'M017', 'SCR003', '2025-07-04', '2025-07-04 09:30:00', '2025-07-04 11:00:00'),
('S529', 'M017', 'SCR004', '2025-07-04', '2025-07-04 12:30:00', '2025-07-04 14:00:00'),
('S530', 'M017', 'SCR005', '2025-07-05', '2025-07-05 15:30:00', '2025-07-05 17:00:00'),
('S531', 'M017', 'SCR006', '2025-07-05', '2025-07-05 10:30:00', '2025-07-05 12:00:00'),
('S532', 'M017', 'SCR007', '2025-07-06', '2025-07-06 13:30:00', '2025-07-06 15:00:00'),
('S533', 'M017', 'SCR008', '2025-07-06', '2025-07-06 16:30:00', '2025-07-06 18:00:00'),
('S534', 'M017', 'SCR009', '2025-07-07', '2025-07-07 11:30:00', '2025-07-07 13:00:00'),
('S535', 'M017', 'SCR010', '2025-07-07', '2025-07-07 14:30:00', '2025-07-07 16:00:00'),
('S536', 'M017', 'SCR011', '2025-07-08', '2025-07-08 09:30:00', '2025-07-08 11:00:00'),
('S537', 'M017', 'SCR012', '2025-07-08', '2025-07-08 12:30:00', '2025-07-08 14:00:00'),
('S538', 'M017', 'SCR013', '2025-07-09', '2025-07-09 15:30:00', '2025-07-09 17:00:00'),
('S539', 'M017', 'SCR014', '2025-07-09', '2025-07-09 10:30:00', '2025-07-09 12:00:00'),
('S540', 'M017', 'SCR015', '2025-07-10', '2025-07-10 13:30:00', '2025-07-10 15:00:00'),
('S541', 'M017', 'SCR001', '2025-07-10', '2025-07-10 16:30:00', '2025-07-10 18:00:00'),
('S542', 'M017', 'SCR002', '2025-07-11', '2025-07-11 11:30:00', '2025-07-11 13:00:00'),
('S543', 'M017', 'SCR003', '2025-07-11', '2025-07-11 14:30:00', '2025-07-11 16:00:00'),
('S544', 'M017', 'SCR004', '2025-07-12', '2025-07-12 09:30:00', '2025-07-12 11:00:00'),
('S545', 'M017', 'SCR005', '2025-07-12', '2025-07-12 12:30:00', '2025-07-12 14:00:00'),
('S546', 'M017', 'SCR006', '2025-07-13', '2025-07-13 15:30:00', '2025-07-13 17:00:00'),
('S547', 'M017', 'SCR007', '2025-07-13', '2025-07-13 10:30:00', '2025-07-13 12:00:00'),
('S548', 'M017', 'SCR008', '2025-07-14', '2025-07-14 13:30:00', '2025-07-14 15:00:00'),
('S549', 'M017', 'SCR009', '2025-07-14', '2025-07-14 16:30:00', '2025-07-14 18:00:00'),
('S550', 'M018', 'SCR010', '2025-07-01', '2025-07-01 10:00:00', '2025-07-01 12:30:00'),
('S551', 'M018', 'SCR011', '2025-07-01', '2025-07-01 13:00:00', '2025-07-01 15:30:00'),
('S552', 'M018', 'SCR012', '2025-07-01', '2025-07-01 16:00:00', '2025-07-01 18:30:00'),
('S553', 'M018', 'SCR013', '2025-07-02', '2025-07-02 11:30:00', '2025-07-02 14:00:00'),
('S554', 'M018', 'SCR014', '2025-07-02', '2025-07-02 14:30:00', '2025-07-02 17:00:00'),
('S555', 'M018', 'SCR015', '2025-07-03', '2025-07-03 09:30:00', '2025-07-03 12:00:00'),
('S556', 'M018', 'SCR001', '2025-07-03', '2025-07-03 12:30:00', '2025-07-03 15:00:00'),
('S557', 'M018', 'SCR002', '2025-07-03', '2025-07-03 15:30:00', '2025-07-03 18:00:00'),
('S558', 'M018', 'SCR003', '2025-07-04', '2025-07-04 10:30:00', '2025-07-04 13:00:00'),
('S559', 'M018', 'SCR004', '2025-07-04', '2025-07-04 13:30:00', '2025-07-04 16:00:00'),
('S560', 'M018', 'SCR005', '2025-07-05', '2025-07-05 16:30:00', '2025-07-05 19:00:00'),
('S561', 'M018', 'SCR006', '2025-07-05', '2025-07-05 11:30:00', '2025-07-05 14:00:00'),
('S562', 'M018', 'SCR007', '2025-07-06', '2025-07-06 14:30:00', '2025-07-06 17:00:00'),
('S563', 'M018', 'SCR008', '2025-07-06', '2025-07-06 09:30:00', '2025-07-06 12:00:00'),
('S564', 'M018', 'SCR009', '2025-07-07', '2025-07-07 12:30:00', '2025-07-07 15:00:00'),
('S565', 'M018', 'SCR010', '2025-07-07', '2025-07-07 15:30:00', '2025-07-07 18:00:00'),
('S566', 'M018', 'SCR011', '2025-07-08', '2025-07-08 10:30:00', '2025-07-08 13:00:00'),
('S567', 'M018', 'SCR012', '2025-07-08', '2025-07-08 13:30:00', '2025-07-08 16:00:00'),
('S568', 'M018', 'SCR013', '2025-07-09', '2025-07-09 16:30:00', '2025-07-09 19:00:00'),
('S569', 'M018', 'SCR014', '2025-07-09', '2025-07-09 11:30:00', '2025-07-09 14:00:00'),
('S570', 'M018', 'SCR015', '2025-07-10', '2025-07-10 14:30:00', '2025-07-10 17:00:00'),
('S572', 'M018', 'SCR002', '2025-07-11', '2025-07-11 12:30:00', '2025-07-11 15:00:00'),
('S573', 'M018', 'SCR003', '2025-07-11', '2025-07-11 15:30:00', '2025-07-11 18:00:00'),
('S574', 'M018', 'SCR004', '2025-07-12', '2025-07-12 10:30:00', '2025-07-12 13:00:00'),
('S575', 'M018', 'SCR005', '2025-07-12', '2025-07-12 13:30:00', '2025-07-12 16:00:00'),
('S576', 'M018', 'SCR006', '2025-07-13', '2025-07-13 16:30:00', '2025-07-13 19:00:00'),
('S577', 'M018', 'SCR007', '2025-07-13', '2025-07-13 11:30:00', '2025-07-13 14:00:00'),
('S578', 'M018', 'SCR008', '2025-07-14', '2025-07-14 14:30:00', '2025-07-14 17:00:00'),
('S579', 'M018', 'SCR009', '2025-07-14', '2025-07-14 09:30:00', '2025-07-14 12:00:00'),
('S580', 'M019', 'SCR010', '2025-07-01', '2025-07-01 10:00:00', '2025-07-01 12:00:00'),
('S581', 'M019', 'SCR011', '2025-07-01', '2025-07-01 13:00:00', '2025-07-01 15:00:00'),
('S582', 'M019', 'SCR012', '2025-07-01', '2025-07-01 16:00:00', '2025-07-01 18:00:00'),
('S583', 'M019', 'SCR013', '2025-07-02', '2025-07-02 11:30:00', '2025-07-02 13:30:00'),
('S584', 'M019', 'SCR014', '2025-07-02', '2025-07-02 14:30:00', '2025-07-02 16:30:00'),
('S585', 'M019', 'SCR015', '2025-07-03', '2025-07-03 09:30:00', '2025-07-03 11:30:00'),
('S586', 'M019', 'SCR001', '2025-07-03', '2025-07-03 12:30:00', '2025-07-03 14:30:00'),
('S587', 'M019', 'SCR002', '2025-07-03', '2025-07-03 15:30:00', '2025-07-03 17:30:00'),
('S588', 'M019', 'SCR003', '2025-07-04', '2025-07-04 10:30:00', '2025-07-04 12:30:00'),
('S589', 'M019', 'SCR004', '2025-07-04', '2025-07-04 13:30:00', '2025-07-04 15:30:00'),
('S590', 'M019', 'SCR005', '2025-07-05', '2025-07-05 16:30:00', '2025-07-05 18:30:00'),
('S591', 'M019', 'SCR006', '2025-07-05', '2025-07-05 11:30:00', '2025-07-05 13:30:00'),
('S592', 'M019', 'SCR007', '2025-07-06', '2025-07-06 14:30:00', '2025-07-06 16:30:00'),
('S593', 'M019', 'SCR008', '2025-07-06', '2025-07-06 09:30:00', '2025-07-06 11:30:00'),
('S594', 'M019', 'SCR009', '2025-07-07', '2025-07-07 12:30:00', '2025-07-07 14:30:00'),
('S595', 'M019', 'SCR010', '2025-07-07', '2025-07-07 15:30:00', '2025-07-07 17:30:00'),
('S596', 'M019', 'SCR011', '2025-07-08', '2025-07-08 10:30:00', '2025-07-08 12:30:00'),
('S597', 'M019', 'SCR012', '2025-07-08', '2025-07-08 13:30:00', '2025-07-08 15:30:00'),
('S598', 'M019', 'SCR013', '2025-07-09', '2025-07-09 16:30:00', '2025-07-09 18:30:00'),
('S599', 'M019', 'SCR014', '2025-07-09', '2025-07-09 11:30:00', '2025-07-09 13:30:00'),
('S600', 'M019', 'SCR015', '2025-07-10', '2025-07-10 14:30:00', '2025-07-10 16:30:00'),
('S601', 'M019', 'SCR001', '2025-07-10', '2025-07-10 09:30:00', '2025-07-10 11:30:00'),
('S602', 'M019', 'SCR002', '2025-07-11', '2025-07-11 12:30:00', '2025-07-11 14:30:00'),
('S603', 'M019', 'SCR003', '2025-07-11', '2025-07-11 15:30:00', '2025-07-11 17:30:00'),
('S604', 'M019', 'SCR004', '2025-07-12', '2025-07-12 10:30:00', '2025-07-12 12:30:00'),
('S605', 'M019', 'SCR005', '2025-07-12', '2025-07-12 13:30:00', '2025-07-12 15:30:00'),
('S606', 'M019', 'SCR006', '2025-07-13', '2025-07-13 16:30:00', '2025-07-13 18:30:00'),
('S607', 'M019', 'SCR007', '2025-07-13', '2025-07-13 11:30:00', '2025-07-13 13:30:00'),
('S608', 'M019', 'SCR008', '2025-07-14', '2025-07-14 14:30:00', '2025-07-14 16:30:00'),
('S609', 'M019', 'SCR009', '2025-07-14', '2025-07-14 09:30:00', '2025-07-14 11:30:00'),
('S610', 'M020', 'SCR010', '2025-07-01', '2025-07-01 09:30:00', '2025-07-01 11:30:00'),
('S611', 'M020', 'SCR011', '2025-07-01', '2025-07-01 12:30:00', '2025-07-01 14:30:00'),
('S612', 'M020', 'SCR012', '2025-07-01', '2025-07-01 15:30:00', '2025-07-01 17:30:00'),
('S613', 'M020', 'SCR013', '2025-07-02', '2025-07-02 10:30:00', '2025-07-02 12:30:00'),
('S614', 'M020', 'SCR014', '2025-07-02', '2025-07-02 13:30:00', '2025-07-02 15:30:00'),
('S615', 'M020', 'SCR015', '2025-07-03', '2025-07-03 16:30:00', '2025-07-03 18:30:00'),
('S616', 'M020', 'SCR001', '2025-07-03', '2025-07-03 11:30:00', '2025-07-03 13:30:00'),
('S617', 'M020', 'SCR002', '2025-07-03', '2025-07-03 14:30:00', '2025-07-03 16:30:00'),
('S618', 'M020', 'SCR003', '2025-07-04', '2025-07-04 09:30:00', '2025-07-04 11:30:00'),
('S619', 'M020', 'SCR004', '2025-07-04', '2025-07-04 12:30:00', '2025-07-04 14:30:00'),
('S620', 'M020', 'SCR005', '2025-07-05', '2025-07-05 15:30:00', '2025-07-05 17:30:00'),
('S621', 'M020', 'SCR006', '2025-07-05', '2025-07-05 10:30:00', '2025-07-05 12:30:00'),
('S622', 'M020', 'SCR007', '2025-07-06', '2025-07-06 13:30:00', '2025-07-06 15:30:00'),
('S623', 'M020', 'SCR008', '2025-07-06', '2025-07-06 16:30:00', '2025-07-06 18:30:00'),
('S624', 'M020', 'SCR009', '2025-07-07', '2025-07-07 11:30:00', '2025-07-07 13:30:00'),
('S625', 'M020', 'SCR010', '2025-07-07', '2025-07-07 14:30:00', '2025-07-07 16:30:00'),
('S626', 'M020', 'SCR011', '2025-07-08', '2025-07-08 09:30:00', '2025-07-08 11:30:00'),
('S627', 'M020', 'SCR012', '2025-07-08', '2025-07-08 12:30:00', '2025-07-08 14:30:00'),
('S628', 'M020', 'SCR013', '2025-07-09', '2025-07-09 15:30:00', '2025-07-09 17:30:00'),
('S629', 'M020', 'SCR014', '2025-07-09', '2025-07-09 10:30:00', '2025-07-09 12:30:00'),
('S630', 'M020', 'SCR015', '2025-07-10', '2025-07-10 13:30:00', '2025-07-10 15:30:00'),
('S631', 'M020', 'SCR001', '2025-07-10', '2025-07-10 16:30:00', '2025-07-10 18:30:00'),
('S632', 'M020', 'SCR002', '2025-07-11', '2025-07-11 11:30:00', '2025-07-11 13:30:00'),
('S633', 'M020', 'SCR003', '2025-07-11', '2025-07-11 14:30:00', '2025-07-11 16:30:00'),
('S634', 'M020', 'SCR004', '2025-07-12', '2025-07-12 09:30:00', '2025-07-12 11:30:00'),
('S635', 'M020', 'SCR005', '2025-07-12', '2025-07-12 12:30:00', '2025-07-12 14:30:00'),
('S636', 'M020', 'SCR006', '2025-07-13', '2025-07-13 15:30:00', '2025-07-13 17:30:00'),
('S637', 'M020', 'SCR007', '2025-07-13', '2025-07-13 10:30:00', '2025-07-13 12:30:00'),
('S638', 'M020', 'SCR008', '2025-07-14', '2025-07-14 13:30:00', '2025-07-14 15:30:00'),
('S639', 'M020', 'SCR009', '2025-07-14', '2025-07-14 16:30:00', '2025-07-14 18:30:00'),
('S640', 'M001', 'SCR001', '2025-07-01', '2025-07-01 09:30:00', '2025-07-01 11:30:00'),
('S641', 'M001', 'SCR001', '2025-07-01', '2025-07-01 12:30:00', '2025-07-01 14:30:00'),
('S642', 'M001', 'SCR001', '2025-07-01', '2025-07-01 15:30:00', '2025-07-01 17:30:00'),
('S643', 'M001', 'SCR001', '2025-07-01', '2025-07-01 18:30:00', '2025-07-01 20:30:00'),
('S644', 'M001', 'SCR001', '2025-07-01', '2025-07-01 21:00:00', '2025-07-01 23:00:00'),
('S645', 'M002', 'SCR001', '2025-07-01', '2025-07-01 09:30:00', '2025-07-01 11:30:00'),
('S646', 'M002', 'SCR001', '2025-07-01', '2025-07-01 12:30:00', '2025-07-01 14:30:00'),
('S647', 'M002', 'SCR001', '2025-07-01', '2025-07-01 15:30:00', '2025-07-01 17:30:00'),
('S648', 'M002', 'SCR001', '2025-07-01', '2025-07-01 18:30:00', '2025-07-01 20:30:00'),
('S649', 'M002', 'SCR001', '2025-07-01', '2025-07-01 21:00:00', '2025-07-01 23:00:00'),
('S650', 'M003', 'SCR001', '2025-07-01', '2025-07-01 09:30:00', '2025-07-01 11:30:00'),
('S651', 'M003', 'SCR001', '2025-07-01', '2025-07-01 12:30:00', '2025-07-01 14:30:00'),
('S652', 'M003', 'SCR001', '2025-07-01', '2025-07-01 15:30:00', '2025-07-01 17:30:00'),
('S653', 'M003', 'SCR001', '2025-07-01', '2025-07-01 18:30:00', '2025-07-01 20:30:00'),
('S654', 'M003', 'SCR001', '2025-07-01', '2025-07-01 21:00:00', '2025-07-01 23:00:00'),
('S655', 'M004', 'SCR001', '2025-07-01', '2025-07-01 09:30:00', '2025-07-01 11:30:00'),
('S656', 'M004', 'SCR001', '2025-07-01', '2025-07-01 12:30:00', '2025-07-01 14:30:00'),
('S657', 'M004', 'SCR001', '2025-07-01', '2025-07-01 15:30:00', '2025-07-01 17:30:00'),
('S658', 'M004', 'SCR001', '2025-07-01', '2025-07-01 18:30:00', '2025-07-01 20:30:00'),
('S659', 'M004', 'SCR001', '2025-07-01', '2025-07-01 21:00:00', '2025-07-01 23:00:00'),
('S660', 'M005', 'SCR001', '2025-07-01', '2025-07-01 09:30:00', '2025-07-01 11:30:00'),
('S661', 'M005', 'SCR001', '2025-07-01', '2025-07-01 12:30:00', '2025-07-01 14:30:00'),
('S662', 'M005', 'SCR001', '2025-07-01', '2025-07-01 15:30:00', '2025-07-01 17:30:00'),
('S663', 'M005', 'SCR001', '2025-07-01', '2025-07-01 18:30:00', '2025-07-01 20:30:00'),
('S664', 'M005', 'SCR001', '2025-07-01', '2025-07-01 21:00:00', '2025-07-01 23:00:00'),
('S665', 'M006', 'SCR001', '2025-07-01', '2025-07-01 09:30:00', '2025-07-01 11:00:00'),
('S666', 'M006', 'SCR001', '2025-07-01', '2025-07-01 11:30:00', '2025-07-01 13:00:00'),
('S667', 'M006', 'SCR001', '2025-07-01', '2025-07-01 13:30:00', '2025-07-01 15:00:00'),
('S668', 'M006', 'SCR001', '2025-07-01', '2025-07-01 15:30:00', '2025-07-01 17:00:00'),
('S669', 'M006', 'SCR001', '2025-07-01', '2025-07-01 17:30:00', '2025-07-01 19:00:00'),
('S670', 'M007', 'SCR001', '2025-07-01', '2025-07-01 09:30:00', '2025-07-01 11:00:00'),
('S671', 'M007', 'SCR001', '2025-07-01', '2025-07-01 11:30:00', '2025-07-01 13:00:00'),
('S672', 'M007', 'SCR001', '2025-07-01', '2025-07-01 13:30:00', '2025-07-01 15:00:00'),
('S673', 'M007', 'SCR001', '2025-07-01', '2025-07-01 15:30:00', '2025-07-01 17:00:00'),
('S674', 'M007', 'SCR001', '2025-07-01', '2025-07-01 17:30:00', '2025-07-01 19:00:00'),
('S675', 'M008', 'SCR001', '2025-07-01', '2025-07-01 09:30:00', '2025-07-01 12:00:00'),
('S676', 'M008', 'SCR001', '2025-07-01', '2025-07-01 12:30:00', '2025-07-01 15:00:00'),
('S677', 'M008', 'SCR001', '2025-07-01', '2025-07-01 15:30:00', '2025-07-01 18:00:00'),
('S678', 'M008', 'SCR001', '2025-07-01', '2025-07-01 18:30:00', '2025-07-01 21:00:00'),
('S679', 'M008', 'SCR001', '2025-07-01', '2025-07-01 21:00:00', '2025-07-01 23:30:00'),
('S680', 'M009', 'SCR001', '2025-07-01', '2025-07-01 09:30:00', '2025-07-01 11:30:00'),
('S681', 'M009', 'SCR001', '2025-07-01', '2025-07-01 12:30:00', '2025-07-01 14:30:00'),
('S682', 'M009', 'SCR001', '2025-07-01', '2025-07-01 15:30:00', '2025-07-01 17:30:00'),
('S683', 'M009', 'SCR001', '2025-07-01', '2025-07-01 18:30:00', '2025-07-01 20:30:00'),
('S684', 'M009', 'SCR001', '2025-07-01', '2025-07-01 21:00:00', '2025-07-01 23:00:00'),
('S685', 'M010', 'SCR001', '2025-07-01', '2025-07-01 09:30:00', '2025-07-01 11:30:00'),
('S686', 'M010', 'SCR001', '2025-07-01', '2025-07-01 12:30:00', '2025-07-01 14:30:00'),
('S687', 'M010', 'SCR001', '2025-07-01', '2025-07-01 15:30:00', '2025-07-01 17:30:00'),
('S688', 'M010', 'SCR001', '2025-07-01', '2025-07-01 18:30:00', '2025-07-01 20:30:00'),
('S689', 'M010', 'SCR001', '2025-07-01', '2025-07-01 21:00:00', '2025-07-01 23:00:00'),
('S690', 'M011', 'SCR001', '2025-07-01', '2025-07-01 09:30:00', '2025-07-01 12:00:00'),
('S691', 'M011', 'SCR001', '2025-07-01', '2025-07-01 12:30:00', '2025-07-01 15:00:00'),
('S692', 'M011', 'SCR001', '2025-07-01', '2025-07-01 15:30:00', '2025-07-01 18:00:00'),
('S693', 'M011', 'SCR001', '2025-07-01', '2025-07-01 18:30:00', '2025-07-01 21:00:00'),
('S694', 'M011', 'SCR001', '2025-07-01', '2025-07-01 21:00:00', '2025-07-01 23:30:00'),
('S695', 'M012', 'SCR001', '2025-07-01', '2025-07-01 09:30:00', '2025-07-01 11:00:00'),
('S696', 'M012', 'SCR001', '2025-07-01', '2025-07-01 11:30:00', '2025-07-01 13:00:00'),
('S697', 'M012', 'SCR001', '2025-07-01', '2025-07-01 13:30:00', '2025-07-01 15:00:00'),
('S698', 'M012', 'SCR001', '2025-07-01', '2025-07-01 15:30:00', '2025-07-01 17:00:00'),
('S699', 'M012', 'SCR001', '2025-07-01', '2025-07-01 17:30:00', '2025-07-01 19:00:00'),
('S700', 'M013', 'SCR001', '2025-07-01', '2025-07-01 09:30:00', '2025-07-01 12:00:00'),
('S701', 'M013', 'SCR001', '2025-07-01', '2025-07-01 12:30:00', '2025-07-01 15:00:00'),
('S702', 'M013', 'SCR001', '2025-07-01', '2025-07-01 15:30:00', '2025-07-01 18:00:00'),
('S703', 'M013', 'SCR001', '2025-07-01', '2025-07-01 18:30:00', '2025-07-01 21:00:00'),
('S704', 'M013', 'SCR001', '2025-07-01', '2025-07-01 21:00:00', '2025-07-01 23:30:00'),
('S705', 'M014', 'SCR001', '2025-07-01', '2025-07-01 09:30:00', '2025-07-01 11:30:00'),
('S706', 'M014', 'SCR001', '2025-07-01', '2025-07-01 12:30:00', '2025-07-01 14:30:00'),
('S707', 'M014', 'SCR001', '2025-07-01', '2025-07-01 15:30:00', '2025-07-01 17:30:00'),
('S708', 'M014', 'SCR001', '2025-07-01', '2025-07-01 18:30:00', '2025-07-01 20:30:00'),
('S709', 'M014', 'SCR001', '2025-07-01', '2025-07-01 21:00:00', '2025-07-01 23:00:00'),
('S710', 'M015', 'SCR001', '2025-07-01', '2025-07-01 09:30:00', '2025-07-01 12:00:00'),
('S711', 'M015', 'SCR001', '2025-07-01', '2025-07-01 12:30:00', '2025-07-01 15:00:00'),
('S712', 'M015', 'SCR001', '2025-07-01', '2025-07-01 15:30:00', '2025-07-01 18:00:00'),
('S713', 'M015', 'SCR001', '2025-07-01', '2025-07-01 18:30:00', '2025-07-01 21:00:00'),
('S714', 'M015', 'SCR001', '2025-07-01', '2025-07-01 21:00:00', '2025-07-01 23:30:00'),
('S715', 'M016', 'SCR001', '2025-07-01', '2025-07-01 09:30:00', '2025-07-01 11:30:00'),
('S716', 'M016', 'SCR001', '2025-07-01', '2025-07-01 12:30:00', '2025-07-01 14:30:00'),
('S717', 'M016', 'SCR001', '2025-07-01', '2025-07-01 15:30:00', '2025-07-01 17:30:00'),
('S718', 'M016', 'SCR001', '2025-07-01', '2025-07-01 18:30:00', '2025-07-01 20:30:00'),
('S719', 'M016', 'SCR001', '2025-07-01', '2025-07-01 21:00:00', '2025-07-01 23:00:00'),
('S720', 'M017', 'SCR001', '2025-07-01', '2025-07-01 09:30:00', '2025-07-01 11:00:00'),
('S721', 'M017', 'SCR001', '2025-07-01', '2025-07-01 11:30:00', '2025-07-01 13:00:00'),
('S722', 'M017', 'SCR001', '2025-07-01', '2025-07-01 13:30:00', '2025-07-01 15:00:00'),
('S723', 'M017', 'SCR001', '2025-07-01', '2025-07-01 15:30:00', '2025-07-01 17:00:00'),
('S724', 'M017', 'SCR001', '2025-07-01', '2025-07-01 17:30:00', '2025-07-01 19:00:00'),
('S725', 'M018', 'SCR001', '2025-07-01', '2025-07-01 09:30:00', '2025-07-01 12:00:00'),
('S726', 'M018', 'SCR001', '2025-07-01', '2025-07-01 12:30:00', '2025-07-01 15:00:00'),
('S727', 'M018', 'SCR001', '2025-07-01', '2025-07-01 15:30:00', '2025-07-01 18:00:00'),
('S728', 'M018', 'SCR001', '2025-07-01', '2025-07-01 18:30:00', '2025-07-01 21:00:00'),
('S729', 'M018', 'SCR001', '2025-07-01', '2025-07-01 21:00:00', '2025-07-01 23:30:00'),
('S730', 'M019', 'SCR001', '2025-07-01', '2025-07-01 09:30:00', '2025-07-01 11:30:00'),
('S731', 'M019', 'SCR001', '2025-07-01', '2025-07-01 12:30:00', '2025-07-01 14:30:00'),
('S732', 'M019', 'SCR001', '2025-07-01', '2025-07-01 15:30:00', '2025-07-01 17:30:00'),
('S733', 'M019', 'SCR001', '2025-07-01', '2025-07-01 18:30:00', '2025-07-01 20:30:00'),
('S734', 'M019', 'SCR001', '2025-07-01', '2025-07-01 21:00:00', '2025-07-01 23:00:00'),
('S735', 'M020', 'SCR001', '2025-07-01', '2025-07-01 09:30:00', '2025-07-01 11:30:00'),
('S736', 'M020', 'SCR001', '2025-07-01', '2025-07-01 12:30:00', '2025-07-01 14:30:00'),
('S737', 'M020', 'SCR001', '2025-07-01', '2025-07-01 15:30:00', '2025-07-01 17:30:00'),
('S738', 'M020', 'SCR001', '2025-07-01', '2025-07-01 18:30:00', '2025-07-01 20:30:00'),
('S739', 'M020', 'SCR001', '2025-07-01', '2025-07-01 21:00:00', '2025-07-01 23:00:00'),
('S740', 'M001', 'SCR002', '2025-07-02', '2025-07-02 09:30:00', '2025-07-02 11:30:00'),
('S741', 'M001', 'SCR003', '2025-07-02', '2025-07-02 12:30:00', '2025-07-02 14:30:00'),
('S742', 'M001', 'SCR004', '2025-07-02', '2025-07-02 15:30:00', '2025-07-02 17:30:00'),
('S743', 'M001', 'SCR005', '2025-07-03', '2025-07-03 10:30:00', '2025-07-03 12:30:00'),
('S744', 'M001', 'SCR006', '2025-07-03', '2025-07-03 13:30:00', '2025-07-03 15:30:00'),
('S745', 'M001', 'SCR007', '2025-07-03', '2025-07-03 16:30:00', '2025-07-03 18:30:00'),
('S746', 'M001', 'SCR008', '2025-07-04', '2025-07-04 11:30:00', '2025-07-04 13:30:00'),
('S747', 'M001', 'SCR009', '2025-07-04', '2025-07-04 14:30:00', '2025-07-04 16:30:00'),
('S748', 'M001', 'SCR010', '2025-07-05', '2025-07-05 09:30:00', '2025-07-05 11:30:00'),
('S749', 'M001', 'SCR011', '2025-07-05', '2025-07-05 12:30:00', '2025-07-05 14:30:00'),
('S750', 'M001', 'SCR012', '2025-07-06', '2025-07-06 15:30:00', '2025-07-06 17:30:00'),
('S751', 'M001', 'SCR013', '2025-07-06', '2025-07-06 10:30:00', '2025-07-06 12:30:00'),
('S753', 'M001', 'SCR001', '2025-07-10', '2025-07-10 09:30:00', '2025-07-10 11:30:00'),
('S754', 'M001', 'SCR001', '2025-07-10', '2025-07-10 12:30:00', '2025-07-10 14:30:00'),
('S755', 'M001', 'SCR001', '2025-07-10', '2025-07-10 15:30:00', '2025-07-10 17:30:00'),
('S756', 'M001', 'SCR001', '2025-07-10', '2025-07-10 18:30:00', '2025-07-10 20:30:00'),
('S757', 'M001', 'SCR001', '2025-07-10', '2025-07-10 21:00:00', '2025-07-10 23:00:00'),
('S758', 'M002', 'SCR001', '2025-07-10', '2025-07-10 09:30:00', '2025-07-10 11:30:00'),
('S759', 'M002', 'SCR001', '2025-07-10', '2025-07-10 12:30:00', '2025-07-10 14:30:00'),
('S760', 'M002', 'SCR001', '2025-07-10', '2025-07-10 15:30:00', '2025-07-10 17:30:00'),
('S761', 'M002', 'SCR001', '2025-07-10', '2025-07-10 18:30:00', '2025-07-10 20:30:00'),
('S762', 'M002', 'SCR001', '2025-07-10', '2025-07-10 21:00:00', '2025-07-10 23:00:00'),
('S763', 'M003', 'SCR001', '2025-07-10', '2025-07-10 09:30:00', '2025-07-10 11:30:00'),
('S764', 'M003', 'SCR001', '2025-07-10', '2025-07-10 12:30:00', '2025-07-10 14:30:00'),
('S765', 'M003', 'SCR001', '2025-07-10', '2025-07-10 15:30:00', '2025-07-10 17:30:00'),
('S766', 'M003', 'SCR001', '2025-07-10', '2025-07-10 18:30:00', '2025-07-10 20:30:00'),
('S767', 'M003', 'SCR001', '2025-07-10', '2025-07-10 21:00:00', '2025-07-10 23:00:00'),
('S768', 'M004', 'SCR001', '2025-07-10', '2025-07-10 09:30:00', '2025-07-10 11:30:00'),
('S769', 'M004', 'SCR001', '2025-07-10', '2025-07-10 12:30:00', '2025-07-10 14:30:00'),
('S770', 'M004', 'SCR001', '2025-07-10', '2025-07-10 15:30:00', '2025-07-10 17:30:00'),
('S771', 'M004', 'SCR001', '2025-07-10', '2025-07-10 18:30:00', '2025-07-10 20:30:00'),
('S772', 'M004', 'SCR001', '2025-07-10', '2025-07-10 21:00:00', '2025-07-10 23:00:00'),
('S773', 'M005', 'SCR001', '2025-07-10', '2025-07-10 09:30:00', '2025-07-10 11:30:00'),
('S774', 'M005', 'SCR001', '2025-07-10', '2025-07-10 12:30:00', '2025-07-10 14:30:00'),
('S775', 'M005', 'SCR001', '2025-07-10', '2025-07-10 15:30:00', '2025-07-10 17:30:00'),
('S776', 'M005', 'SCR001', '2025-07-10', '2025-07-10 18:30:00', '2025-07-10 20:30:00'),
('S777', 'M005', 'SCR001', '2025-07-10', '2025-07-10 21:00:00', '2025-07-10 23:00:00'),
('S778', 'M006', 'SCR001', '2025-07-10', '2025-07-10 09:30:00', '2025-07-10 11:00:00'),
('S779', 'M006', 'SCR001', '2025-07-10', '2025-07-10 11:30:00', '2025-07-10 13:00:00'),
('S780', 'M006', 'SCR001', '2025-07-10', '2025-07-10 13:30:00', '2025-07-10 15:00:00'),
('S781', 'M006', 'SCR001', '2025-07-10', '2025-07-10 15:30:00', '2025-07-10 17:00:00'),
('S782', 'M006', 'SCR001', '2025-07-10', '2025-07-10 17:30:00', '2025-07-10 19:00:00'),
('S783', 'M007', 'SCR001', '2025-07-10', '2025-07-10 09:30:00', '2025-07-10 11:00:00'),
('S784', 'M007', 'SCR001', '2025-07-10', '2025-07-10 11:30:00', '2025-07-10 13:00:00'),
('S785', 'M007', 'SCR001', '2025-07-10', '2025-07-10 13:30:00', '2025-07-10 15:00:00'),
('S786', 'M007', 'SCR001', '2025-07-10', '2025-07-10 15:30:00', '2025-07-10 17:00:00'),
('S787', 'M007', 'SCR001', '2025-07-10', '2025-07-10 17:30:00', '2025-07-10 19:00:00'),
('S788', 'M008', 'SCR001', '2025-07-10', '2025-07-10 09:30:00', '2025-07-10 12:00:00'),
('S789', 'M008', 'SCR001', '2025-07-10', '2025-07-10 12:30:00', '2025-07-10 15:00:00'),
('S790', 'M008', 'SCR001', '2025-07-10', '2025-07-10 15:30:00', '2025-07-10 18:00:00'),
('S791', 'M008', 'SCR001', '2025-07-10', '2025-07-10 18:30:00', '2025-07-10 21:00:00'),
('S792', 'M008', 'SCR001', '2025-07-10', '2025-07-10 21:00:00', '2025-07-10 23:30:00'),
('S793', 'M009', 'SCR001', '2025-07-10', '2025-07-10 09:30:00', '2025-07-10 11:30:00'),
('S794', 'M009', 'SCR001', '2025-07-10', '2025-07-10 12:30:00', '2025-07-10 14:30:00'),
('S795', 'M009', 'SCR001', '2025-07-10', '2025-07-10 15:30:00', '2025-07-10 17:30:00'),
('S796', 'M009', 'SCR001', '2025-07-10', '2025-07-10 18:30:00', '2025-07-10 20:30:00'),
('S797', 'M009', 'SCR001', '2025-07-10', '2025-07-10 21:00:00', '2025-07-10 23:00:00'),
('S798', 'M010', 'SCR001', '2025-07-10', '2025-07-10 09:30:00', '2025-07-10 11:30:00'),
('S799', 'M010', 'SCR001', '2025-07-10', '2025-07-10 12:30:00', '2025-07-10 14:30:00'),
('S800', 'M010', 'SCR001', '2025-07-10', '2025-07-10 15:30:00', '2025-07-10 17:30:00'),
('S801', 'M010', 'SCR001', '2025-07-10', '2025-07-10 18:30:00', '2025-07-10 20:30:00'),
('S802', 'M010', 'SCR001', '2025-07-10', '2025-07-10 21:00:00', '2025-07-10 23:00:00'),
('S803', 'M011', 'SCR001', '2025-07-10', '2025-07-10 09:30:00', '2025-07-10 12:00:00'),
('S804', 'M011', 'SCR001', '2025-07-10', '2025-07-10 12:30:00', '2025-07-10 15:00:00'),
('S805', 'M011', 'SCR001', '2025-07-10', '2025-07-10 15:30:00', '2025-07-10 18:00:00'),
('S806', 'M011', 'SCR001', '2025-07-10', '2025-07-10 18:30:00', '2025-07-10 21:00:00'),
('S807', 'M011', 'SCR001', '2025-07-10', '2025-07-10 21:00:00', '2025-07-10 23:30:00'),
('S808', 'M012', 'SCR001', '2025-07-10', '2025-07-10 09:30:00', '2025-07-10 11:00:00'),
('S809', 'M012', 'SCR001', '2025-07-10', '2025-07-10 11:30:00', '2025-07-10 13:00:00'),
('S810', 'M012', 'SCR001', '2025-07-10', '2025-07-10 13:30:00', '2025-07-10 15:00:00'),
('S811', 'M012', 'SCR001', '2025-07-10', '2025-07-10 15:30:00', '2025-07-10 17:00:00'),
('S812', 'M012', 'SCR001', '2025-07-10', '2025-07-10 17:30:00', '2025-07-10 19:00:00'),
('S818', 'M014', 'SCR001', '2025-07-10', '2025-07-10 09:30:00', '2025-07-10 11:30:00'),
('S834', 'M017', 'SCR001', '2025-07-10', '2025-07-10 11:30:00', '2025-07-10 13:00:00'),
('S835', 'M017', 'SCR001', '2025-07-10', '2025-07-10 13:30:00', '2025-07-10 15:00:00'),
('S837', 'M017', 'SCR001', '2025-07-10', '2025-07-10 17:30:00', '2025-07-10 19:00:00'),
('S839', 'M018', 'SCR001', '2025-07-10', '2025-07-10 12:30:00', '2025-07-10 15:00:00'),
('S841', 'M018', 'SCR001', '2025-07-10', '2025-07-10 18:30:00', '2025-07-10 21:00:00'),
('S844', 'M019', 'SCR001', '2025-07-10', '2025-07-10 12:30:00', '2025-07-10 14:30:00'),
('S845', 'M019', 'SCR001', '2025-07-10', '2025-07-10 15:30:00', '2025-07-10 17:30:00'),
('S846', 'M019', 'SCR001', '2025-07-10', '2025-07-10 18:30:00', '2025-07-10 20:30:00'),
('S847', 'M019', 'SCR001', '2025-07-10', '2025-07-10 21:00:00', '2025-07-10 23:00:00'),
('S848', 'M020', 'SCR001', '2025-07-10', '2025-07-10 09:30:00', '2025-07-10 11:30:00'),
('S849', 'M020', 'SCR001', '2025-07-10', '2025-07-10 12:30:00', '2025-07-10 14:30:00'),
('S850', 'M020', 'SCR001', '2025-07-10', '2025-07-10 15:30:00', '2025-07-10 17:30:00'),
('S851', 'M020', 'SCR001', '2025-07-10', '2025-07-10 18:30:00', '2025-07-10 20:30:00'),
('S852', 'M020', 'SCR001', '2025-07-10', '2025-07-10 21:00:00', '2025-07-10 23:00:00'),
('S853', 'M001', 'SCR002', '2025-07-11', '2025-07-11 09:30:00', '2025-07-11 11:30:00'),
('S854', 'M001', 'SCR003', '2025-07-11', '2025-07-11 12:30:00', '2025-07-11 14:30:00'),
('S855', 'M001', 'SCR004', '2025-07-11', '2025-07-11 15:30:00', '2025-07-11 17:30:00'),
('S856', 'M001', 'SCR005', '2025-07-12', '2025-07-12 10:30:00', '2025-07-12 12:30:00'),
('S857', 'M001', 'SCR006', '2025-07-12', '2025-07-12 13:30:00', '2025-07-12 15:30:00'),
('S858', 'M001', 'SCR007', '2025-07-12', '2025-07-12 16:30:00', '2025-07-12 18:30:00'),
('S859', 'M001', 'SCR008', '2025-07-13', '2025-07-13 11:30:00', '2025-07-13 13:30:00'),
('S860', 'M001', 'SCR009', '2025-07-13', '2025-07-13 14:30:00', '2025-07-13 16:30:00'),
('S861', 'M001', 'SCR010', '2025-07-14', '2025-07-14 09:30:00', '2025-07-14 11:30:00'),
('S862', 'M001', 'SCR011', '2025-07-14', '2025-07-14 12:30:00', '2025-07-14 14:30:00'),
('S863', 'M001', 'SCR012', '2025-07-15', '2025-07-15 15:30:00', '2025-07-15 17:30:00'),
('S864', 'M001', 'SCR013', '2025-07-15', '2025-07-15 10:30:00', '2025-07-15 12:30:00'),
('S865', 'M001', 'SCR014', '2025-07-16', '2025-07-16 13:30:00', '2025-07-16 15:30:00'),
('S866', 'M001', 'SCR015', '2025-07-16', '2025-07-16 16:30:00', '2025-07-16 18:30:00'),
('S867', 'M001', 'SCR002', '2025-07-17', '2025-07-17 11:30:00', '2025-07-17 13:30:00'),
('S868', 'M001', 'SCR003', '2025-07-17', '2025-07-17 14:30:00', '2025-07-17 16:30:00'),
('S869', 'M001', 'SCR004', '2025-07-18', '2025-07-18 09:30:00', '2025-07-18 11:30:00'),
('S870', 'M001', 'SCR005', '2025-07-18', '2025-07-18 12:30:00', '2025-07-18 14:30:00'),
('S871', 'M001', 'SCR006', '2025-07-10', '2025-07-10 09:30:00', '2025-07-10 11:30:00'),
('S872', 'M001', 'SCR007', '2025-07-11', '2025-07-11 12:30:00', '2025-07-11 14:30:00'),
('S873', 'M001', 'SCR008', '2025-07-12', '2025-07-12 15:30:00', '2025-07-12 17:30:00'),
('S874', 'M001', 'SCR009', '2025-07-13', '2025-07-13 10:30:00', '2025-07-13 12:30:00'),
('S875', 'M001', 'SCR010', '2025-07-14', '2025-07-14 13:30:00', '2025-07-14 15:30:00'),
('S876', 'M001', 'SCR011', '2025-07-15', '2025-07-15 16:30:00', '2025-07-15 18:30:00'),
('S877', 'M001', 'SCR012', '2025-07-16', '2025-07-16 11:30:00', '2025-07-16 13:30:00'),
('S878', 'M002', 'SCR013', '2025-07-11', '2025-07-11 09:30:00', '2025-07-11 11:30:00'),
('S879', 'M002', 'SCR014', '2025-07-11', '2025-07-11 12:30:00', '2025-07-11 14:30:00'),
('S880', 'M002', 'SCR015', '2025-07-11', '2025-07-11 15:30:00', '2025-07-11 17:30:00'),
('S881', 'M002', 'SCR002', '2025-07-12', '2025-07-12 10:30:00', '2025-07-12 12:30:00'),
('S882', 'M002', 'SCR003', '2025-07-12', '2025-07-12 13:30:00', '2025-07-12 15:30:00'),
('S883', 'M002', 'SCR004', '2025-07-12', '2025-07-12 16:30:00', '2025-07-12 18:30:00'),
('S884', 'M002', 'SCR005', '2025-07-13', '2025-07-13 11:30:00', '2025-07-13 13:30:00'),
('S885', 'M002', 'SCR006', '2025-07-13', '2025-07-13 14:30:00', '2025-07-13 16:30:00'),
('S886', 'M002', 'SCR007', '2025-07-14', '2025-07-14 09:30:00', '2025-07-14 11:30:00'),
('S887', 'M002', 'SCR008', '2025-07-14', '2025-07-14 12:30:00', '2025-07-14 14:30:00'),
('S888', 'M002', 'SCR009', '2025-07-15', '2025-07-15 15:30:00', '2025-07-15 17:30:00'),
('S889', 'M002', 'SCR010', '2025-07-15', '2025-07-15 10:30:00', '2025-07-15 12:30:00'),
('S890', 'M002', 'SCR011', '2025-07-16', '2025-07-16 13:30:00', '2025-07-16 15:30:00'),
('S891', 'M002', 'SCR012', '2025-07-16', '2025-07-16 16:30:00', '2025-07-16 18:30:00'),
('S892', 'M002', 'SCR013', '2025-07-17', '2025-07-17 11:30:00', '2025-07-17 13:30:00'),
('S893', 'M002', 'SCR014', '2025-07-17', '2025-07-17 14:30:00', '2025-07-17 16:30:00'),
('S894', 'M002', 'SCR015', '2025-07-18', '2025-07-18 09:30:00', '2025-07-18 11:30:00'),
('S895', 'M002', 'SCR002', '2025-07-18', '2025-07-18 12:30:00', '2025-07-18 14:30:00'),
('S896', 'M002', 'SCR003', '2025-07-10', '2025-07-10 09:30:00', '2025-07-10 11:30:00'),
('S897', 'M002', 'SCR004', '2025-07-11', '2025-07-11 12:30:00', '2025-07-11 14:30:00'),
('S898', 'M002', 'SCR005', '2025-07-12', '2025-07-12 15:30:00', '2025-07-12 17:30:00'),
('S899', 'M002', 'SCR006', '2025-07-13', '2025-07-13 10:30:00', '2025-07-13 12:30:00'),
('S900', 'M002', 'SCR007', '2025-07-14', '2025-07-14 13:30:00', '2025-07-14 15:30:00'),
('S901', 'M002', 'SCR008', '2025-07-15', '2025-07-15 16:30:00', '2025-07-15 18:30:00'),
('S902', 'M002', 'SCR009', '2025-07-16', '2025-07-16 11:30:00', '2025-07-16 13:30:00'),
('S903', 'M003', 'SCR010', '2025-07-11', '2025-07-11 09:30:00', '2025-07-11 11:30:00'),
('S904', 'M003', 'SCR011', '2025-07-11', '2025-07-11 12:30:00', '2025-07-11 14:30:00'),
('S905', 'M003', 'SCR012', '2025-07-11', '2025-07-11 15:30:00', '2025-07-11 17:30:00'),
('S906', 'M003', 'SCR013', '2025-07-12', '2025-07-12 10:30:00', '2025-07-12 12:30:00'),
('S907', 'M003', 'SCR014', '2025-07-12', '2025-07-12 13:30:00', '2025-07-12 15:30:00'),
('S908', 'M003', 'SCR015', '2025-07-12', '2025-07-12 16:30:00', '2025-07-12 18:30:00'),
('S909', 'M003', 'SCR002', '2025-07-13', '2025-07-13 11:30:00', '2025-07-13 13:30:00'),
('S910', 'M003', 'SCR003', '2025-07-13', '2025-07-13 14:30:00', '2025-07-13 16:30:00'),
('S911', 'M003', 'SCR004', '2025-07-14', '2025-07-14 09:30:00', '2025-07-14 11:30:00'),
('S912', 'M003', 'SCR005', '2025-07-14', '2025-07-14 12:30:00', '2025-07-14 14:30:00'),
('S913', 'M003', 'SCR006', '2025-07-15', '2025-07-15 15:30:00', '2025-07-15 17:30:00'),
('S914', 'M003', 'SCR007', '2025-07-15', '2025-07-15 10:30:00', '2025-07-15 12:30:00'),
('S915', 'M003', 'SCR008', '2025-07-16', '2025-07-16 13:30:00', '2025-07-16 15:30:00'),
('S916', 'M003', 'SCR009', '2025-07-16', '2025-07-16 16:30:00', '2025-07-16 18:30:00'),
('S917', 'M003', 'SCR010', '2025-07-17', '2025-07-17 11:30:00', '2025-07-17 13:30:00'),
('S918', 'M003', 'SCR011', '2025-07-17', '2025-07-17 14:30:00', '2025-07-17 16:30:00'),
('S919', 'M003', 'SCR012', '2025-07-18', '2025-07-18 09:30:00', '2025-07-18 11:30:00'),
('S920', 'M003', 'SCR013', '2025-07-18', '2025-07-18 12:30:00', '2025-07-18 14:30:00'),
('S921', 'M003', 'SCR014', '2025-07-10', '2025-07-10 09:30:00', '2025-07-10 11:30:00'),
('S922', 'M003', 'SCR015', '2025-07-11', '2025-07-11 12:30:00', '2025-07-11 14:30:00'),
('S923', 'M003', 'SCR002', '2025-07-12', '2025-07-12 15:30:00', '2025-07-12 17:30:00'),
('S924', 'M003', 'SCR003', '2025-07-13', '2025-07-13 10:30:00', '2025-07-13 12:30:00'),
('S925', 'M003', 'SCR004', '2025-07-14', '2025-07-14 13:30:00', '2025-07-14 15:30:00'),
('S926', 'M003', 'SCR005', '2025-07-15', '2025-07-15 16:30:00', '2025-07-15 18:30:00'),
('S927', 'M003', 'SCR006', '2025-07-16', '2025-07-16 11:30:00', '2025-07-16 13:30:00'),
('S928', 'M004', 'SCR007', '2025-07-11', '2025-07-11 09:30:00', '2025-07-11 11:30:00'),
('S929', 'M004', 'SCR008', '2025-07-11', '2025-07-11 12:30:00', '2025-07-11 14:30:00'),
('S930', 'M004', 'SCR009', '2025-07-11', '2025-07-11 15:30:00', '2025-07-11 17:30:00'),
('S931', 'M004', 'SCR010', '2025-07-12', '2025-07-12 10:30:00', '2025-07-12 12:30:00'),
('S932', 'M004', 'SCR011', '2025-07-12', '2025-07-12 13:30:00', '2025-07-12 15:30:00'),
('S933', 'M004', 'SCR012', '2025-07-12', '2025-07-12 16:30:00', '2025-07-12 18:30:00'),
('S934', 'M004', 'SCR013', '2025-07-13', '2025-07-13 11:30:00', '2025-07-13 13:30:00'),
('S935', 'M004', 'SCR014', '2025-07-13', '2025-07-13 14:30:00', '2025-07-13 16:30:00'),
('S936', 'M004', 'SCR015', '2025-07-14', '2025-07-14 09:30:00', '2025-07-14 11:30:00'),
('S937', 'M004', 'SCR002', '2025-07-14', '2025-07-14 12:30:00', '2025-07-14 14:30:00'),
('S938', 'M004', 'SCR003', '2025-07-15', '2025-07-15 15:30:00', '2025-07-15 17:30:00'),
('S939', 'M004', 'SCR004', '2025-07-15', '2025-07-15 10:30:00', '2025-07-15 12:30:00'),
('S940', 'M004', 'SCR005', '2025-07-16', '2025-07-16 13:30:00', '2025-07-16 15:30:00'),
('S941', 'M004', 'SCR006', '2025-07-16', '2025-07-16 16:30:00', '2025-07-16 18:30:00'),
('S942', 'M004', 'SCR007', '2025-07-17', '2025-07-17 11:30:00', '2025-07-17 13:30:00'),
('S943', 'M004', 'SCR008', '2025-07-17', '2025-07-17 14:30:00', '2025-07-17 16:30:00'),
('S944', 'M004', 'SCR009', '2025-07-18', '2025-07-18 09:30:00', '2025-07-18 11:30:00'),
('S945', 'M004', 'SCR010', '2025-07-18', '2025-07-18 12:30:00', '2025-07-18 14:30:00'),
('S946', 'M004', 'SCR011', '2025-07-10', '2025-07-10 09:30:00', '2025-07-10 11:30:00'),
('S947', 'M004', 'SCR012', '2025-07-11', '2025-07-11 12:30:00', '2025-07-11 14:30:00'),
('S948', 'M004', 'SCR013', '2025-07-12', '2025-07-12 15:30:00', '2025-07-12 17:30:00'),
('S949', 'M004', 'SCR014', '2025-07-13', '2025-07-13 10:30:00', '2025-07-13 12:30:00'),
('S950', 'M004', 'SCR015', '2025-07-14', '2025-07-14 13:30:00', '2025-07-14 15:30:00'),
('S951', 'M004', 'SCR002', '2025-07-15', '2025-07-15 16:30:00', '2025-07-15 18:30:00'),
('S952', 'M004', 'SCR003', '2025-07-16', '2025-07-16 11:30:00', '2025-07-16 13:30:00'),
('S953', 'M005', 'SCR004', '2025-07-11', '2025-07-11 09:30:00', '2025-07-11 11:30:00'),
('S954', 'M005', 'SCR005', '2025-07-11', '2025-07-11 12:30:00', '2025-07-11 14:30:00'),
('S955', 'M005', 'SCR006', '2025-07-11', '2025-07-11 15:30:00', '2025-07-11 17:30:00'),
('S956', 'M005', 'SCR007', '2025-07-12', '2025-07-12 10:30:00', '2025-07-12 12:30:00'),
('S957', 'M005', 'SCR008', '2025-07-12', '2025-07-12 13:30:00', '2025-07-12 15:30:00'),
('S958', 'M005', 'SCR009', '2025-07-12', '2025-07-12 16:30:00', '2025-07-12 18:30:00'),
('S959', 'M005', 'SCR010', '2025-07-13', '2025-07-13 11:30:00', '2025-07-13 13:30:00'),
('S960', 'M005', 'SCR011', '2025-07-13', '2025-07-13 14:30:00', '2025-07-13 16:30:00'),
('S961', 'M005', 'SCR012', '2025-07-14', '2025-07-14 09:30:00', '2025-07-14 11:30:00'),
('S962', 'M005', 'SCR013', '2025-07-14', '2025-07-14 12:30:00', '2025-07-14 14:30:00'),
('S963', 'M005', 'SCR014', '2025-07-15', '2025-07-15 15:30:00', '2025-07-15 17:30:00'),
('S964', 'M005', 'SCR015', '2025-07-15', '2025-07-15 10:30:00', '2025-07-15 12:30:00'),
('S965', 'M005', 'SCR002', '2025-07-16', '2025-07-16 13:30:00', '2025-07-16 15:30:00'),
('S966', 'M005', 'SCR003', '2025-07-16', '2025-07-16 16:30:00', '2025-07-16 18:30:00'),
('S967', 'M005', 'SCR004', '2025-07-17', '2025-07-17 11:30:00', '2025-07-17 13:30:00'),
('S968', 'M005', 'SCR005', '2025-07-17', '2025-07-17 14:30:00', '2025-07-17 16:30:00'),
('S969', 'M005', 'SCR006', '2025-07-18', '2025-07-18 09:30:00', '2025-07-18 11:30:00'),
('S970', 'M005', 'SCR007', '2025-07-18', '2025-07-18 12:30:00', '2025-07-18 14:30:00'),
('S971', 'M005', 'SCR008', '2025-07-10', '2025-07-10 09:30:00', '2025-07-10 11:30:00'),
('S972', 'M005', 'SCR009', '2025-07-11', '2025-07-11 12:30:00', '2025-07-11 14:30:00'),
('S973', 'M005', 'SCR010', '2025-07-12', '2025-07-12 15:30:00', '2025-07-12 17:30:00'),
('S974', 'M005', 'SCR011', '2025-07-13', '2025-07-13 10:30:00', '2025-07-13 12:30:00'),
('S975', 'M005', 'SCR012', '2025-07-14', '2025-07-14 13:30:00', '2025-07-14 15:30:00'),
('S976', 'M005', 'SCR013', '2025-07-15', '2025-07-15 16:30:00', '2025-07-15 18:30:00'),
('S977', 'M005', 'SCR014', '2025-07-16', '2025-07-16 11:30:00', '2025-07-16 13:30:00'),
('S978', 'M006', 'SCR015', '2025-07-11', '2025-07-11 09:30:00', '2025-07-11 11:00:00'),
('S979', 'M006', 'SCR002', '2025-07-11', '2025-07-11 11:30:00', '2025-07-11 13:00:00'),
('S980', 'M006', 'SCR003', '2025-07-11', '2025-07-11 13:30:00', '2025-07-11 15:00:00'),
('S981', 'M006', 'SCR004', '2025-07-12', '2025-07-12 15:30:00', '2025-07-12 17:00:00'),
('S982', 'M006', 'SCR005', '2025-07-12', '2025-07-12 10:30:00', '2025-07-12 12:00:00'),
('S983', 'M006', 'SCR006', '2025-07-12', '2025-07-12 12:30:00', '2025-07-12 14:00:00'),
('S984', 'M006', 'SCR007', '2025-07-13', '2025-07-13 14:30:00', '2025-07-13 16:00:00'),
('S985', 'M006', 'SCR008', '2025-07-13', '2025-07-13 16:30:00', '2025-07-13 18:00:00'),
('S986', 'M006', 'SCR009', '2025-07-14', '2025-07-14 11:30:00', '2025-07-14 13:00:00'),
('S987', 'M006', 'SCR010', '2025-07-14', '2025-07-14 13:30:00', '2025-07-14 15:00:00'),
('S988', 'M006', 'SCR011', '2025-07-15', '2025-07-15 15:30:00', '2025-07-15 17:00:00'),
('S989', 'M006', 'SCR012', '2025-07-15', '2025-07-15 10:30:00', '2025-07-15 12:00:00'),
('S990', 'M006', 'SCR013', '2025-07-16', '2025-07-16 12:30:00', '2025-07-16 14:00:00'),
('S991', 'M006', 'SCR014', '2025-07-16', '2025-07-16 14:30:00', '2025-07-16 16:00:00'),
('S992', 'M006', 'SCR015', '2025-07-17', '2025-07-17 16:30:00', '2025-07-17 18:00:00'),
('S993', 'M006', 'SCR002', '2025-07-17', '2025-07-17 11:30:00', '2025-07-17 13:00:00'),
('S994', 'M006', 'SCR003', '2025-07-18', '2025-07-18 13:30:00', '2025-07-18 15:00:00'),
('S995', 'M006', 'SCR004', '2025-07-18', '2025-07-18 15:30:00', '2025-07-18 17:00:00'),
('S996', 'M006', 'SCR005', '2025-07-10', '2025-07-10 09:30:00', '2025-07-10 11:00:00'),
('S997', 'M006', 'SCR006', '2025-07-11', '2025-07-11 11:30:00', '2025-07-11 13:00:00'),
('S998', 'M006', 'SCR007', '2025-07-12', '2025-07-12 13:30:00', '2025-07-12 15:00:00'),
('S999', 'M006', 'SCR008', '2025-07-13', '2025-07-13 15:30:00', '2025-07-13 17:00:00'),
('S1000', 'M006', 'SCR009', '2025-07-14', '2025-07-14 10:30:00', '2025-07-14 12:00:00'),
('S1001', 'M006', 'SCR010', '2025-07-15', '2025-07-15 12:30:00', '2025-07-15 14:00:00'),
('S1002', 'M006', 'SCR011', '2025-07-16', '2025-07-16 14:30:00', '2025-07-16 16:00:00'),
('S1003', 'M007', 'SCR012', '2025-07-11', '2025-07-11 09:30:00', '2025-07-11 11:00:00'),
('S1004', 'M007', 'SCR013', '2025-07-11', '2025-07-11 11:30:00', '2025-07-11 13:00:00'),
('S1005', 'M007', 'SCR014', '2025-07-11', '2025-07-11 13:30:00', '2025-07-11 15:00:00'),
('S1006', 'M007', 'SCR015', '2025-07-12', '2025-07-12 15:30:00', '2025-07-12 17:00:00'),
('S1007', 'M007', 'SCR002', '2025-07-12', '2025-07-12 10:30:00', '2025-07-12 12:00:00'),
('S1008', 'M007', 'SCR003', '2025-07-12', '2025-07-12 12:30:00', '2025-07-12 14:00:00'),
('S1009', 'M007', 'SCR004', '2025-07-13', '2025-07-13 14:30:00', '2025-07-13 16:00:00'),
('S1010', 'M007', 'SCR005', '2025-07-13', '2025-07-13 16:30:00', '2025-07-13 18:00:00'),
('S1011', 'M007', 'SCR006', '2025-07-14', '2025-07-14 11:30:00', '2025-07-14 13:00:00'),
('S1012', 'M007', 'SCR007', '2025-07-14', '2025-07-14 13:30:00', '2025-07-14 15:00:00'),
('S1013', 'M007', 'SCR008', '2025-07-15', '2025-07-15 15:30:00', '2025-07-15 17:00:00'),
('S1014', 'M007', 'SCR009', '2025-07-15', '2025-07-15 10:30:00', '2025-07-15 12:00:00'),
('S1015', 'M007', 'SCR010', '2025-07-16', '2025-07-16 12:30:00', '2025-07-16 14:00:00'),
('S1016', 'M007', 'SCR011', '2025-07-16', '2025-07-16 14:30:00', '2025-07-16 16:00:00'),
('S1017', 'M007', 'SCR012', '2025-07-17', '2025-07-17 16:30:00', '2025-07-17 18:00:00'),
('S1018', 'M007', 'SCR013', '2025-07-17', '2025-07-17 11:30:00', '2025-07-17 13:00:00'),
('S1019', 'M007', 'SCR014', '2025-07-18', '2025-07-18 13:30:00', '2025-07-18 15:00:00'),
('S1020', 'M007', 'SCR015', '2025-07-18', '2025-07-18 15:30:00', '2025-07-18 17:00:00'),
('S1021', 'M007', 'SCR002', '2025-07-10', '2025-07-10 09:30:00', '2025-07-10 11:00:00'),
('S1022', 'M007', 'SCR003', '2025-07-11', '2025-07-11 11:30:00', '2025-07-11 13:00:00'),
('S1023', 'M007', 'SCR004', '2025-07-12', '2025-07-12 13:30:00', '2025-07-12 15:00:00'),
('S1024', 'M007', 'SCR005', '2025-07-13', '2025-07-13 15:30:00', '2025-07-13 17:00:00'),
('S1025', 'M007', 'SCR006', '2025-07-14', '2025-07-14 10:30:00', '2025-07-14 12:00:00'),
('S1026', 'M007', 'SCR007', '2025-07-15', '2025-07-15 12:30:00', '2025-07-15 14:00:00'),
('S1027', 'M007', 'SCR008', '2025-07-16', '2025-07-16 14:30:00', '2025-07-16 16:00:00'),
('S1028', 'M008', 'SCR009', '2025-07-11', '2025-07-11 09:30:00', '2025-07-11 12:00:00'),
('S1029', 'M008', 'SCR010', '2025-07-11', '2025-07-11 12:30:00', '2025-07-11 15:00:00'),
('S1030', 'M008', 'SCR011', '2025-07-11', '2025-07-11 15:30:00', '2025-07-11 18:00:00'),
('S1031', 'M008', 'SCR012', '2025-07-12', '2025-07-12 18:30:00', '2025-07-12 21:00:00'),
('S1032', 'M008', 'SCR013', '2025-07-12', '2025-07-12 10:30:00', '2025-07-12 13:00:00'),
('S1033', 'M008', 'SCR014', '2025-07-12', '2025-07-12 13:30:00', '2025-07-12 16:00:00'),
('S1034', 'M008', 'SCR015', '2025-07-13', '2025-07-13 16:30:00', '2025-07-13 19:00:00'),
('S1035', 'M008', 'SCR002', '2025-07-13', '2025-07-13 11:30:00', '2025-07-13 14:00:00'),
('S1036', 'M008', 'SCR003', '2025-07-14', '2025-07-14 14:30:00', '2025-07-14 17:00:00'),
('S1037', 'M008', 'SCR004', '2025-07-14', '2025-07-14 09:30:00', '2025-07-14 12:00:00'),
('S1038', 'M008', 'SCR005', '2025-07-15', '2025-07-15 12:30:00', '2025-07-15 15:00:00'),
('S1039', 'M008', 'SCR006', '2025-07-15', '2025-07-15 15:30:00', '2025-07-15 18:00:00'),
('S1040', 'M008', 'SCR007', '2025-07-16', '2025-07-16 10:30:00', '2025-07-16 13:00:00'),
('S1041', 'M008', 'SCR008', '2025-07-16', '2025-07-16 13:30:00', '2025-07-16 16:00:00'),
('S1042', 'M008', 'SCR009', '2025-07-17', '2025-07-17 16:30:00', '2025-07-17 19:00:00'),
('S1043', 'M008', 'SCR010', '2025-07-17', '2025-07-17 11:30:00', '2025-07-17 14:00:00'),
('S1044', 'M008', 'SCR011', '2025-07-18', '2025-07-18 14:30:00', '2025-07-18 17:00:00'),
('S1045', 'M008', 'SCR012', '2025-07-18', '2025-07-18 09:30:00', '2025-07-18 12:00:00'),
('S1046', 'M008', 'SCR013', '2025-07-10', '2025-07-10 12:30:00', '2025-07-10 15:00:00'),
('S1047', 'M008', 'SCR014', '2025-07-11', '2025-07-11 15:30:00', '2025-07-11 18:00:00'),
('S1048', 'M008', 'SCR015', '2025-07-12', '2025-07-12 18:30:00', '2025-07-12 21:00:00'),
('S1049', 'M008', 'SCR002', '2025-07-13', '2025-07-13 10:30:00', '2025-07-13 13:00:00'),
('S1050', 'M008', 'SCR003', '2025-07-14', '2025-07-14 13:30:00', '2025-07-14 16:00:00'),
('S1051', 'M008', 'SCR004', '2025-07-15', '2025-07-15 16:30:00', '2025-07-15 19:00:00'),
('S1052', 'M008', 'SCR005', '2025-07-16', '2025-07-16 11:30:00', '2025-07-16 14:00:00'),
('S1053', 'M009', 'SCR006', '2025-07-11', '2025-07-11 09:30:00', '2025-07-11 11:30:00'),
('S1054', 'M009', 'SCR007', '2025-07-11', '2025-07-11 12:30:00', '2025-07-11 14:30:00'),
('S1055', 'M009', 'SCR008', '2025-07-11', '2025-07-11 15:30:00', '2025-07-11 17:30:00'),
('S1056', 'M009', 'SCR009', '2025-07-12', '2025-07-12 10:30:00', '2025-07-12 12:30:00'),
('S1057', 'M009', 'SCR010', '2025-07-12', '2025-07-12 13:30:00', '2025-07-12 15:30:00'),
('S1058', 'M009', 'SCR011', '2025-07-12', '2025-07-12 16:30:00', '2025-07-12 18:30:00'),
('S1059', 'M009', 'SCR012', '2025-07-13', '2025-07-13 11:30:00', '2025-07-13 13:30:00'),
('S1060', 'M009', 'SCR013', '2025-07-13', '2025-07-13 14:30:00', '2025-07-13 16:30:00'),
('S1061', 'M009', 'SCR014', '2025-07-14', '2025-07-14 09:30:00', '2025-07-14 11:30:00'),
('S1062', 'M009', 'SCR015', '2025-07-14', '2025-07-14 12:30:00', '2025-07-14 14:30:00'),
('S1063', 'M009', 'SCR002', '2025-07-15', '2025-07-15 15:30:00', '2025-07-15 17:30:00'),
('S1064', 'M001', 'SCR002', '2025-07-11', '2025-07-11 09:30:00', '2025-07-11 11:30:00'),
('S1065', 'M001', 'SCR003', '2025-07-11', '2025-07-11 12:30:00', '2025-07-11 14:30:00'),
('S1066', 'M001', 'SCR004', '2025-07-11', '2025-07-11 15:30:00', '2025-07-11 17:30:00'),
('S1067', 'M001', 'SCR005', '2025-07-12', '2025-07-12 10:30:00', '2025-07-12 12:30:00'),
('S1068', 'M001', 'SCR006', '2025-07-12', '2025-07-12 13:30:00', '2025-07-12 15:30:00'),
('S1069', 'M001', 'SCR007', '2025-07-12', '2025-07-12 16:30:00', '2025-07-12 18:30:00'),
('S1070', 'M001', 'SCR008', '2025-07-13', '2025-07-13 11:30:00', '2025-07-13 13:30:00'),
('S1071', 'M001', 'SCR009', '2025-07-13', '2025-07-13 14:30:00', '2025-07-13 16:30:00'),
('S1072', 'M001', 'SCR010', '2025-07-14', '2025-07-14 09:30:00', '2025-07-14 11:30:00'),
('S1073', 'M001', 'SCR011', '2025-07-14', '2025-07-14 12:30:00', '2025-07-14 14:30:00'),
('S1074', 'M001', 'SCR012', '2025-07-15', '2025-07-15 15:30:00', '2025-07-15 17:30:00'),
('S1075', 'M001', 'SCR013', '2025-07-15', '2025-07-15 10:30:00', '2025-07-15 12:30:00'),
('S1076', 'M001', 'SCR014', '2025-07-16', '2025-07-16 13:30:00', '2025-07-16 15:30:00'),
('S1077', 'M001', 'SCR015', '2025-07-16', '2025-07-16 16:30:00', '2025-07-16 18:30:00'),
('S1078', 'M001', 'SCR002', '2025-07-17', '2025-07-17 11:30:00', '2025-07-17 13:30:00'),
('S1079', 'M001', 'SCR003', '2025-07-17', '2025-07-17 14:30:00', '2025-07-17 16:30:00'),
('S1080', 'M001', 'SCR004', '2025-07-18', '2025-07-18 09:30:00', '2025-07-18 11:30:00'),
('S1081', 'M001', 'SCR005', '2025-07-18', '2025-07-18 12:30:00', '2025-07-18 14:30:00'),
('S1082', 'M001', 'SCR006', '2025-07-10', '2025-07-10 09:30:00', '2025-07-10 11:30:00'),
('S1083', 'M001', 'SCR007', '2025-07-11', '2025-07-11 12:30:00', '2025-07-11 14:30:00'),
('S1084', 'M001', 'SCR008', '2025-07-12', '2025-07-12 15:30:00', '2025-07-12 17:30:00'),
('S1085', 'M001', 'SCR009', '2025-07-13', '2025-07-13 10:30:00', '2025-07-13 12:30:00'),
('S1086', 'M001', 'SCR010', '2025-07-14', '2025-07-14 13:30:00', '2025-07-14 15:30:00'),
('S1087', 'M001', 'SCR011', '2025-07-15', '2025-07-15 16:30:00', '2025-07-15 18:30:00'),
('S1088', 'M001', 'SCR012', '2025-07-16', '2025-07-16 11:30:00', '2025-07-16 13:30:00'),
('S1089', 'M002', 'SCR013', '2025-07-11', '2025-07-11 09:30:00', '2025-07-11 11:30:00'),
('S1090', 'M002', 'SCR014', '2025-07-11', '2025-07-11 12:30:00', '2025-07-11 14:30:00'),
('S1091', 'M002', 'SCR015', '2025-07-11', '2025-07-11 15:30:00', '2025-07-11 17:30:00'),
('S1092', 'M002', 'SCR002', '2025-07-12', '2025-07-12 10:30:00', '2025-07-12 12:30:00'),
('S1093', 'M002', 'SCR003', '2025-07-12', '2025-07-12 13:30:00', '2025-07-12 15:30:00'),
('S1094', 'M002', 'SCR004', '2025-07-12', '2025-07-12 16:30:00', '2025-07-12 18:30:00'),
('S1095', 'M002', 'SCR005', '2025-07-13', '2025-07-13 11:30:00', '2025-07-13 13:30:00'),
('S1096', 'M002', 'SCR006', '2025-07-13', '2025-07-13 14:30:00', '2025-07-13 16:30:00'),
('S1097', 'M002', 'SCR007', '2025-07-14', '2025-07-14 09:30:00', '2025-07-14 11:30:00'),
('S1098', 'M002', 'SCR008', '2025-07-14', '2025-07-14 12:30:00', '2025-07-14 14:30:00'),
('S1099', 'M002', 'SCR009', '2025-07-15', '2025-07-15 15:30:00', '2025-07-15 17:30:00'),
('S1100', 'M002', 'SCR010', '2025-07-15', '2025-07-15 10:30:00', '2025-07-15 12:30:00'),
('S1101', 'M002', 'SCR011', '2025-07-16', '2025-07-16 13:30:00', '2025-07-16 15:30:00'),
('S1102', 'M002', 'SCR012', '2025-07-16', '2025-07-16 16:30:00', '2025-07-16 18:30:00'),
('S1103', 'M002', 'SCR013', '2025-07-17', '2025-07-17 11:30:00', '2025-07-17 13:30:00'),
('S1104', 'M002', 'SCR014', '2025-07-17', '2025-07-17 14:30:00', '2025-07-17 16:30:00'),
('S1105', 'M002', 'SCR015', '2025-07-18', '2025-07-18 09:30:00', '2025-07-18 11:30:00'),
('S1106', 'M002', 'SCR002', '2025-07-18', '2025-07-18 12:30:00', '2025-07-18 14:30:00'),
('S1107', 'M002', 'SCR003', '2025-07-10', '2025-07-10 09:30:00', '2025-07-10 11:30:00'),
('S1108', 'M002', 'SCR004', '2025-07-11', '2025-07-11 12:30:00', '2025-07-11 14:30:00'),
('S1109', 'M002', 'SCR005', '2025-07-12', '2025-07-12 15:30:00', '2025-07-12 17:30:00'),
('S1110', 'M002', 'SCR006', '2025-07-13', '2025-07-13 10:30:00', '2025-07-13 12:30:00'),
('S1111', 'M002', 'SCR007', '2025-07-14', '2025-07-14 13:30:00', '2025-07-14 15:30:00'),
('S1112', 'M002', 'SCR008', '2025-07-15', '2025-07-15 16:30:00', '2025-07-15 18:30:00'),
('S1113', 'M002', 'SCR009', '2025-07-16', '2025-07-16 11:30:00', '2025-07-16 13:30:00'),
('S1114', 'M003', 'SCR010', '2025-07-11', '2025-07-11 09:30:00', '2025-07-11 11:30:00'),
('S1115', 'M003', 'SCR011', '2025-07-11', '2025-07-11 12:30:00', '2025-07-11 14:30:00'),
('S1116', 'M003', 'SCR012', '2025-07-11', '2025-07-11 15:30:00', '2025-07-11 17:30:00'),
('S1117', 'M003', 'SCR013', '2025-07-12', '2025-07-12 10:30:00', '2025-07-12 12:30:00'),
('S1118', 'M003', 'SCR014', '2025-07-12', '2025-07-12 13:30:00', '2025-07-12 15:30:00'),
('S1119', 'M003', 'SCR015', '2025-07-12', '2025-07-12 16:30:00', '2025-07-12 18:30:00'),
('S1120', 'M003', 'SCR002', '2025-07-13', '2025-07-13 11:30:00', '2025-07-13 13:30:00'),
('S1121', 'M003', 'SCR003', '2025-07-13', '2025-07-13 14:30:00', '2025-07-13 16:30:00'),
('S1122', 'M003', 'SCR004', '2025-07-14', '2025-07-14 09:30:00', '2025-07-14 11:30:00'),
('S1123', 'M003', 'SCR005', '2025-07-14', '2025-07-14 12:30:00', '2025-07-14 14:30:00'),
('S1124', 'M003', 'SCR006', '2025-07-15', '2025-07-15 15:30:00', '2025-07-15 17:30:00'),
('S1125', 'M003', 'SCR007', '2025-07-15', '2025-07-15 10:30:00', '2025-07-15 12:30:00'),
('S1126', 'M003', 'SCR008', '2025-07-16', '2025-07-16 13:30:00', '2025-07-16 15:30:00'),
('S1127', 'M003', 'SCR009', '2025-07-16', '2025-07-16 16:30:00', '2025-07-16 18:30:00'),
('S1128', 'M003', 'SCR010', '2025-07-17', '2025-07-17 11:30:00', '2025-07-17 13:30:00'),
('S1129', 'M003', 'SCR011', '2025-07-17', '2025-07-17 14:30:00', '2025-07-17 16:30:00'),
('S1130', 'M003', 'SCR012', '2025-07-18', '2025-07-18 09:30:00', '2025-07-18 11:30:00'),
('S1131', 'M003', 'SCR013', '2025-07-18', '2025-07-18 12:30:00', '2025-07-18 14:30:00'),
('S1132', 'M003', 'SCR014', '2025-07-10', '2025-07-10 09:30:00', '2025-07-10 11:30:00'),
('S1133', 'M003', 'SCR015', '2025-07-11', '2025-07-11 12:30:00', '2025-07-11 14:30:00'),
('S1134', 'M003', 'SCR002', '2025-07-12', '2025-07-12 15:30:00', '2025-07-12 17:30:00'),
('S1135', 'M003', 'SCR003', '2025-07-13', '2025-07-13 10:30:00', '2025-07-13 12:30:00'),
('S1136', 'M003', 'SCR004', '2025-07-14', '2025-07-14 13:30:00', '2025-07-14 15:30:00'),
('S1137', 'M003', 'SCR005', '2025-07-15', '2025-07-15 16:30:00', '2025-07-15 18:30:00'),
('S1138', 'M003', 'SCR006', '2025-07-16', '2025-07-16 11:30:00', '2025-07-16 13:30:00'),
('S1139', 'M004', 'SCR007', '2025-07-11', '2025-07-11 09:30:00', '2025-07-11 11:30:00'),
('S1140', 'M004', 'SCR008', '2025-07-11', '2025-07-11 12:30:00', '2025-07-11 14:30:00'),
('S1141', 'M004', 'SCR009', '2025-07-11', '2025-07-11 15:30:00', '2025-07-11 17:30:00'),
('S1142', 'M004', 'SCR010', '2025-07-12', '2025-07-12 10:30:00', '2025-07-12 12:30:00'),
('S1143', 'M004', 'SCR011', '2025-07-12', '2025-07-12 13:30:00', '2025-07-12 15:30:00'),
('S1144', 'M004', 'SCR012', '2025-07-12', '2025-07-12 16:30:00', '2025-07-12 18:30:00'),
('S1145', 'M004', 'SCR013', '2025-07-13', '2025-07-13 11:30:00', '2025-07-13 13:30:00'),
('S1146', 'M004', 'SCR014', '2025-07-13', '2025-07-13 14:30:00', '2025-07-13 16:30:00'),
('S1147', 'M004', 'SCR015', '2025-07-14', '2025-07-14 09:30:00', '2025-07-14 11:30:00'),
('S1148', 'M004', 'SCR002', '2025-07-14', '2025-07-14 12:30:00', '2025-07-14 14:30:00'),
('S1149', 'M004', 'SCR003', '2025-07-15', '2025-07-15 15:30:00', '2025-07-15 17:30:00'),
('S1150', 'M004', 'SCR004', '2025-07-15', '2025-07-15 10:30:00', '2025-07-15 12:30:00'),
('S1151', 'M004', 'SCR005', '2025-07-16', '2025-07-16 13:30:00', '2025-07-16 15:30:00'),
('S1152', 'M004', 'SCR006', '2025-07-16', '2025-07-16 16:30:00', '2025-07-16 18:30:00'),
('S1153', 'M004', 'SCR007', '2025-07-17', '2025-07-17 11:30:00', '2025-07-17 13:30:00'),
('S1154', 'M004', 'SCR008', '2025-07-17', '2025-07-17 14:30:00', '2025-07-17 16:30:00'),
('S1155', 'M004', 'SCR009', '2025-07-18', '2025-07-18 09:30:00', '2025-07-18 11:30:00'),
('S1156', 'M004', 'SCR010', '2025-07-18', '2025-07-18 12:30:00', '2025-07-18 14:30:00'),
('S1157', 'M004', 'SCR011', '2025-07-10', '2025-07-10 09:30:00', '2025-07-10 11:30:00'),
('S1158', 'M004', 'SCR012', '2025-07-11', '2025-07-11 12:30:00', '2025-07-11 14:30:00'),
('S1159', 'M004', 'SCR013', '2025-07-12', '2025-07-12 15:30:00', '2025-07-12 17:30:00'),
('S1160', 'M004', 'SCR014', '2025-07-13', '2025-07-13 10:30:00', '2025-07-13 12:30:00'),
('S1161', 'M004', 'SCR015', '2025-07-14', '2025-07-14 13:30:00', '2025-07-14 15:30:00'),
('S1162', 'M004', 'SCR002', '2025-07-15', '2025-07-15 16:30:00', '2025-07-15 18:30:00'),
('S1163', 'M004', 'SCR003', '2025-07-16', '2025-07-16 11:30:00', '2025-07-16 13:30:00'),
('S1164', 'M005', 'SCR004', '2025-07-11', '2025-07-11 09:30:00', '2025-07-11 11:30:00'),
('S1165', 'M005', 'SCR005', '2025-07-11', '2025-07-11 12:30:00', '2025-07-11 14:30:00'),
('S1166', 'M005', 'SCR006', '2025-07-11', '2025-07-11 15:30:00', '2025-07-11 17:30:00'),
('S1167', 'M005', 'SCR007', '2025-07-12', '2025-07-12 10:30:00', '2025-07-12 12:30:00'),
('S1168', 'M005', 'SCR008', '2025-07-12', '2025-07-12 13:30:00', '2025-07-12 15:30:00'),
('S1169', 'M005', 'SCR009', '2025-07-12', '2025-07-12 16:30:00', '2025-07-12 18:30:00'),
('S1170', 'M005', 'SCR010', '2025-07-13', '2025-07-13 11:30:00', '2025-07-13 13:30:00'),
('S1171', 'M005', 'SCR011', '2025-07-13', '2025-07-13 14:30:00', '2025-07-13 16:30:00'),
('S1172', 'M005', 'SCR012', '2025-07-14', '2025-07-14 09:30:00', '2025-07-14 11:30:00'),
('S1173', 'M005', 'SCR013', '2025-07-14', '2025-07-14 12:30:00', '2025-07-14 14:30:00'),
('S1174', 'M005', 'SCR014', '2025-07-15', '2025-07-15 15:30:00', '2025-07-15 17:30:00'),
('S1175', 'M005', 'SCR015', '2025-07-15', '2025-07-15 10:30:00', '2025-07-15 12:30:00'),
('S1176', 'M005', 'SCR002', '2025-07-16', '2025-07-16 13:30:00', '2025-07-16 15:30:00'),
('S1177', 'M005', 'SCR003', '2025-07-16', '2025-07-16 16:30:00', '2025-07-16 18:30:00'),
('S1178', 'M005', 'SCR004', '2025-07-17', '2025-07-17 11:30:00', '2025-07-17 13:30:00'),
('S1179', 'M005', 'SCR005', '2025-07-17', '2025-07-17 14:30:00', '2025-07-17 16:30:00'),
('S1180', 'M005', 'SCR006', '2025-07-18', '2025-07-18 09:30:00', '2025-07-18 11:30:00'),
('S1181', 'M005', 'SCR007', '2025-07-18', '2025-07-18 12:30:00', '2025-07-18 14:30:00'),
('S1182', 'M005', 'SCR008', '2025-07-10', '2025-07-10 09:30:00', '2025-07-10 11:30:00'),
('S1183', 'M005', 'SCR009', '2025-07-11', '2025-07-11 12:30:00', '2025-07-11 14:30:00'),
('S1184', 'M005', 'SCR010', '2025-07-12', '2025-07-12 15:30:00', '2025-07-12 17:30:00'),
('S1185', 'M005', 'SCR011', '2025-07-13', '2025-07-13 10:30:00', '2025-07-13 12:30:00'),
('S1186', 'M005', 'SCR012', '2025-07-14', '2025-07-14 13:30:00', '2025-07-14 15:30:00'),
('S1187', 'M005', 'SCR013', '2025-07-15', '2025-07-15 16:30:00', '2025-07-15 18:30:00'),
('S1188', 'M005', 'SCR014', '2025-07-16', '2025-07-16 11:30:00', '2025-07-16 13:30:00'),
('S1189', 'M006', 'SCR015', '2025-07-11', '2025-07-11 09:30:00', '2025-07-11 11:00:00'),
('S1190', 'M006', 'SCR002', '2025-07-11', '2025-07-11 11:30:00', '2025-07-11 13:00:00'),
('S1191', 'M006', 'SCR003', '2025-07-11', '2025-07-11 13:30:00', '2025-07-11 15:00:00'),
('S1192', 'M006', 'SCR004', '2025-07-12', '2025-07-12 15:30:00', '2025-07-12 17:00:00'),
('S1193', 'M006', 'SCR005', '2025-07-12', '2025-07-12 10:30:00', '2025-07-12 12:00:00'),
('S1194', 'M006', 'SCR006', '2025-07-12', '2025-07-12 12:30:00', '2025-07-12 14:00:00'),
('S1195', 'M006', 'SCR007', '2025-07-13', '2025-07-13 14:30:00', '2025-07-13 16:00:00'),
('S1196', 'M006', 'SCR008', '2025-07-13', '2025-07-13 16:30:00', '2025-07-13 18:00:00'),
('S1197', 'M006', 'SCR009', '2025-07-14', '2025-07-14 11:30:00', '2025-07-14 13:00:00'),
('S1198', 'M006', 'SCR010', '2025-07-14', '2025-07-14 13:30:00', '2025-07-14 15:00:00'),
('S1199', 'M006', 'SCR011', '2025-07-15', '2025-07-15 15:30:00', '2025-07-15 17:00:00'),
('S1200', 'M006', 'SCR012', '2025-07-15', '2025-07-15 10:30:00', '2025-07-15 12:00:00'),
('S1201', 'M006', 'SCR013', '2025-07-16', '2025-07-16 12:30:00', '2025-07-16 14:00:00'),
('S1202', 'M006', 'SCR014', '2025-07-16', '2025-07-16 14:30:00', '2025-07-16 16:00:00'),
('S1203', 'M006', 'SCR015', '2025-07-17', '2025-07-17 16:30:00', '2025-07-17 18:00:00'),
('S1204', 'M006', 'SCR002', '2025-07-17', '2025-07-17 11:30:00', '2025-07-17 13:00:00'),
('S1205', 'M006', 'SCR003', '2025-07-18', '2025-07-18 13:30:00', '2025-07-18 15:00:00'),
('S1206', 'M006', 'SCR004', '2025-07-18', '2025-07-18 15:30:00', '2025-07-18 17:00:00'),
('S1207', 'M006', 'SCR005', '2025-07-10', '2025-07-10 09:30:00', '2025-07-10 11:00:00'),
('S1208', 'M006', 'SCR006', '2025-07-11', '2025-07-11 11:30:00', '2025-07-11 13:00:00'),
('S1209', 'M006', 'SCR007', '2025-07-12', '2025-07-12 13:30:00', '2025-07-12 15:00:00'),
('S1210', 'M006', 'SCR008', '2025-07-13', '2025-07-13 15:30:00', '2025-07-13 17:00:00'),
('S1211', 'M006', 'SCR009', '2025-07-14', '2025-07-14 10:30:00', '2025-07-14 12:00:00'),
('S1212', 'M006', 'SCR010', '2025-07-15', '2025-07-15 12:30:00', '2025-07-15 14:00:00'),
('S1213', 'M006', 'SCR011', '2025-07-16', '2025-07-16 14:30:00', '2025-07-16 16:00:00'),
('S1214', 'M007', 'SCR012', '2025-07-11', '2025-07-11 09:30:00', '2025-07-11 11:00:00'),
('S1215', 'M007', 'SCR013', '2025-07-11', '2025-07-11 11:30:00', '2025-07-11 13:00:00'),
('S1216', 'M007', 'SCR014', '2025-07-11', '2025-07-11 13:30:00', '2025-07-11 15:00:00'),
('S1217', 'M007', 'SCR015', '2025-07-12', '2025-07-12 15:30:00', '2025-07-12 17:00:00'),
('S1218', 'M007', 'SCR002', '2025-07-12', '2025-07-12 10:30:00', '2025-07-12 12:00:00'),
('S1219', 'M007', 'SCR003', '2025-07-12', '2025-07-12 12:30:00', '2025-07-12 14:00:00'),
('S1220', 'M007', 'SCR004', '2025-07-13', '2025-07-13 14:30:00', '2025-07-13 16:00:00'),
('S1221', 'M007', 'SCR005', '2025-07-13', '2025-07-13 16:30:00', '2025-07-13 18:00:00'),
('S1222', 'M007', 'SCR006', '2025-07-14', '2025-07-14 11:30:00', '2025-07-14 13:00:00'),
('S1223', 'M007', 'SCR007', '2025-07-14', '2025-07-14 13:30:00', '2025-07-14 15:00:00'),
('S1224', 'M007', 'SCR008', '2025-07-15', '2025-07-15 15:30:00', '2025-07-15 17:00:00'),
('S1225', 'M007', 'SCR009', '2025-07-15', '2025-07-15 10:30:00', '2025-07-15 12:00:00'),
('S1226', 'M007', 'SCR010', '2025-07-16', '2025-07-16 12:30:00', '2025-07-16 14:00:00'),
('S1227', 'M007', 'SCR011', '2025-07-16', '2025-07-16 14:30:00', '2025-07-16 16:00:00'),
('S1228', 'M007', 'SCR012', '2025-07-17', '2025-07-17 16:30:00', '2025-07-17 18:00:00'),
('S1229', 'M007', 'SCR013', '2025-07-17', '2025-07-17 11:30:00', '2025-07-17 13:00:00'),
('S1230', 'M007', 'SCR014', '2025-07-18', '2025-07-18 13:30:00', '2025-07-18 15:00:00'),
('S1231', 'M007', 'SCR015', '2025-07-18', '2025-07-18 15:30:00', '2025-07-18 17:00:00'),
('S1232', 'M007', 'SCR002', '2025-07-10', '2025-07-10 09:30:00', '2025-07-10 11:00:00'),
('S1233', 'M007', 'SCR003', '2025-07-11', '2025-07-11 11:30:00', '2025-07-11 13:00:00'),
('S1234', 'M007', 'SCR004', '2025-07-12', '2025-07-12 13:30:00', '2025-07-12 15:00:00'),
('S1235', 'M007', 'SCR005', '2025-07-13', '2025-07-13 15:30:00', '2025-07-13 17:00:00'),
('S1236', 'M007', 'SCR006', '2025-07-14', '2025-07-14 10:30:00', '2025-07-14 12:00:00'),
('S1237', 'M007', 'SCR007', '2025-07-15', '2025-07-15 12:30:00', '2025-07-15 14:00:00'),
('S1238', 'M007', 'SCR008', '2025-07-16', '2025-07-16 14:30:00', '2025-07-16 16:00:00'),
('S1239', 'M008', 'SCR009', '2025-07-11', '2025-07-11 09:30:00', '2025-07-11 12:00:00'),
('S1240', 'M008', 'SCR010', '2025-07-11', '2025-07-11 12:30:00', '2025-07-11 15:00:00'),
('S1241', 'M008', 'SCR011', '2025-07-11', '2025-07-11 15:30:00', '2025-07-11 18:00:00'),
('S1242', 'M008', 'SCR012', '2025-07-12', '2025-07-12 18:30:00', '2025-07-12 21:00:00'),
('S1243', 'M008', 'SCR013', '2025-07-12', '2025-07-12 10:30:00', '2025-07-12 13:00:00'),
('S1244', 'M008', 'SCR014', '2025-07-12', '2025-07-12 13:30:00', '2025-07-12 16:00:00'),
('S1245', 'M008', 'SCR015', '2025-07-13', '2025-07-13 16:30:00', '2025-07-13 19:00:00'),
('S1246', 'M008', 'SCR002', '2025-07-13', '2025-07-13 11:30:00', '2025-07-13 14:00:00'),
('S1247', 'M008', 'SCR003', '2025-07-14', '2025-07-14 14:30:00', '2025-07-14 17:00:00'),
('S1248', 'M008', 'SCR004', '2025-07-14', '2025-07-14 09:30:00', '2025-07-14 12:00:00'),
('S1249', 'M008', 'SCR005', '2025-07-15', '2025-07-15 12:30:00', '2025-07-15 15:00:00'),
('S1250', 'M008', 'SCR006', '2025-07-15', '2025-07-15 15:30:00', '2025-07-15 18:00:00'),
('S1251', 'M008', 'SCR007', '2025-07-16', '2025-07-16 10:30:00', '2025-07-16 13:00:00'),
('S1252', 'M008', 'SCR008', '2025-07-16', '2025-07-16 13:30:00', '2025-07-16 16:00:00'),
('S1253', 'M008', 'SCR009', '2025-07-17', '2025-07-17 16:30:00', '2025-07-17 19:00:00'),
('S1254', 'M008', 'SCR010', '2025-07-17', '2025-07-17 11:30:00', '2025-07-17 14:00:00'),
('S1255', 'M008', 'SCR011', '2025-07-18', '2025-07-18 14:30:00', '2025-07-18 17:00:00'),
('S1256', 'M008', 'SCR012', '2025-07-18', '2025-07-18 09:30:00', '2025-07-18 12:00:00'),
('S1257', 'M008', 'SCR013', '2025-07-10', '2025-07-10 12:30:00', '2025-07-10 15:00:00'),
('S1258', 'M008', 'SCR014', '2025-07-11', '2025-07-11 15:30:00', '2025-07-11 18:00:00'),
('S1259', 'M008', 'SCR015', '2025-07-12', '2025-07-12 18:30:00', '2025-07-12 21:00:00'),
('S1260', 'M008', 'SCR002', '2025-07-13', '2025-07-13 10:30:00', '2025-07-13 13:00:00'),
('S1261', 'M008', 'SCR003', '2025-07-14', '2025-07-14 13:30:00', '2025-07-14 16:00:00'),
('S1262', 'M008', 'SCR004', '2025-07-15', '2025-07-15 16:30:00', '2025-07-15 19:00:00'),
('S1263', 'M008', 'SCR005', '2025-07-16', '2025-07-16 11:30:00', '2025-07-16 14:00:00'),
('S1264', 'M009', 'SCR006', '2025-07-11', '2025-07-11 09:30:00', '2025-07-11 11:30:00'),
('S1265', 'M009', 'SCR007', '2025-07-11', '2025-07-11 12:30:00', '2025-07-11 14:30:00'),
('S1266', 'M009', 'SCR008', '2025-07-11', '2025-07-11 15:30:00', '2025-07-11 17:30:00'),
('S1267', 'M009', 'SCR009', '2025-07-12', '2025-07-12 10:30:00', '2025-07-12 12:30:00'),
('S1268', 'M009', 'SCR010', '2025-07-12', '2025-07-12 13:30:00', '2025-07-12 15:30:00'),
('S1269', 'M009', 'SCR011', '2025-07-12', '2025-07-12 16:30:00', '2025-07-12 18:30:00'),
('S1270', 'M009', 'SCR012', '2025-07-13', '2025-07-13 11:30:00', '2025-07-13 13:30:00'),
('S1271', 'M009', 'SCR013', '2025-07-13', '2025-07-13 14:30:00', '2025-07-13 16:30:00'),
('S1272', 'M009', 'SCR014', '2025-07-14', '2025-07-14 09:30:00', '2025-07-14 11:30:00'),
('S1273', 'M009', 'SCR015', '2025-07-14', '2025-07-14 12:30:00', '2025-07-14 14:30:00'),
('S1274', 'M009', 'SCR002', '2025-07-15', '2025-07-15 15:30:00', '2025-07-15 17:30:00'),
('S1275', 'M009', 'SCR003', '2025-07-15', '2025-07-15 10:30:00', '2025-07-15 12:30:00'),
('S1276', 'M009', 'SCR004', '2025-07-16', '2025-07-16 13:30:00', '2025-07-16 15:30:00'),
('S1277', 'M009', 'SCR005', '2025-07-16', '2025-07-16 16:30:00', '2025-07-16 18:30:00'),
('S1278', 'M009', 'SCR006', '2025-07-17', '2025-07-17 11:30:00', '2025-07-17 13:30:00'),
('S1279', 'M009', 'SCR007', '2025-07-17', '2025-07-17 14:30:00', '2025-07-17 16:30:00'),
('S1280', 'M009', 'SCR008', '2025-07-18', '2025-07-18 09:30:00', '2025-07-18 11:30:00'),
('S1281', 'M009', 'SCR009', '2025-07-18', '2025-07-18 12:30:00', '2025-07-18 14:30:00'),
('S1282', 'M009', 'SCR010', '2025-07-10', '2025-07-10 09:30:00', '2025-07-10 11:30:00'),
('S1283', 'M009', 'SCR011', '2025-07-11', '2025-07-11 12:30:00', '2025-07-11 14:30:00'),
('S1284', 'M009', 'SCR012', '2025-07-12', '2025-07-12 15:30:00', '2025-07-12 17:30:00'),
('S1285', 'M009', 'SCR013', '2025-07-13', '2025-07-13 10:30:00', '2025-07-13 12:30:00'),
('S1286', 'M009', 'SCR014', '2025-07-14', '2025-07-14 13:30:00', '2025-07-14 15:30:00'),
('S1287', 'M009', 'SCR015', '2025-07-15', '2025-07-15 16:30:00', '2025-07-15 18:30:00'),
('S1288', 'M009', 'SCR002', '2025-07-16', '2025-07-16 11:30:00', '2025-07-16 13:30:00'),
('S1289', 'M010', 'SCR003', '2025-07-11', '2025-07-11 09:30:00', '2025-07-11 11:30:00'),
('S1290', 'M010', 'SCR004', '2025-07-11', '2025-07-11 12:30:00', '2025-07-11 14:30:00'),
('S1291', 'M010', 'SCR005', '2025-07-11', '2025-07-11 15:30:00', '2025-07-11 17:30:00'),
('S1292', 'M010', 'SCR006', '2025-07-12', '2025-07-12 10:30:00', '2025-07-12 12:30:00'),
('S1293', 'M010', 'SCR007', '2025-07-12', '2025-07-12 13:30:00', '2025-07-12 15:30:00'),
('S1294', 'M010', 'SCR008', '2025-07-12', '2025-07-12 16:30:00', '2025-07-12 18:30:00'),
('S1295', 'M010', 'SCR009', '2025-07-13', '2025-07-13 11:30:00', '2025-07-13 13:30:00'),
('S1296', 'M010', 'SCR010', '2025-07-13', '2025-07-13 14:30:00', '2025-07-13 16:30:00'),
('S1297', 'M010', 'SCR011', '2025-07-14', '2025-07-14 09:30:00', '2025-07-14 11:30:00'),
('S1298', 'M010', 'SCR012', '2025-07-14', '2025-07-14 12:30:00', '2025-07-14 14:30:00'),
('S1299', 'M010', 'SCR013', '2025-07-15', '2025-07-15 15:30:00', '2025-07-15 17:30:00'),
('S1300', 'M010', 'SCR014', '2025-07-15', '2025-07-15 10:30:00', '2025-07-15 12:30:00'),
('S1301', 'M010', 'SCR015', '2025-07-16', '2025-07-16 13:30:00', '2025-07-16 15:30:00'),
('S1302', 'M010', 'SCR002', '2025-07-16', '2025-07-16 16:30:00', '2025-07-16 18:30:00'),
('S1303', 'M010', 'SCR003', '2025-07-17', '2025-07-17 11:30:00', '2025-07-17 13:30:00'),
('S1304', 'M010', 'SCR004', '2025-07-17', '2025-07-17 14:30:00', '2025-07-17 16:30:00'),
('S1305', 'M010', 'SCR005', '2025-07-18', '2025-07-18 09:30:00', '2025-07-18 11:30:00'),
('S1306', 'M010', 'SCR006', '2025-07-18', '2025-07-18 12:30:00', '2025-07-18 14:30:00'),
('S1307', 'M010', 'SCR007', '2025-07-10', '2025-07-10 09:30:00', '2025-07-10 11:30:00'),
('S1308', 'M010', 'SCR008', '2025-07-11', '2025-07-11 12:30:00', '2025-07-11 14:30:00'),
('S1309', 'M010', 'SCR009', '2025-07-12', '2025-07-12 15:30:00', '2025-07-12 17:30:00'),
('S1310', 'M010', 'SCR010', '2025-07-13', '2025-07-13 10:30:00', '2025-07-13 12:30:00'),
('S1311', 'M010', 'SCR011', '2025-07-14', '2025-07-14 13:30:00', '2025-07-14 15:30:00'),
('S1312', 'M010', 'SCR012', '2025-07-15', '2025-07-15 16:30:00', '2025-07-15 18:30:00'),
('S1313', 'M010', 'SCR013', '2025-07-16', '2025-07-16 11:30:00', '2025-07-16 13:30:00'),
('S1314', 'M011', 'SCR014', '2025-07-11', '2025-07-11 09:30:00', '2025-07-11 12:00:00'),
('S1315', 'M011', 'SCR015', '2025-07-11', '2025-07-11 12:30:00', '2025-07-11 15:00:00'),
('S1316', 'M011', 'SCR002', '2025-07-11', '2025-07-11 15:30:00', '2025-07-11 18:00:00'),
('S1317', 'M011', 'SCR003', '2025-07-12', '2025-07-12 18:30:00', '2025-07-12 21:00:00'),
('S1318', 'M011', 'SCR004', '2025-07-12', '2025-07-12 10:30:00', '2025-07-12 13:00:00'),
('S1319', 'M011', 'SCR005', '2025-07-12', '2025-07-12 13:30:00', '2025-07-12 16:00:00'),
('S1320', 'M011', 'SCR006', '2025-07-13', '2025-07-13 16:30:00', '2025-07-13 19:00:00'),
('S1321', 'M011', 'SCR007', '2025-07-13', '2025-07-13 11:30:00', '2025-07-13 14:00:00'),
('S1322', 'M011', 'SCR008', '2025-07-14', '2025-07-14 14:30:00', '2025-07-14 17:00:00'),
('S1323', 'M011', 'SCR009', '2025-07-14', '2025-07-14 09:30:00', '2025-07-14 12:00:00'),
('S1324', 'M011', 'SCR010', '2025-07-15', '2025-07-15 12:30:00', '2025-07-15 15:00:00'),
('S1325', 'M011', 'SCR011', '2025-07-15', '2025-07-15 15:30:00', '2025-07-15 18:00:00'),
('S1326', 'M011', 'SCR012', '2025-07-16', '2025-07-16 10:30:00', '2025-07-16 13:00:00'),
('S1327', 'M011', 'SCR013', '2025-07-16', '2025-07-16 13:30:00', '2025-07-16 16:00:00'),
('S1328', 'M011', 'SCR014', '2025-07-17', '2025-07-17 16:30:00', '2025-07-17 19:00:00'),
('S1329', 'M011', 'SCR015', '2025-07-17', '2025-07-17 11:30:00', '2025-07-17 14:00:00'),
('S1330', 'M011', 'SCR002', '2025-07-18', '2025-07-18 14:30:00', '2025-07-18 17:00:00'),
('S1331', 'M011', 'SCR003', '2025-07-18', '2025-07-18 09:30:00', '2025-07-18 12:00:00'),
('S1332', 'M011', 'SCR004', '2025-07-10', '2025-07-10 12:30:00', '2025-07-10 15:00:00'),
('S1333', 'M011', 'SCR005', '2025-07-11', '2025-07-11 15:30:00', '2025-07-11 18:00:00'),
('S1334', 'M011', 'SCR006', '2025-07-12', '2025-07-12 18:30:00', '2025-07-12 21:00:00'),
('S1335', 'M011', 'SCR007', '2025-07-13', '2025-07-13 10:30:00', '2025-07-13 13:00:00'),
('S1336', 'M011', 'SCR008', '2025-07-14', '2025-07-14 13:30:00', '2025-07-14 16:00:00'),
('S1337', 'M011', 'SCR009', '2025-07-15', '2025-07-15 16:30:00', '2025-07-15 19:00:00'),
('S1338', 'M011', 'SCR010', '2025-07-16', '2025-07-16 11:30:00', '2025-07-16 14:00:00'),
('S1339', 'M012', 'SCR011', '2025-07-11', '2025-07-11 09:30:00', '2025-07-11 11:00:00'),
('S1340', 'M012', 'SCR012', '2025-07-11', '2025-07-11 11:30:00', '2025-07-11 13:00:00'),
('S1341', 'M012', 'SCR013', '2025-07-11', '2025-07-11 13:30:00', '2025-07-11 15:00:00'),
('S1342', 'M012', 'SCR014', '2025-07-12', '2025-07-12 15:30:00', '2025-07-12 17:00:00'),
('S1343', 'M012', 'SCR015', '2025-07-12', '2025-07-12 10:30:00', '2025-07-12 12:00:00'),
('S1344', 'M012', 'SCR002', '2025-07-12', '2025-07-12 12:30:00', '2025-07-12 14:00:00'),
('S1345', 'M012', 'SCR003', '2025-07-13', '2025-07-13 14:30:00', '2025-07-13 16:00:00'),
('S1346', 'M012', 'SCR004', '2025-07-13', '2025-07-13 16:30:00', '2025-07-13 18:00:00'),
('S1347', 'M012', 'SCR005', '2025-07-14', '2025-07-14 11:30:00', '2025-07-14 13:00:00'),
('S1348', 'M012', 'SCR006', '2025-07-14', '2025-07-14 13:30:00', '2025-07-14 15:00:00'),
('S1349', 'M012', 'SCR007', '2025-07-15', '2025-07-15 15:30:00', '2025-07-15 17:00:00'),
('S1350', 'M012', 'SCR008', '2025-07-15', '2025-07-15 10:30:00', '2025-07-15 12:00:00'),
('S1351', 'M012', 'SCR009', '2025-07-16', '2025-07-16 12:30:00', '2025-07-16 14:00:00'),
('S1352', 'M012', 'SCR010', '2025-07-16', '2025-07-16 14:30:00', '2025-07-16 16:00:00'),
('S1353', 'M012', 'SCR011', '2025-07-17', '2025-07-17 16:30:00', '2025-07-17 18:00:00'),
('S1354', 'M012', 'SCR012', '2025-07-17', '2025-07-17 11:30:00', '2025-07-17 13:00:00'),
('S1355', 'M012', 'SCR013', '2025-07-18', '2025-07-18 13:30:00', '2025-07-18 15:00:00'),
('S1356', 'M012', 'SCR014', '2025-07-18', '2025-07-18 15:30:00', '2025-07-18 17:00:00'),
('S1357', 'M012', 'SCR015', '2025-07-10', '2025-07-10 09:30:00', '2025-07-10 11:00:00'),
('S1358', 'M012', 'SCR002', '2025-07-11', '2025-07-11 11:30:00', '2025-07-11 13:00:00'),
('S1359', 'M012', 'SCR003', '2025-07-12', '2025-07-12 13:30:00', '2025-07-12 15:00:00'),
('S1360', 'M012', 'SCR004', '2025-07-13', '2025-07-13 15:30:00', '2025-07-13 17:00:00'),
('S1361', 'M012', 'SCR005', '2025-07-14', '2025-07-14 10:30:00', '2025-07-14 12:00:00'),
('S1362', 'M012', 'SCR006', '2025-07-15', '2025-07-15 12:30:00', '2025-07-15 14:00:00'),
('S1363', 'M012', 'SCR007', '2025-07-16', '2025-07-16 14:30:00', '2025-07-16 16:00:00'),
('S1364', 'M013', 'SCR008', '2025-07-11', '2025-07-11 09:30:00', '2025-07-11 12:00:00'),
('S1365', 'M013', 'SCR009', '2025-07-11', '2025-07-11 12:30:00', '2025-07-11 15:00:00'),
('S1366', 'M013', 'SCR010', '2025-07-11', '2025-07-11 15:30:00', '2025-07-11 18:00:00'),
('S1367', 'M013', 'SCR011', '2025-07-12', '2025-07-12 18:30:00', '2025-07-12 21:00:00'),
('S1368', 'M013', 'SCR012', '2025-07-12', '2025-07-12 10:30:00', '2025-07-12 13:00:00'),
('S1369', 'M013', 'SCR013', '2025-07-12', '2025-07-12 13:30:00', '2025-07-12 16:00:00'),
('S1370', 'M013', 'SCR014', '2025-07-13', '2025-07-13 16:30:00', '2025-07-13 19:00:00'),
('S1371', 'M013', 'SCR015', '2025-07-13', '2025-07-13 11:30:00', '2025-07-13 14:00:00'),
('S1372', 'M013', 'SCR002', '2025-07-14', '2025-07-14 14:30:00', '2025-07-14 17:00:00'),
('S1373', 'M013', 'SCR003', '2025-07-14', '2025-07-14 09:30:00', '2025-07-14 12:00:00'),
('S1374', 'M013', 'SCR002', '2025-07-11', '2025-07-11 09:30:00', '2025-07-11 12:00:00'),
('S1375', 'M013', 'SCR003', '2025-07-11', '2025-07-11 12:30:00', '2025-07-11 15:00:00'),
('S1376', 'M013', 'SCR004', '2025-07-11', '2025-07-11 15:30:00', '2025-07-11 18:00:00'),
('S1377', 'M013', 'SCR005', '2025-07-12', '2025-07-12 10:30:00', '2025-07-12 13:00:00'),
('S1378', 'M013', 'SCR006', '2025-07-12', '2025-07-12 13:30:00', '2025-07-12 16:00:00'),
('S1379', 'M013', 'SCR007', '2025-07-12', '2025-07-12 16:30:00', '2025-07-12 19:00:00'),
('S1380', 'M013', 'SCR008', '2025-07-13', '2025-07-13 11:30:00', '2025-07-13 14:00:00'),
('S1381', 'M013', 'SCR009', '2025-07-13', '2025-07-13 14:30:00', '2025-07-13 17:00:00'),
('S1382', 'M013', 'SCR010', '2025-07-14', '2025-07-14 09:30:00', '2025-07-14 12:00:00'),
('S1383', 'M013', 'SCR011', '2025-07-14', '2025-07-14 12:30:00', '2025-07-14 15:00:00'),
('S1384', 'M013', 'SCR012', '2025-07-15', '2025-07-15 15:30:00', '2025-07-15 18:00:00'),
('S1385', 'M013', 'SCR013', '2025-07-15', '2025-07-15 10:30:00', '2025-07-15 13:00:00'),
('S1386', 'M013', 'SCR014', '2025-07-16', '2025-07-16 13:30:00', '2025-07-16 16:00:00'),
('S1387', 'M013', 'SCR015', '2025-07-16', '2025-07-16 16:30:00', '2025-07-16 19:00:00'),
('S1388', 'M013', 'SCR002', '2025-07-17', '2025-07-17 11:30:00', '2025-07-17 14:00:00'),
('S1389', 'M013', 'SCR003', '2025-07-17', '2025-07-17 14:30:00', '2025-07-17 17:00:00'),
('S1390', 'M013', 'SCR004', '2025-07-18', '2025-07-18 09:30:00', '2025-07-18 12:00:00'),
('S1391', 'M013', 'SCR005', '2025-07-18', '2025-07-18 12:30:00', '2025-07-18 15:00:00'),
('S1392', 'M013', 'SCR006', '2025-07-10', '2025-07-10 09:30:00', '2025-07-10 12:00:00'),
('S1393', 'M013', 'SCR007', '2025-07-11', '2025-07-11 12:30:00', '2025-07-11 15:00:00'),
('S1394', 'M013', 'SCR008', '2025-07-12', '2025-07-12 15:30:00', '2025-07-12 18:00:00'),
('S1395', 'M013', 'SCR009', '2025-07-13', '2025-07-13 10:30:00', '2025-07-13 13:00:00'),
('S1396', 'M013', 'SCR010', '2025-07-14', '2025-07-14 13:30:00', '2025-07-14 16:00:00'),
('S1397', 'M013', 'SCR011', '2025-07-15', '2025-07-15 16:30:00', '2025-07-15 19:00:00'),
('S1398', 'M013', 'SCR012', '2025-07-16', '2025-07-16 11:30:00', '2025-07-16 14:00:00'),
('S1399', 'M014', 'SCR013', '2025-07-11', '2025-07-11 09:30:00', '2025-07-11 11:30:00'),
('S1400', 'M014', 'SCR014', '2025-07-11', '2025-07-11 12:30:00', '2025-07-11 14:30:00'),
('S1401', 'M014', 'SCR015', '2025-07-11', '2025-07-11 15:30:00', '2025-07-11 17:30:00'),
('S1402', 'M014', 'SCR002', '2025-07-12', '2025-07-12 10:30:00', '2025-07-12 12:30:00'),
('S1403', 'M014', 'SCR003', '2025-07-12', '2025-07-12 13:30:00', '2025-07-12 15:30:00'),
('S1404', 'M014', 'SCR004', '2025-07-12', '2025-07-12 16:30:00', '2025-07-12 18:30:00'),
('S1405', 'M014', 'SCR005', '2025-07-13', '2025-07-13 11:30:00', '2025-07-13 13:30:00'),
('S1406', 'M014', 'SCR006', '2025-07-13', '2025-07-13 14:30:00', '2025-07-13 16:30:00'),
('S1407', 'M014', 'SCR007', '2025-07-14', '2025-07-14 09:30:00', '2025-07-14 11:30:00'),
('S1408', 'M014', 'SCR008', '2025-07-14', '2025-07-14 12:30:00', '2025-07-14 14:30:00'),
('S1409', 'M014', 'SCR009', '2025-07-15', '2025-07-15 15:30:00', '2025-07-15 17:30:00'),
('S1410', 'M014', 'SCR010', '2025-07-15', '2025-07-15 10:30:00', '2025-07-15 12:30:00'),
('S1411', 'M014', 'SCR011', '2025-07-16', '2025-07-16 13:30:00', '2025-07-16 15:30:00'),
('S1412', 'M014', 'SCR012', '2025-07-16', '2025-07-16 16:30:00', '2025-07-16 18:30:00'),
('S1413', 'M014', 'SCR013', '2025-07-17', '2025-07-17 11:30:00', '2025-07-17 13:30:00'),
('S1414', 'M014', 'SCR014', '2025-07-17', '2025-07-17 14:30:00', '2025-07-17 16:30:00'),
('S1415', 'M014', 'SCR015', '2025-07-18', '2025-07-18 09:30:00', '2025-07-18 11:30:00'),
('S1416', 'M014', 'SCR002', '2025-07-18', '2025-07-18 12:30:00', '2025-07-18 14:30:00'),
('S1417', 'M014', 'SCR003', '2025-07-10', '2025-07-10 09:30:00', '2025-07-10 11:30:00'),
('S1418', 'M014', 'SCR004', '2025-07-11', '2025-07-11 12:30:00', '2025-07-11 14:30:00'),
('S1419', 'M014', 'SCR005', '2025-07-12', '2025-07-12 15:30:00', '2025-07-12 17:30:00'),
('S1420', 'M014', 'SCR006', '2025-07-13', '2025-07-13 10:30:00', '2025-07-13 12:30:00'),
('S1421', 'M014', 'SCR007', '2025-07-14', '2025-07-14 13:30:00', '2025-07-14 15:30:00'),
('S1422', 'M014', 'SCR008', '2025-07-15', '2025-07-15 16:30:00', '2025-07-15 18:30:00'),
('S1423', 'M014', 'SCR009', '2025-07-16', '2025-07-16 11:30:00', '2025-07-16 13:30:00'),
('S1424', 'M015', 'SCR010', '2025-07-11', '2025-07-11 09:30:00', '2025-07-11 12:00:00'),
('S1425', 'M015', 'SCR011', '2025-07-11', '2025-07-11 12:30:00', '2025-07-11 15:00:00'),
('S1426', 'M015', 'SCR012', '2025-07-11', '2025-07-11 15:30:00', '2025-07-11 18:00:00'),
('S1427', 'M015', 'SCR013', '2025-07-12', '2025-07-12 10:30:00', '2025-07-12 13:00:00'),
('S1428', 'M015', 'SCR014', '2025-07-12', '2025-07-12 13:30:00', '2025-07-12 16:00:00'),
('S1429', 'M015', 'SCR015', '2025-07-12', '2025-07-12 16:30:00', '2025-07-12 19:00:00'),
('S1430', 'M015', 'SCR002', '2025-07-13', '2025-07-13 11:30:00', '2025-07-13 14:00:00'),
('S1431', 'M015', 'SCR003', '2025-07-13', '2025-07-13 14:30:00', '2025-07-13 17:00:00'),
('S1432', 'M015', 'SCR004', '2025-07-14', '2025-07-14 09:30:00', '2025-07-14 12:00:00'),
('S1433', 'M015', 'SCR005', '2025-07-14', '2025-07-14 12:30:00', '2025-07-14 15:00:00'),
('S1434', 'M015', 'SCR006', '2025-07-15', '2025-07-15 15:30:00', '2025-07-15 18:00:00'),
('S1435', 'M015', 'SCR007', '2025-07-15', '2025-07-15 10:30:00', '2025-07-15 13:00:00'),
('S1436', 'M015', 'SCR008', '2025-07-16', '2025-07-16 13:30:00', '2025-07-16 16:00:00'),
('S1437', 'M015', 'SCR009', '2025-07-16', '2025-07-16 16:30:00', '2025-07-16 19:00:00'),
('S1438', 'M015', 'SCR010', '2025-07-17', '2025-07-17 11:30:00', '2025-07-17 14:00:00'),
('S1439', 'M015', 'SCR011', '2025-07-17', '2025-07-17 14:30:00', '2025-07-17 17:00:00'),
('S1440', 'M015', 'SCR012', '2025-07-18', '2025-07-18 09:30:00', '2025-07-18 12:00:00'),
('S1441', 'M015', 'SCR013', '2025-07-18', '2025-07-18 12:30:00', '2025-07-18 15:00:00'),
('S1442', 'M015', 'SCR014', '2025-07-10', '2025-07-10 09:30:00', '2025-07-10 12:00:00'),
('S1443', 'M015', 'SCR015', '2025-07-11', '2025-07-11 12:30:00', '2025-07-11 15:00:00'),
('S1444', 'M015', 'SCR002', '2025-07-12', '2025-07-12 15:30:00', '2025-07-12 18:00:00'),
('S1445', 'M015', 'SCR003', '2025-07-13', '2025-07-13 10:30:00', '2025-07-13 13:00:00'),
('S1446', 'M015', 'SCR004', '2025-07-14', '2025-07-14 13:30:00', '2025-07-14 16:00:00'),
('S1447', 'M015', 'SCR005', '2025-07-15', '2025-07-15 16:30:00', '2025-07-15 19:00:00'),
('S1448', 'M015', 'SCR006', '2025-07-16', '2025-07-16 11:30:00', '2025-07-16 14:00:00'),
('S1449', 'M016', 'SCR007', '2025-07-11', '2025-07-11 09:30:00', '2025-07-11 11:30:00'),
('S1450', 'M016', 'SCR008', '2025-07-11', '2025-07-11 12:30:00', '2025-07-11 14:30:00'),
('S1451', 'M016', 'SCR009', '2025-07-11', '2025-07-11 15:30:00', '2025-07-11 17:30:00'),
('S1452', 'M016', 'SCR010', '2025-07-12', '2025-07-12 10:30:00', '2025-07-12 12:30:00'),
('S1453', 'M016', 'SCR011', '2025-07-12', '2025-07-12 13:30:00', '2025-07-12 15:30:00'),
('S1454', 'M016', 'SCR012', '2025-07-12', '2025-07-12 16:30:00', '2025-07-12 18:30:00'),
('S1455', 'M016', 'SCR013', '2025-07-13', '2025-07-13 11:30:00', '2025-07-13 13:30:00'),
('S1456', 'M016', 'SCR014', '2025-07-13', '2025-07-13 14:30:00', '2025-07-13 16:30:00'),
('S1457', 'M016', 'SCR015', '2025-07-14', '2025-07-14 09:30:00', '2025-07-14 11:30:00'),
('S1458', 'M016', 'SCR002', '2025-07-14', '2025-07-14 12:30:00', '2025-07-14 14:30:00'),
('S1459', 'M016', 'SCR003', '2025-07-15', '2025-07-15 15:30:00', '2025-07-15 17:30:00'),
('S1460', 'M016', 'SCR004', '2025-07-15', '2025-07-15 10:30:00', '2025-07-15 12:30:00'),
('S1461', 'M016', 'SCR005', '2025-07-16', '2025-07-16 13:30:00', '2025-07-16 15:30:00'),
('S1462', 'M016', 'SCR006', '2025-07-16', '2025-07-16 16:30:00', '2025-07-16 18:30:00'),
('S1463', 'M016', 'SCR007', '2025-07-17', '2025-07-17 11:30:00', '2025-07-17 13:30:00'),
('S1464', 'M016', 'SCR008', '2025-07-17', '2025-07-17 14:30:00', '2025-07-17 16:30:00'),
('S1465', 'M016', 'SCR009', '2025-07-18', '2025-07-18 09:30:00', '2025-07-18 11:30:00'),
('S1466', 'M016', 'SCR010', '2025-07-18', '2025-07-18 12:30:00', '2025-07-18 14:30:00'),
('S1467', 'M016', 'SCR011', '2025-07-10', '2025-07-10 09:30:00', '2025-07-10 11:30:00'),
('S1468', 'M016', 'SCR012', '2025-07-11', '2025-07-11 12:30:00', '2025-07-11 14:30:00'),
('S1469', 'M016', 'SCR013', '2025-07-12', '2025-07-12 15:30:00', '2025-07-12 17:30:00'),
('S1470', 'M016', 'SCR014', '2025-07-13', '2025-07-13 10:30:00', '2025-07-13 12:30:00'),
('S1471', 'M016', 'SCR015', '2025-07-14', '2025-07-14 13:30:00', '2025-07-14 15:30:00'),
('S1472', 'M016', 'SCR002', '2025-07-15', '2025-07-15 16:30:00', '2025-07-15 18:30:00'),
('S1473', 'M016', 'SCR003', '2025-07-16', '2025-07-16 11:30:00', '2025-07-16 13:30:00'),
('S1474', 'M017', 'SCR004', '2025-07-11', '2025-07-11 09:30:00', '2025-07-11 11:30:00'),
('S1475', 'M017', 'SCR005', '2025-07-11', '2025-07-11 12:30:00', '2025-07-11 14:30:00'),
('S1476', 'M017', 'SCR006', '2025-07-11', '2025-07-11 15:30:00', '2025-07-11 17:30:00'),
('S1477', 'M017', 'SCR007', '2025-07-12', '2025-07-12 10:30:00', '2025-07-12 12:30:00'),
('S1478', 'M017', 'SCR008', '2025-07-12', '2025-07-12 13:30:00', '2025-07-12 15:30:00'),
('S1479', 'M017', 'SCR009', '2025-07-12', '2025-07-12 16:30:00', '2025-07-12 18:30:00'),
('S1480', 'M017', 'SCR010', '2025-07-13', '2025-07-13 11:30:00', '2025-07-13 13:30:00'),
('S1481', 'M017', 'SCR011', '2025-07-13', '2025-07-13 14:30:00', '2025-07-13 16:30:00'),
('S1482', 'M017', 'SCR012', '2025-07-14', '2025-07-14 09:30:00', '2025-07-14 11:30:00'),
('S1483', 'M017', 'SCR013', '2025-07-14', '2025-07-14 12:30:00', '2025-07-14 14:30:00'),
('S1484', 'M017', 'SCR014', '2025-07-15', '2025-07-15 15:30:00', '2025-07-15 17:30:00'),
('S1485', 'M017', 'SCR015', '2025-07-15', '2025-07-15 10:30:00', '2025-07-15 12:30:00'),
('S1486', 'M017', 'SCR002', '2025-07-16', '2025-07-16 13:30:00', '2025-07-16 15:30:00'),
('S1487', 'M017', 'SCR003', '2025-07-16', '2025-07-16 16:30:00', '2025-07-16 18:30:00'),
('S1488', 'M017', 'SCR004', '2025-07-17', '2025-07-17 11:30:00', '2025-07-17 13:30:00'),
('S1489', 'M017', 'SCR005', '2025-07-17', '2025-07-17 14:30:00', '2025-07-17 16:30:00'),
('S1490', 'M017', 'SCR006', '2025-07-18', '2025-07-18 09:30:00', '2025-07-18 11:30:00'),
('S1491', 'M017', 'SCR007', '2025-07-18', '2025-07-18 12:30:00', '2025-07-18 14:30:00'),
('S1492', 'M017', 'SCR008', '2025-07-10', '2025-07-10 09:30:00', '2025-07-10 11:30:00'),
('S1493', 'M017', 'SCR009', '2025-07-11', '2025-07-11 12:30:00', '2025-07-11 14:30:00'),
('S1494', 'M017', 'SCR010', '2025-07-12', '2025-07-12 15:30:00', '2025-07-12 17:30:00'),
('S1495', 'M017', 'SCR011', '2025-07-13', '2025-07-13 10:30:00', '2025-07-13 12:30:00'),
('S1496', 'M017', 'SCR012', '2025-07-14', '2025-07-14 13:30:00', '2025-07-14 15:30:00'),
('S1497', 'M017', 'SCR013', '2025-07-15', '2025-07-15 16:30:00', '2025-07-15 18:30:00'),
('S1498', 'M017', 'SCR014', '2025-07-16', '2025-07-16 11:30:00', '2025-07-16 13:30:00'),
('S1499', 'M018', 'SCR015', '2025-07-11', '2025-07-11 09:30:00', '2025-07-11 12:00:00'),
('S1500', 'M018', 'SCR002', '2025-07-11', '2025-07-11 12:30:00', '2025-07-11 15:00:00'),
('S1501', 'M018', 'SCR003', '2025-07-11', '2025-07-11 15:30:00', '2025-07-11 18:00:00'),
('S1502', 'M018', 'SCR004', '2025-07-12', '2025-07-12 10:30:00', '2025-07-12 13:00:00'),
('S1503', 'M018', 'SCR005', '2025-07-12', '2025-07-12 13:30:00', '2025-07-12 16:00:00'),
('S1504', 'M018', 'SCR006', '2025-07-12', '2025-07-12 16:30:00', '2025-07-12 19:00:00'),
('S1505', 'M018', 'SCR007', '2025-07-13', '2025-07-13 11:30:00', '2025-07-13 14:00:00'),
('S1506', 'M018', 'SCR008', '2025-07-13', '2025-07-13 14:30:00', '2025-07-13 17:00:00'),
('S1507', 'M018', 'SCR009', '2025-07-14', '2025-07-14 09:30:00', '2025-07-14 12:00:00'),
('S1508', 'M018', 'SCR010', '2025-07-14', '2025-07-14 12:30:00', '2025-07-14 15:00:00'),
('S1509', 'M018', 'SCR011', '2025-07-15', '2025-07-15 15:30:00', '2025-07-15 18:00:00'),
('S1510', 'M018', 'SCR012', '2025-07-15', '2025-07-15 10:30:00', '2025-07-15 13:00:00'),
('S1511', 'M018', 'SCR013', '2025-07-16', '2025-07-16 13:30:00', '2025-07-16 16:00:00'),
('S1512', 'M018', 'SCR014', '2025-07-16', '2025-07-16 16:30:00', '2025-07-16 19:00:00'),
('S1513', 'M018', 'SCR015', '2025-07-17', '2025-07-17 11:30:00', '2025-07-17 14:00:00'),
('S1514', 'M018', 'SCR002', '2025-07-17', '2025-07-17 14:30:00', '2025-07-17 17:00:00'),
('S1515', 'M018', 'SCR003', '2025-07-18', '2025-07-18 09:30:00', '2025-07-18 12:00:00'),
('S1516', 'M018', 'SCR004', '2025-07-18', '2025-07-18 12:30:00', '2025-07-18 15:00:00'),
('S1517', 'M018', 'SCR005', '2025-07-10', '2025-07-10 09:30:00', '2025-07-10 12:00:00'),
('S1518', 'M018', 'SCR006', '2025-07-11', '2025-07-11 12:30:00', '2025-07-11 15:00:00'),
('S1519', 'M018', 'SCR007', '2025-07-12', '2025-07-12 15:30:00', '2025-07-12 18:00:00'),
('S1520', 'M018', 'SCR008', '2025-07-13', '2025-07-13 10:30:00', '2025-07-13 13:00:00'),
('S1521', 'M018', 'SCR009', '2025-07-14', '2025-07-14 13:30:00', '2025-07-14 16:00:00'),
('S1522', 'M018', 'SCR010', '2025-07-15', '2025-07-15 16:30:00', '2025-07-15 19:00:00'),
('S1523', 'M018', 'SCR011', '2025-07-16', '2025-07-16 11:30:00', '2025-07-16 14:00:00'),
('S1524', 'M019', 'SCR012', '2025-07-11', '2025-07-11 09:30:00', '2025-07-11 11:30:00'),
('S1525', 'M019', 'SCR013', '2025-07-11', '2025-07-11 12:30:00', '2025-07-11 14:30:00'),
('S1526', 'M019', 'SCR014', '2025-07-11', '2025-07-11 15:30:00', '2025-07-11 17:30:00'),
('S1527', 'M019', 'SCR015', '2025-07-12', '2025-07-12 10:30:00', '2025-07-12 12:30:00'),
('S1528', 'M019', 'SCR002', '2025-07-12', '2025-07-12 13:30:00', '2025-07-12 15:30:00'),
('S1529', 'M019', 'SCR003', '2025-07-12', '2025-07-12 16:30:00', '2025-07-12 18:30:00'),
('S1530', 'M019', 'SCR004', '2025-07-13', '2025-07-13 11:30:00', '2025-07-13 13:30:00'),
('S1531', 'M019', 'SCR005', '2025-07-13', '2025-07-13 14:30:00', '2025-07-13 16:30:00'),
('S1532', 'M019', 'SCR006', '2025-07-14', '2025-07-14 09:30:00', '2025-07-14 11:30:00'),
('S1533', 'M019', 'SCR007', '2025-07-14', '2025-07-14 12:30:00', '2025-07-14 14:30:00'),
('S1534', 'M019', 'SCR008', '2025-07-15', '2025-07-15 15:30:00', '2025-07-15 17:30:00'),
('S1535', 'M019', 'SCR009', '2025-07-15', '2025-07-15 10:30:00', '2025-07-15 12:30:00'),
('S1536', 'M019', 'SCR010', '2025-07-16', '2025-07-16 13:30:00', '2025-07-16 15:30:00'),
('S1537', 'M019', 'SCR011', '2025-07-16', '2025-07-16 16:30:00', '2025-07-16 18:30:00'),
('S1538', 'M019', 'SCR012', '2025-07-17', '2025-07-17 11:30:00', '2025-07-17 13:30:00'),
('S1539', 'M019', 'SCR013', '2025-07-17', '2025-07-17 14:30:00', '2025-07-17 16:30:00'),
('S1540', 'M019', 'SCR014', '2025-07-18', '2025-07-18 09:30:00', '2025-07-18 11:30:00'),
('S1541', 'M019', 'SCR015', '2025-07-18', '2025-07-18 12:30:00', '2025-07-18 14:30:00'),
('S1542', 'M019', 'SCR002', '2025-07-10', '2025-07-10 09:30:00', '2025-07-10 11:30:00'),
('S1543', 'M019', 'SCR003', '2025-07-11', '2025-07-11 12:30:00', '2025-07-11 14:30:00'),
('S1544', 'M019', 'SCR004', '2025-07-12', '2025-07-12 15:30:00', '2025-07-12 17:30:00'),
('S1545', 'M019', 'SCR005', '2025-07-13', '2025-07-13 10:30:00', '2025-07-13 12:30:00'),
('S1546', 'M019', 'SCR006', '2025-07-14', '2025-07-14 13:30:00', '2025-07-14 15:30:00'),
('S1547', 'M019', 'SCR007', '2025-07-15', '2025-07-15 16:30:00', '2025-07-15 18:30:00'),
('S1548', 'M019', 'SCR008', '2025-07-16', '2025-07-16 11:30:00', '2025-07-16 13:30:00'),
('S1549', 'M020', 'SCR009', '2025-07-11', '2025-07-11 09:30:00', '2025-07-11 11:30:00'),
('S1550', 'M020', 'SCR010', '2025-07-11', '2025-07-11 12:30:00', '2025-07-11 14:30:00'),
('S1551', 'M020', 'SCR011', '2025-07-11', '2025-07-11 15:30:00', '2025-07-11 17:30:00'),
('S1552', 'M020', 'SCR012', '2025-07-12', '2025-07-12 10:30:00', '2025-07-12 12:30:00'),
('S1553', 'M020', 'SCR013', '2025-07-12', '2025-07-12 13:30:00', '2025-07-12 15:30:00'),
('S1554', 'M020', 'SCR014', '2025-07-12', '2025-07-12 16:30:00', '2025-07-12 18:30:00'),
('S1555', 'M020', 'SCR015', '2025-07-13', '2025-07-13 11:30:00', '2025-07-13 13:30:00'),
('S1556', 'M020', 'SCR002', '2025-07-13', '2025-07-13 14:30:00', '2025-07-13 16:30:00'),
('S1557', 'M020', 'SCR003', '2025-07-14', '2025-07-14 09:30:00', '2025-07-14 11:30:00'),
('S1558', 'M020', 'SCR004', '2025-07-14', '2025-07-14 12:30:00', '2025-07-14 14:30:00'),
('S1559', 'M020', 'SCR005', '2025-07-15', '2025-07-15 15:30:00', '2025-07-15 17:30:00'),
('S1560', 'M020', 'SCR006', '2025-07-15', '2025-07-15 10:30:00', '2025-07-15 12:30:00'),
('S1561', 'M020', 'SCR007', '2025-07-16', '2025-07-16 13:30:00', '2025-07-16 15:30:00'),
('S1562', 'M020', 'SCR008', '2025-07-16', '2025-07-16 16:30:00', '2025-07-16 18:30:00'),
('S1563', 'M020', 'SCR009', '2025-07-17', '2025-07-17 11:30:00', '2025-07-17 13:30:00'),
('S1564', 'M020', 'SCR010', '2025-07-17', '2025-07-17 14:30:00', '2025-07-17 16:30:00'),
('S1565', 'M020', 'SCR011', '2025-07-18', '2025-07-18 09:30:00', '2025-07-18 11:30:00'),
('S1566', 'M020', 'SCR012', '2025-07-18', '2025-07-18 12:30:00', '2025-07-18 14:30:00'),
('S1567', 'M020', 'SCR013', '2025-07-10', '2025-07-10 09:30:00', '2025-07-10 11:30:00'),
('S1568', 'M020', 'SCR014', '2025-07-11', '2025-07-11 12:30:00', '2025-07-11 14:30:00'),
('S1569', 'M020', 'SCR015', '2025-07-12', '2025-07-12 15:30:00', '2025-07-12 17:30:00'),
('S1570', 'M020', 'SCR002', '2025-07-13', '2025-07-13 10:30:00', '2025-07-13 12:30:00'),
('S1571', 'M020', 'SCR003', '2025-07-14', '2025-07-14 13:30:00', '2025-07-14 15:30:00'),
('S1572', 'M020', 'SCR004', '2025-07-15', '2025-07-15 16:30:00', '2025-07-15 18:30:00'),
('S1573', 'M020', 'SCR005', '2025-07-16', '2025-07-16 11:30:00', '2025-07-16 13:30:00'),
('S1574', 'M013', 'SCR001', '2025-07-10', '2025-07-10 09:30:00', '2025-07-10 12:00:00'),
('S1575', 'M013', 'SCR001', '2025-07-10', '2025-07-10 12:30:00', '2025-07-10 15:00:00'),
('S1576', 'M013', 'SCR001', '2025-07-10', '2025-07-10 15:30:00', '2025-07-10 18:00:00'),
('S1577', 'M013', 'SCR001', '2025-07-10', '2025-07-10 18:30:00', '2025-07-10 21:00:00'),
('S1578', 'M013', 'SCR001', '2025-07-10', '2025-07-10 21:00:00', '2025-07-10 23:30:00'),
('S1580', 'M014', 'SCR001', '2025-07-10', '2025-07-10 12:30:00', '2025-07-10 14:30:00'),
('S1581', 'M014', 'SCR001', '2025-07-10', '2025-07-10 15:30:00', '2025-07-10 17:30:00'),
('S1582', 'M014', 'SCR001', '2025-07-10', '2025-07-10 18:30:00', '2025-07-10 20:30:00'),
('S1583', 'M014', 'SCR001', '2025-07-10', '2025-07-10 21:00:00', '2025-07-10 23:00:00'),
('S1584', 'M015', 'SCR001', '2025-07-10', '2025-07-10 09:30:00', '2025-07-10 12:00:00'),
('S1585', 'M015', 'SCR001', '2025-07-10', '2025-07-10 12:30:00', '2025-07-10 15:00:00'),
('S1586', 'M015', 'SCR001', '2025-07-10', '2025-07-10 15:30:00', '2025-07-10 18:00:00'),
('S1587', 'M015', 'SCR001', '2025-07-10', '2025-07-10 18:30:00', '2025-07-10 21:00:00'),
('S1588', 'M015', 'SCR001', '2025-07-10', '2025-07-10 21:00:00', '2025-07-10 23:30:00'),
('S1590', 'M016', 'SCR001', '2025-07-10', '2025-07-10 12:30:00', '2025-07-10 14:30:00'),
('S1591', 'M016', 'SCR001', '2025-07-10', '2025-07-10 15:30:00', '2025-07-10 17:30:00'),
('S1592', 'M016', 'SCR001', '2025-07-10', '2025-07-10 18:30:00', '2025-07-10 20:30:00'),
('S1593', 'M016', 'SCR001', '2025-07-10', '2025-07-10 21:00:00', '2025-07-10 23:00:00'),
('S1594', 'M017', 'SCR001', '2025-07-10', '2025-07-10 09:30:00', '2025-07-10 11:30:00'),
('S1595', 'M017', 'SCR001', '2025-07-10', '2025-07-10 12:30:00', '2025-07-10 14:30:00'),
('S1596', 'M017', 'SCR001', '2025-07-10', '2025-07-10 15:30:00', '2025-07-10 17:30:00'),
('S1597', 'M017', 'SCR001', '2025-07-10', '2025-07-10 18:30:00', '2025-07-10 20:30:00'),
('S1598', 'M017', 'SCR001', '2025-07-10', '2025-07-10 21:00:00', '2025-07-10 23:00:00'),
('S1599', 'M018', 'SCR001', '2025-07-10', '2025-07-10 09:30:00', '2025-07-10 12:00:00'),
('S1601', 'M018', 'SCR001', '2025-07-10', '2025-07-10 15:30:00', '2025-07-10 18:00:00'),
('S1603', 'M018', 'SCR001', '2025-07-10', '2025-07-10 21:00:00', '2025-07-10 23:30:00');

INSERT IGNORE INTO
    payment (
        paymentcd,
        paymentmethod,
        paymenttime,
        amount,
        paymentstatus
    )
VALUES (
        'PAY001',
        'Credit Card',
        '2025-07-01 10:00:00',
        15000,
        'SUCCESS'
    ),
    (
        'PAY002',
        'Bank Transfer',
        '2025-07-01 12:30:00',
        25000,
        'SUCCESS'
    ),
    (
        'PAY003',
        'Mobile Payment',
        '2025-07-02 09:15:00',
        3000,
        'SUCCESS'
    ),
    (
        'PAY004',
        'Credit Card',
        '2025-07-02 14:45:00',
        45000,
        'SUCCESS'
    ),
    (
        'PAY005',
        'PayPal',
        '2025-07-03 11:20:00',
        12000,
        'SUCCESS'
    ),
    (
        'PAY006',
        'Debit Card',
        '2025-07-03 16:50:00',
        8000,
        'SUCCESS'
    ),
    (
        'PAY007',
        'Bank Transfer',
        '2025-07-04 08:10:00',
        60000,
        'SUCCESS'
    ),
    (
        'PAY008',
        'Credit Card',
        '2025-07-04 13:25:00',
        22000,
        'SUCCESS'
    ),
    (
        'PAY009',
        'Mobile Payment',
        '2025-07-05 10:40:00',
        5000,
        'SUCCESS'
    ),
    (
        'PAY010',
        'PayPal',
        '2025-07-05 15:15:00',
        35000,
        'SUCCESS'
    ),
    (
        'PAY011',
        'Credit Card',
        '2025-07-06 09:00:00',
        18000,
        'SUCCESS'
    ),
    (
        'PAY012',
        'Bank Transfer',
        '2025-07-06 12:00:00',
        40000,
        'SUCCESS'
    ),
    (
        'PAY013',
        'Debit Card',
        '2025-07-07 07:30:00',
        10000,
        'SUCCESS'
    ),
    (
        'PAY014',
        'Mobile Payment',
        '2025-07-07 11:45:00',
        27000,
        'SUCCESS'
    ),
    (
        'PAY015',
        'PayPal',
        '2025-07-07 14:20:00',
        32000,
        'SUCCESS'
    );

-- users 테이블 가데이터 (50개: 2025-07-07 30개, 2025-07-08 20개)
INSERT IGNORE INTO
    users (
        userid,
        userpw,
        username,
        email,
        phone,
        birth,
        status,
        reg_date
    )
VALUES (
        'user001',
        'pass_001',
        '김민수',
        'minsu.kim@example.com',
        '010-1234-5678',
        '1990-05-15',
        '활성',
        '2025-07-07'
    ),
    (
        'user002',
        'pass_002',
        '이서연',
        'seoyeon.lee@example.com',
        '010-2345-6789',
        '1988-11-22',
        '활성',
        '2025-07-07'
    ),
    (
        'user003',
        'pass_003',
        '박지훈',
        'jihoon.park@example.com',
        '010-3456-7890',
        '1995-03-10',
        '활성',
        '2025-07-07'
    ),
    (
        'user004',
        'pass_004',
        '최유진',
        'yujin.choi@example.com',
        '010-4567-8901',
        '1992-07-25',
        '활성',
        '2025-07-07'
    ),
    (
        'user005',
        'pass_005',
        '정하늘',
        'haneul.jung@example.com',
        '010-5678-9012',
        '1998-12-30',
        '활성',
        '2025-07-07'
    ),
    (
        'user006',
        'pass_006',
        '강다연',
        'dayeon.kang@example.com',
        '010-6789-0123',
        '1985-09-12',
        '활성',
        '2025-07-07'
    ),
    (
        'user007',
        'pass_007',
        '윤서준',
        'seojun.yoon@example.com',
        '010-7890-1234',
        '1993-04-18',
        '활성',
        '2025-07-07'
    ),
    (
        'user008',
        'pass_008',
        '한지민',
        'jimin.han@example.com',
        '010-8901-2345',
        '1991-06-22',
        '활성',
        '2025-07-07'
    ),
    (
        'user009',
        'pass_009',
        '오태현',
        'taehyun.oh@example.com',
        '010-9012-3456',
        '1987-02-14',
        '활성',
        '2025-07-07'
    ),
    (
        'user010',
        'pass_010',
        '류하린',
        'harin.ryu@example.com',
        '010-0123-4567',
        '1996-08-30',
        '활성',
        '2025-07-07'
    ),
    (
        'user011',
        'pass_011',
        '김도현',
        'dohyun.kim@example.com',
        '010-1235-5678',
        '1989-11-05',
        '활성',
        '2025-07-07'
    ),
    (
        'user012',
        'pass_012',
        '이예진',
        'yejin.lee@example.com',
        '010-2346-6789',
        '1994-03-27',
        '활성',
        '2025-07-07'
    ),
    (
        'user013',
        'pass_013',
        '박소율',
        'soyul.park@example.com',
        '010-3457-7890',
        '1997-07-19',
        '활성',
        '2025-07-07'
    ),
    (
        'user014',
        'pass_014',
        '최민재',
        'minjae.choi@example.com',
        '010-4568-8901',
        '1990-10-11',
        '활성',
        '2025-07-07'
    ),
    (
        'user015',
        'pass_015',
        '정유나',
        'yuna.jung@example.com',
        '010-5679-9012',
        '1986-05-25',
        '활성',
        '2025-07-07'
    ),
    (
        'user016',
        'pass_016',
        '강시우',
        'siwoo.kang@example.com',
        '010-6780-0123',
        '1992-12-08',
        '활성',
        '2025-07-07'
    ),
    (
        'user017',
        'pass_017',
        '윤지우',
        'jiwoo.yoon@example.com',
        '010-7891-1234',
        '1995-01-16',
        '활성',
        '2025-07-07'
    ),
    (
        'user018',
        'pass_018',
        '한서아',
        'seoa.han@example.com',
        '010-8902-2345',
        '1988-04-29',
        '활성',
        '2025-07-07'
    ),
    (
        'user019',
        'pass_019',
        '오민서',
        'minseo.oh@example.com',
        '010-9013-3456',
        '1993-09-03',
        '활성',
        '2025-07-07'
    ),
    (
        'user020',
        'pass_020',
        '류지안',
        'jian.ryu@example.com',
        '010-0124-4567',
        '1991-02-17',
        '활성',
        '2025-07-07'
    ),
    (
        'user021',
        'pass_021',
        '김하윤',
        'hayoon.kim@example.com',
        '010-1236-5678',
        '1987-06-21',
        '활성',
        '2025-07-07'
    ),
    (
        'user022',
        'pass_022',
        '이수민',
        'sumin.lee@example.com',
        '010-2347-6789',
        '1994-10-13',
        '활성',
        '2025-07-07'
    ),
    (
        'user023',
        'pass_023',
        '박예린',
        'yerin.park@example.com',
        '010-3458-7890',
        '1996-03-28',
        '활성',
        '2025-07-07'
    ),
    (
        'user024',
        'pass_024',
        '최서진',
        'seojin.choi@example.com',
        '010-4569-8901',
        '1989-08-09',
        '활성',
        '2025-07-07'
    ),
    (
        'user025',
        'pass_025',
        '정다인',
        'dain.jung@example.com',
        '010-5670-9012',
        '1992-11-24',
        '활성',
        '2025-07-07'
    ),
    (
        'user026',
        'pass_026',
        '강지윤',
        'jiyoon.kang@example.com',
        '010-6781-0123',
        '1990-04-06',
        '활성',
        '2025-07-07'
    ),
    (
        'user027',
        'pass_027',
        '윤하진',
        'hajin.yoon@example.com',
        '010-7892-1234',
        '1986-07-30',
        '활성',
        '2025-07-07'
    ),
    (
        'user028',
        'pass_028',
        '한태민',
        'taemin.han@example.com',
        '010-8903-2345',
        '1993-12-12',
        '활성',
        '2025-07-07'
    ),
    (
        'user029',
        'pass_029',
        '오서율',
        'seoyul.oh@example.com',
        '010-9014-3456',
        '1995-05-04',
        '활성',
        '2025-07-07'
    ),
    (
        'user030',
        'pass_030',
        '류민재',
        'minjae.ryu@example.com',
        '010-0125-4567',
        '1988-09-26',
        '활성',
        '2025-07-07'
    ),
    (
        'user031',
        'pass_031',
        '김아린',
        'arin.kim@example.com',
        '010-1237-5678',
        '1991-01-08',
        '활성',
        '2025-07-08'
    ),
    (
        'user032',
        'pass_032',
        '이현우',
        'hyunwoo.lee@example.com',
        '010-2348-6789',
        '1994-06-22',
        '활성',
        '2025-07-08'
    ),
    (
        'user033',
        'pass_033',
        '박소윤',
        'soyoon.park@example.com',
        '010-3459-7890',
        '1987-10-15',
        '활성',
        '2025-07-08'
    ),
    (
        'user034',
        'pass_034',
        '최지율',
        'jiyul.choi@example.com',
        '010-4560-8901',
        '1992-03-29',
        '활성',
        '2025-07-08'
    ),
    (
        'user035',
        'pass_035',
        '정하린',
        'harin.jung@example.com',
        '010-5671-9012',
        '1996-08-11',
        '활성',
        '2025-07-08'
    ),
    (
        'user036',
        'pass_036',
        '강예준',
        'yejun.kang@example.com',
        '010-6782-0123',
        '1989-12-04',
        '활성',
        '2025-07-08'
    ),
    (
        'user037',
        'pass_037',
        '윤서현',
        'seohyun.yoon@example.com',
        '010-7893-1234',
        '1993-04-17',
        '활성',
        '2025-07-08'
    ),
    (
        'user038',
        'pass_038',
        '한지수',
        'jisoo.han@example.com',
        '010-8904-2345',
        '1990-09-01',
        '활성',
        '2025-07-08'
    ),
    (
        'user039',
        'pass_039',
        '오태윤',
        'taeyoon.oh@example.com',
        '010-9015-3456',
        '1986-02-23',
        '활성',
        '2025-07-08'
    ),
    (
        'user040',
        'pass_040',
        '류다연',
        'dayeon.ryu@example.com',
        '010-0126-4567',
        '1994-07-06',
        '활성',
        '2025-07-08'
    ),
    (
        'user041',
        'pass_041',
        '김민재',
        'minjae2.kim@example.com',
        '010-1238-5678',
        '1991-11-19',
        '활성',
        '2025-07-08'
    ),
    (
        'user042',
        'pass_042',
        '이하윤',
        'hayoon2.lee@example.com',
        '010-2349-6789',
        '1988-05-12',
        '활성',
        '2025-07-08'
    ),
    (
        'user043',
        'pass_043',
        '박지민',
        'jimin2.park@example.com',
        '010-3450-7890',
        '1995-09-25',
        '활성',
        '2025-07-08'
    ),
    (
        'user044',
        'pass_044',
        '최서아',
        'seoa2.choi@example.com',
        '010-4561-8901',
        '1992-02-07',
        '활성',
        '2025-07-08'
    ),
    (
        'user045',
        'pass_045',
        '정예린',
        'yerin2.jung@example.com',
        '010-5672-9012',
        '1987-06-30',
        '활성',
        '2025-07-08'
    ),
    (
        'user046',
        'pass_046',
        '강소율',
        'soyul2.kang@example.com',
        '010-6783-0123',
        '1993-10-13',
        '활성',
        '2025-07-08'
    ),
    (
        'user047',
        'pass_047',
        '윤하린',
        'harin2.yoon@example.com',
        '010-7894-1234',
        '1990-03-27',
        '활성',
        '2025-07-08'
    ),
    (
        'user048',
        'pass_048',
        '한민서',
        'minseo2.han@example.com',
        '010-8905-2345',
        '1986-08-09',
        '활성',
        '2025-07-08'
    ),
    (
        'user049',
        'pass_049',
        '오지윤',
        'jiyoon2.oh@example.com',
        '010-9016-3456',
        '1994-12-22',
        '활성',
        '2025-07-08'
    ),
    (
        'user050',
        'pass_050',
        '류서진',
        'seojin2.ryu@example.com',
        '010-0127-4567',
        '1991-05-04',
        '활성',
        '2025-07-08'
    );

-- staff 테이블 가데이터 (30개)
INSERT IGNORE INTO
    staff (
        staffid,
        staffname,
        dept,
        position,
        phone,
        email,
        theater,
        hiredate,
        shifttype,
        role,
        status
    )
VALUES (
        'staff001',
        '김영훈',
        '운영팀',
        '매니저',
        '010-1111-2222',
        'younghoon.kim@example.com',
        'THR001',
        '2023-01-15',
        '주간',
        '지점 관리',
        '근무중'
    ),
    (
        'staff002',
        '이수진',
        '고객서비스',
        '대리',
        '010-2222-3333',
        'sujin.lee@example.com',
        'THR002',
        '2023-06-20',
        '야간',
        '고객 응대',
        '근무중'
    ),
    (
        'staff003',
        '박민재',
        '매표팀',
        '사원',
        '010-3333-4444',
        'minjae.park@example.com',
        'THR003',
        '2024-02-10',
        '주간',
        '매표',
        '근무중'
    ),
    (
        'staff004',
        '최지은',
        '상영관팀',
        '사원',
        '010-4444-5555',
        'jieun.choi@example.com',
        'THR004',
        '2024-03-05',
        '야간',
        '상영관 관리',
        '휴가'
    ),
    (
        'staff005',
        '정태영',
        '매점팀',
        '대리',
        '010-5555-6666',
        'taeyoung.jung@example.com',
        'THR005',
        '2023-09-12',
        '주간',
        '매점 판매',
        '근무중'
    ),
    (
        'staff006',
        '강다연',
        '운영팀',
        '대리',
        '010-6666-7777',
        'dayeon.kang@example.com',
        'THR006',
        '2023-04-22',
        '야간',
        '지점 관리',
        '근무중'
    ),
    (
        'staff007',
        '윤서준',
        '고객서비스',
        '사원',
        '010-7777-8888',
        'seojun.yoon@example.com',
        'THR007',
        '2024-01-10',
        '주간',
        '고객 응대',
        '근무중'
    ),
    (
        'staff008',
        '한지민',
        '매표팀',
        '매니저',
        '010-8888-9999',
        'jimin.han@example.com',
        'THR008',
        '2023-07-15',
        '야간',
        '매표',
        '휴가'
    ),
    (
        'staff009',
        '오태현',
        '상영관팀',
        '사원',
        '010-9999-0000',
        'taehyun.oh@example.com',
        'THR001',
        '2024-05-20',
        '주간',
        '상영관 관리',
        '근무중'
    ),
    (
        'staff010',
        '류하린',
        '매점팀',
        '사원',
        '010-0000-1111',
        'harin.ryu@example.com',
        'THR002',
        '2023-11-30',
        '야간',
        '매점 판매',
        '근무중'
    ),
    (
        'staff011',
        '김도현',
        '운영팀',
        '매니저',
        '010-1112-2223',
        'dohyun.kim@example.com',
        'THR003',
        '2023-02-25',
        '주간',
        '지점 관리',
        '근무중'
    ),
    (
        'staff012',
        '이예진',
        '고객서비스',
        '대리',
        '010-2223-3334',
        'yejin.lee@example.com',
        'THR004',
        '2023-08-12',
        '야간',
        '고객 응대',
        '휴가'
    ),
    (
        'staff013',
        '박소율',
        '매표팀',
        '사원',
        '010-3334-4445',
        'soyul.park@example.com',
        'THR005',
        '2024-03-15',
        '주간',
        '매표',
        '근무중'
    ),
    (
        'staff014',
        '최민재',
        '상영관팀',
        '사원',
        '010-4445-5556',
        'minjae2.choi@example.com',
        'THR006',
        '2024-06-10',
        '야간',
        '상영관 관리',
        '근무중'
    ),
    (
        'staff015',
        '정유나',
        '매점팀',
        '대리',
        '010-5556-6667',
        'yuna.jung@example.com',
        'THR007',
        '2023-10-05',
        '주간',
        '매점 판매',
        '근무중'
    ),
    (
        'staff016',
        '강시우',
        '운영팀',
        '사원',
        '010-6667-7778',
        'siwoo.kang@example.com',
        'THR008',
        '2023-05-18',
        '야간',
        '지점 관리',
        '휴가'
    ),
    (
        'staff017',
        '윤지우',
        '고객서비스',
        '사원',
        '010-7778-8889',
        'jiwoo.yoon@example.com',
        'THR001',
        '2024-02-22',
        '주간',
        '고객 응대',
        '근무중'
    ),
    (
        'staff018',
        '한서아',
        '매표팀',
        '대리',
        '010-8889-9990',
        'seoa.han@example.com',
        'THR002',
        '2023-09-25',
        '야간',
        '매표',
        '근무중'
    ),
    (
        'staff019',
        '오민서',
        '상영관팀',
        '매니저',
        '010-9990-0001',
        'minseo.oh@example.com',
        'THR003',
        '2023-03-30',
        '주간',
        '상영관 관리',
        '근무중'
    ),
    (
        'staff020',
        '류지안',
        '매점팀',
        '사원',
        '010-0001-1112',
        'jian.ryu@example.com',
        'THR004',
        '2024-04-12',
        '야간',
        '매점 판매',
        '휴가'
    ),
    (
        'staff021',
        '김하윤',
        '운영팀',
        '대리',
        '010-1113-2224',
        'hayoon.kim@example.com',
        'THR005',
        '2023-06-15',
        '주간',
        '지점 관리',
        '근무중'
    ),
    (
        'staff022',
        '이수민',
        '고객서비스',
        '사원',
        '010-2224-3335',
        'sumin.lee@example.com',
        'THR006',
        '2024-01-20',
        '야간',
        '고객 응대',
        '근무중'
    ),
    (
        'staff023',
        '박예린',
        '매표팀',
        '사원',
        '010-3335-4446',
        'yerin.park@example.com',
        'THR007',
        '2023-11-10',
        '주간',
        '매표',
        '근무중'
    ),
    (
        'staff024',
        '최서진',
        '상영관팀',
        '대리',
        '010-4446-5557',
        'seojin.choi@example.com',
        'THR008',
        '2023-07-22',
        '야간',
        '상영관 관리',
        '휴가'
    ),
    (
        'staff025',
        '정다인',
        '매점팀',
        '매니저',
        '010-5557-6668',
        'dain.jung@example.com',
        'THR001',
        '2023-04-05',
        '주간',
        '매점 판매',
        '근무중'
    ),
    (
        'staff026',
        '강지윤',
        '운영팀',
        '사원',
        '010-6668-7779',
        'jiyoon.kang@example.com',
        'THR002',
        '2024-05-15',
        '야간',
        '지점 관리',
        '근무중'
    ),
    (
        'staff027',
        '윤하진',
        '고객서비스',
        '대리',
        '010-7779-8880',
        'hajin.yoon@example.com',
        'THR003',
        '2023-08-30',
        '주간',
        '고객 응대',
        '근무중'
    ),
    (
        'staff028',
        '한태민',
        '매표팀',
        '사원',
        '010-8880-9991',
        'taemin.han@example.com',
        'THR004',
        '2024-02-25',
        '야간',
        '매표',
        '휴가'
    ),
    (
        'staff029',
        '오서율',
        '상영관팀',
        '사원',
        '010-9991-0002',
        'seoyul.oh@example.com',
        'THR005',
        '2023-10-12',
        '주간',
        '상영관 관리',
        '근무중'
    ),
    (
        'staff030',
        '류민재',
        '매점팀',
        '대리',
        '010-0002-1113',
        'minjae3.ryu@example.com',
        'THR006',
        '2023-05-20',
        '야간',
        '매점 판매',
        '근무중'
    );

-- notice 테이블 가데이터

 INSERT IGNORE INTO notice (noticenum, noticetype, noticesub, noticedate, noticecontents, writer) VALUES
 (1, '공지', '시스템 점검 안내', '2025-07-01 10:00:00', '더 스크린 시스템 점검 일정 안내입니다.', 'admin'),
 (2, '공지', '서비스 이용약관 개정', '2025-07-02 09:30:00', '이용약관이 일부 변경되어 안내드립니다.', 'admin'),
 (3, '이벤트', '여름 맞이 영화 할인 이벤트', '2025-07-03 14:00:00', '여름 시즌 할인 이벤트 진행중입니다.', 'event_manager'),
 (4, '이벤트', '신규 회원 가입 이벤트', '2025-07-04 15:00:00', '신규 가입 시 영화 쿠폰 증정!', 'event_manager'),
 (5, '문의', '예매 취소 방법 문의', '2025-07-05 11:20:00', '예매 취소는 어떻게 하나요?', 'user01'),
 (6, '문의', '포인트 사용 관련 문의', '2025-07-05 13:40:00', '포인트는 어디서 확인하나요?', 'user02'),
 (7, '문의', '좌석 선택 오류 문의', '2025-07-06 16:00:00', '좌석 선택이 안됩니다.', 'user03'),
 (8, '문의', '결제 오류 발생 문의', '2025-07-06 17:30:00', '결제 진행 시 오류가 발생했어요.', 'user04'),
 (9, '문의', '로그인 문제 문의', '2025-07-07 09:10:00', '로그인이 안됩니다.', 'user05'),
 (10, '점검', '정기 점검 안내', '2025-07-08 00:00:00', '정기 점검이 예정되어 있습니다.', 'admin'),
 (11, '점검', '긴급 점검 공지', '2025-07-08 02:30:00', '긴급 점검으로 서비스가 일시 중단됩니다.', 'admin');

-- notice 테이블 가데이터 추가 (12~30)

 INSERT IGNORE INTO notice (noticenum, noticetype, noticesub, noticedate, noticecontents, writer) VALUES
 (12, '공지', '영화 상영시간 변경 안내', '2025-07-09 10:00:00', '특정 영화의 상영 시간이 변경되어 안내드립니다.', 'admin'),
 (13, '공지', '서비스 정책 변경 안내', '2025-07-09 11:00:00', '더 나은 서비스를 위해 정책이 일부 변경됩니다.', 'admin'),
 (14, '공지', '회원 혜택 안내', '2025-07-10 09:30:00', '회원 등급별 혜택을 확인해주세요.', 'admin'),
 (15, '공지', '앱 업데이트 공지', '2025-07-10 14:00:00', '앱 최신 버전으로 업데이트 해주세요.', 'admin'),
 (16, '이벤트', '리뷰 작성 이벤트', '2025-07-11 12:00:00', '리뷰 작성 시 포인트를 드립니다.', 'event_manager'),
 (17, '이벤트', '생일 축하 쿠폰 이벤트', '2025-07-11 15:00:00', '생일 달에 쿠폰을 드립니다.', 'event_manager'),
 (18, '이벤트', 'SNS 공유 이벤트', '2025-07-12 11:00:00', 'SNS 공유하고 선물 받아가세요.', 'event_manager'),
 (19, '이벤트', 'VIP 고객 초청 시사회', '2025-07-12 17:00:00', 'VIP 고객님들을 위한 특별 시사회 초대.', 'event_manager'),
 (20, '문의', '할인 쿠폰 적용 문의', '2025-07-13 10:00:00', '쿠폰이 적용되지 않아요.', 'user06'),
 (21, '문의', '회원 탈퇴 방법 문의', '2025-07-13 11:30:00', '회원 탈퇴는 어떻게 하나요?', 'user07'),
 (22, '문의', '아이디 변경 문의', '2025-07-13 12:45:00', '아이디 변경이 가능한가요?', 'user08'),
 (23, '문의', '예매 내역 영수증 문의', '2025-07-13 14:00:00', '영수증 출력은 어디서 하나요?', 'user09'),
 (24, '문의', '포인트 소멸 시기 문의', '2025-07-13 16:00:00', '포인트는 언제 소멸되나요?', 'user10'),
 (25, '문의', '이벤트 참여 확인 문의', '2025-07-14 09:00:00', '이벤트 참여 여부는 어떻게 확인하나요?', 'user11'),
 (26, '점검', '서버 긴급 점검', '2025-07-14 11:00:00', '서버 긴급 점검이 진행됩니다.', 'admin'),
 (27, '점검', '앱 점검 안내', '2025-07-14 13:00:00', '앱 점검으로 일부 기능이 제한됩니다.', 'admin'),
 (28, '점검', '영화관 시스템 업그레이드', '2025-07-14 15:00:00', '시스템 업그레이드 작업이 예정되어 있습니다.', 'admin'),
 (29, '공지', '홈페이지 리뉴얼 안내', '2025-07-15 09:00:00', '홈페이지가 새롭게 개편됩니다.', 'admin'),
 (30, '공지', '설문 참여 안내', '2025-07-15 10:30:00', '설문에 참여해주시면 추첨을 통해 경품을 드립니다.', 'admin');

--     faq 테이블 가데이터

 INSERT IGNORE INTO faq (faqnum, faqsub, faqdate) VALUES
 (1, '회원가입은 어떻게 하나요?', '2025-07-01 09:00:00'),
 (2, '비밀번호를 잊어버렸어요.', '2025-07-01 10:00:00'),
 (3, '예매한 영화는 어디서 확인하나요?', '2025-07-02 11:00:00'),
 (4, '예매 취소는 어떻게 하나요?', '2025-07-02 12:30:00'),
 (5, '포인트 적립은 어떻게 되나요?', '2025-07-03 13:00:00'),
 (6, '쿠폰은 어디서 사용하나요?', '2025-07-03 14:00:00'),
 (7, '좌석 변경은 가능한가요?', '2025-07-04 15:30:00'),
 (8, '문의사항은 어디서 남기나요?', '2025-07-04 16:30:00'),
 (9, '모바일 티켓 발급 방법은?', '2025-07-05 17:00:00'),
 (10, '관람 등급은 어디서 확인하나요?', '2025-07-05 18:00:00');

-- faq 테이블 가데이터 추가 (11~15)

 INSERT IGNORE INTO faq (faqnum, faqsub, faqdate) VALUES
 (11, '무통장 입금은 가능한가요?', '2025-07-06 10:00:00'),
 (12, '현장 결제도 가능한가요?', '2025-07-06 11:30:00'),
 (13, '단체 관람은 어떻게 신청하나요?', '2025-07-07 09:00:00'),
 (14, '청소년 할인은 어떻게 적용되나요?', '2025-07-07 10:30:00'),
 (15, '환불은 얼마나 걸리나요?', '2025-07-07 12:00:00');

-- faq 테이블 가데이터 (faqcontents 컬럼) UPDATE

-- ✅ faq 테이블 기존 데이터에 faqcontents 내용 추가하기

 UPDATE faq SET faqcontents = '회원가입은 홈페이지 상단의 회원가입 버튼을 통해 진행할 수 있습니다.' WHERE faqnum = 1;
 UPDATE faq SET faqcontents = '비밀번호를 잊으셨다면 로그인 화면에서 비밀번호 찾기를 이용해주세요.' WHERE faqnum = 2;
 UPDATE faq SET faqcontents = '예매한 영화는 마이페이지 > 예매내역에서 확인할 수 있습니다.' WHERE faqnum = 3;
 UPDATE faq SET faqcontents = '마이페이지에서 직접 예매 취소가 가능합니다.' WHERE faqnum = 4;
 UPDATE faq SET faqcontents = '영화 관람 시 결제 금액의 일부가 포인트로 적립됩니다.' WHERE faqnum = 5;
 UPDATE faq SET faqcontents = '쿠폰은 결제 단계에서 선택하여 사용하실 수 있습니다.' WHERE faqnum = 6;
 UPDATE faq SET faqcontents = '예매 완료 후 좌석 변경은 불가능하며, 취소 후 재예매해주세요.' WHERE faqnum = 7;
 UPDATE faq SET faqcontents = '1:1 문의는 고객센터 메뉴를 통해 작성하실 수 있습니다.' WHERE faqnum = 8;
 UPDATE faq SET faqcontents = '모바일 티켓은 예매 완료 후 문자와 마이페이지에서 확인 가능합니다.' WHERE faqnum = 9;
 UPDATE faq SET faqcontents = '관람 등급은 영화 상세 페이지에서 확인하실 수 있습니다.' WHERE faqnum = 10;
 UPDATE faq SET faqcontents = '무통장 입금은 지원하지 않으며, 카드나 간편결제를 이용해주세요.' WHERE faqnum = 11;
 UPDATE faq SET faqcontents = '현장 결제는 일부 영화관에서만 가능하며, 온라인 결제를 권장합니다.' WHERE faqnum = 12;
 UPDATE faq SET faqcontents = '20인 이상 단체 관람은 고객센터를 통해 별도로 문의해주세요.' WHERE faqnum = 13;
 UPDATE faq SET faqcontents = '청소년 할인은 관람 등급과 나이에 따라 자동 적용됩니다.' WHERE faqnum = 14;
 UPDATE faq SET faqcontents = '환불은 취소 완료 후 영업일 기준 3~5일 이내 처리됩니다.' WHERE faqnum = 15;

INSERT IGNORE INTO reservation (reservationcd, userid, schedulecd, reservationtime, reservationstatus, seatcd, paymentcd) VALUES
-- July 3, 2025 (8 reservations)
('RES031', 'user004', 'S223', '2025-07-03 09:30:00', 'CONFIRMED', 'A1,A2', 'PAY001'),
('RES032', 'user008', 'S224', '2025-07-03 11:30:00', 'PENDING', 'B3,B4', 'PAY002'),
('RES033', 'user013', 'S225', '2025-07-03 14:00:00', 'CONFIRMED', 'C1', 'PAY003'),
('RES034', 'user017', 'S226', '2025-07-03 16:30:00', 'CANCELLED', 'D2', 'PAY004'),
('RES035', 'user023', 'S227', '2025-07-03 17:00:00', 'CONFIRMED', 'E3,E4', 'PAY005'),
('RES036', 'user028', 'S228', '2025-07-03 09:30:00', 'CONFIRMED', 'F1', 'PAY006'),
('RES037', 'user033', 'S229', '2025-07-03 12:00:00', 'PENDING', 'G2,G3', 'PAY007'),
('RES038', 'user039', 'S230', '2025-07-03 14:30:00', 'CONFIRMED', 'A4', 'PAY008'),
-- July 4, 2025 (8 reservations)
('RES039', 'user006', 'S245', '2025-07-04 09:30:00', 'CONFIRMED', 'A5,A6', 'PAY009'),
('RES040', 'user011', 'S246', '2025-07-04 11:30:00', 'CONFIRMED', 'B7', 'PAY010'),
('RES041', 'user016', 'S247', '2025-07-04 14:00:00', 'PENDING', 'C8,C9', 'PAY011'),
('RES042', 'user021', 'S248', '2025-07-04 16:30:00', 'CONFIRMED', 'D10', 'PAY012'),
('RES043', 'user026', 'S249', '2025-07-04 17:00:00', 'CANCELLED', 'E11', 'PAY013'),
('RES044', 'user031', 'S250', '2025-07-04 09:30:00', 'CONFIRMED', 'F12', 'PAY014'),
('RES045', 'user036', 'S251', '2025-07-04 12:00:00', 'CONFIRMED', 'G1,G2', 'PAY015'),
('RES046', 'user041', 'S252', '2025-07-04 14:30:00', 'PENDING', 'A3', 'PAY001'),
-- July 5, 2025 (3 additional reservations)
('RES047', 'user009', 'S265', '2025-07-05 09:30:00', 'CONFIRMED', 'B4,B5', 'PAY002'),
('RES048', 'user014', 'S390', '2025-07-05 09:00:00', 'CONFIRMED', 'C6', 'PAY003'),
('RES049', 'user019', 'S391', '2025-07-05 11:30:00', 'PENDING', 'D7,D8', 'PAY004'),
-- July 6, 2025 (3 additional reservations)
('RES050', 'user024', 'S405', '2025-07-06 09:30:00', 'CONFIRMED', 'A9,A10', 'PAY005'),
('RES051', 'user029', 'S406', '2025-07-06 11:30:00', 'CANCELLED', 'B11', 'PAY006'),
('RES052', 'user034', 'S407', '2025-07-06 14:00:00', 'CONFIRMED', 'C12', 'PAY007'),
-- July 7, 2025 (3 additional reservations)
('RES053', 'user038', 'S420', '2025-07-07 09:30:00', 'CONFIRMED', 'D1,D2', 'PAY008'),
('RES054', 'user043', 'S421', '2025-07-07 12:30:00', 'PENDING', 'E3', 'PAY009'),
('RES055', 'user048', 'S422', '2025-07-07 16:00:00', 'CONFIRMED', 'F4,F5', 'PAY010'),
-- July 8, 2025 (3 additional reservations)
('RES056', 'user004', 'S435', '2025-07-08 09:30:00', 'CONFIRMED', 'G6', 'PAY011'),
('RES057', 'user008', 'S436', '2025-07-08 11:30:00', 'CONFIRMED', 'A7,A8', 'PAY012'),
('RES058', 'user013', 'S437', '2025-07-08 14:00:00', 'PENDING', 'B9', 'PAY013'),
-- July 9, 2025 (8 reservations)
('RES059', 'user017', 'S450', '2025-07-09 09:30:00', 'CONFIRMED', 'C10,C11', 'PAY014'),
('RES060', 'user023', 'S451', '2025-07-09 11:30:00', 'CONFIRMED', 'D12', 'PAY015'),
('RES061', 'user028', 'S452', '2025-07-09 14:00:00', 'PENDING', 'E1,E2', 'PAY001'),
('RES062', 'user033', 'S453', '2025-07-09 09:30:00', 'CANCELLED', 'F3', 'PAY002'),
('RES063', 'user039', 'S454', '2025-07-09 13:00:00', 'CONFIRMED', 'G4,G5', 'PAY003'),
('RES064', 'user006', 'S455', '2025-07-09 16:30:00', 'CONFIRMED', 'A6', 'PAY004'),
('RES065', 'user011', 'S456', '2025-07-09 10:00:00', 'CONFIRMED', 'B7,B8', 'PAY005'),
('RES066', 'user016', 'S457', '2025-07-09 13:30:00', 'PENDING', 'C9', 'PAY006');