-- Region 데이터 삽입
INSERT IGNORE INTO
    region (regioncd, regionnm)
VALUES ('01', '서울'),
    ('02', '인천'),
    ('03', '대전'),
    ('04', '대구'),
    ('05', '광주'),
    ('06', '울산'),
    ('07', '부산'),
    ('08', '경기'),
    ('09', '강원'),
    ('10', '충북'),
    ('11', '충남'),
    ('12', '경북'),
    ('13', '경남'),
    ('14', '전북'),
    ('15', '전남'),
    ('16', '제주');

-- Cinema 데이터 삽입
INSERT IGNORE INTO
    cinema (
        cinemacd,
        cinemanm,
        address,
        tel,
        status,
        regioncd
    )
VALUES (
        'THR001',
        '시네맥스 강남점',
        '서울특별시 강남구 테헤란로 123',
        '02-1234-5678',
        '정상',
        '01'
    ),
    (
        'THR002',
        '시네맥스 잠실점',
        '서울특별시 송파구 올림픽로 240',
        '02-2345-6789',
        '정상',
        '01'
    ),
    (
        'THR003',
        '시네맥스 부산점',
        '부산광역시 부산진구 중앙대로 668',
        '051-3456-7890',
        '점검중',
        '07'
    ),
    (
        'THR004',
        '시네맥스 여의도점',
        '서울특별시 영등포구 여의대로 108',
        '02-4567-8901',
        '정상',
        '01'
    ),
    (
        'THR005',
        '시네맥스 대구점',
        '대구광역시 중구 동성로 2길 80',
        '053-5678-9012',
        '정상',
        '04'
    ),
    (
        'THR006',
        '시네맥스 인천점',
        '인천광역시 중구 제물량로 266',
        '032-6789-0123',
        '정상',
        '02'
    ),
    (
        'THR007',
        '시네맥스 분당점',
        '경기도 성남시 분당구 정자로 178',
        '031-7890-1234',
        '정상',
        '08'
    ),
    (
        'THR008',
        '시네맥스 대전점',
        '대전광역시 중구 중앙로 100',
        '042-8901-2345',
        '정상',
        '03'
    );

-- Screen 데이터 삽입
INSERT IGNORE INTO
    screen (
        screencd,
        screenname,
        screentype,
        allseat,
        reservationseat,
        screenstatus,
        cinemacd
    )
VALUES (
        'SCR001',
        '1관',
        '2D',
        120,
        0,
        '운영중',
        'THR001'
    ),
    (
        'SCR002',
        '1관',
        '3D',
        90,
        10,
        '운영중',
        'THR001'
    ),
    (
        'SCR003',
        '1관',
        'IMAX',
        150,
        0,
        '운영중',
        'THR002'
    ),
    (
        'SCR004',
        '1관',
        '4DX',
        100,
        5,
        '운영중',
        'THR002'
    ),
    (
        'SCR005',
        '2관',
        '2D',
        110,
        0,
        '운영중',
        'THR003'
    ),
    (
        'SCR006',
        '2관',
        '3D',
        95,
        0,
        '운영중',
        'THR003'
    ),
    (
        'SCR007',
        '2관',
        'IMAX',
        130,
        20,
        '운영중',
        'THR004'
    ),
    (
        'SCR008',
        '2관',
        '4DX',
        85,
        0,
        '운영중',
        'THR004'
    ),
    (
        'SCR009',
        '3관',
        '2D',
        115,
        0,
        '운영중',
        'THR005'
    ),
    (
        'SCR010',
        '3관',
        '3D',
        80,
        15,
        '운영중',
        'THR005'
    ),
    (
        'SCR011',
        '4관',
        '2D',
        105,
        0,
        '운영중',
        'THR006'
    ),
    (
        'SCR012',
        '3관',
        '4DX',
        90,
        0,
        '운영중',
        'THR006'
    ),
    (
        'SCR013',
        '3관',
        'IMAX',
        140,
        0,
        '운영중',
        'THR007'
    ),
    (
        'SCR014',
        '5관',
        '2D',
        100,
        5,
        '운영중',
        'THR007'
    ),
    (
        'SCR015',
        '4관',
        '3D',
        95,
        0,
        '운영중',
        'THR008'
    );

-- Movie 데이터 삽입
INSERT IGNORE INTO
    movie (
        moviecd,
        movienm,
        description,
        genre,
        director,
        actors,
        runningtime,
        releasedate,
        posterurl,
        isadult
    )
VALUES (
        'M001',
        '드래곤 길들이기',
        '드래곤과 인간의 우정을 그린 판타지 애니메이션',
        '애니메이션',
        '딘 데블로이스',
        '제이 바루첼, 아메리카 페레라',
        98,
        '2010-03-26',
        '/images/Dragon.png',
        'N'
    ),
    (
        'M002',
        '인터스텔라',
        '우주를 배경으로 한 SF 드라마',
        'SF',
        '크리스토퍼 놀란',
        '매튜 맥커너히, 앤 해서웨이',
        169,
        '2014-11-06',
        '/images/cloud.jpg',
        'N'
    ),
    (
        'M003',
        '어벤져스: 엔드게임',
        '마블 시리즈의 대단원',
        '액션',
        '루소 형제',
        '로버트 다우니 주니어, 크리스 에반스',
        181,
        '2019-04-24',
        '/images/Hifive.png',
        'N'
    ),
    (
        'M004',
        '기생충',
        '한국 영화의 새로운 전설',
        '드라마',
        '봉준호',
        '송강호, 이선균',
        132,
        '2019-05-30',
        '/images/Tiger.png',
        'N'
    ),
    (
        'M005',
        '조커',
        'DC 코믹스의 악역을 다룬 심리 드라마',
        '드라마',
        '토드 필립스',
        '호아킨 피닉스',
        122,
        '2019-10-02',
        '/images/Noise.png',
        'Y'
    ),
    (
        'M006',
        '나우시카',
        '미야자키 하야오의 걸작 애니메이션',
        '애니메이션',
        '미야자키 하야오',
        '성우: 나가시마 유키',
        116,
        '1984-03-11',
        '/images/Nausicaa.png',
        'N'
    ),
    (
        'M007',
        '엘리오',
        '픽사 애니메이션',
        '애니메이션',
        '에이드리언 몰리나',
        '성우: 유니스 에이',
        102,
        '2024-03-01',
        '/images/Elio.png',
        'N'
    ),
    (
        'M008',
        'F1 더 무비',
        'F1 레이싱을 다룬 액션 영화',
        '액션',
        '조셉 코신스키',
        '브래드 피트, 루이스 해밀턴',
        138,
        '2024-07-05',
        '/images/F1_TheMovie.png',
        'N'
    ),
    (
        'M009',
        '28년 후',
        '좀비 아포칼립스 영화',
        '스릴러',
        '대니 보일',
        '킬리언 머피, 나오미 해리스',
        145,
        '2024-06-28',
        '/images/28Years.png',
        'Y'
    ),
    (
        'M010',
        '퓨러루',
        '일본 애니메이션',
        '애니메이션',
        '신보 마코토',
        '성우: 카미야 히로시',
        108,
        '2024-04-12',
        '/images/Fureru.png',
        'N'
    ),
    (
        'M011',
        '아바타 3',
        '제임스 카메론의 SF 시리즈 3편',
        'SF',
        '제임스 카메론',
        '샘 워싱턴, 조 샐다나',
        180,
        '2026-12-18',
        '/images/28Years.png',
        'N'
    ),
    (
        'M012',
        '스파이더맨: 비욘드 더 유니버스',
        '애니메이션 스파이더맨 시리즈',
        '애니메이션',
        '호아킴 도스 산토스',
        '샤메익 무어, 헤일리 스타인펠드',
        120,
        '2026-03-29',
        '/images/Elio.png',
        'N'
    ),
    (
        'M013',
        '토이스토리 5',
        '픽사의 클래식 애니메이션 시리즈',
        '애니메이션',
        '앤드류 스탠턴',
        '톰 행크스, 팀 앨런',
        95,
        '2026-06-19',
        '/images/Dragon.png',
        'N'
    ),
    (
        'M014',
        '블랙 팬서: 와칸다 포에버',
        '마블 시리즈의 새로운 챕터',
        '액션',
        '라이언 쿠글러',
        '레티샤 라이트, 댄게라',
        150,
        '2026-07-24',
        '/images/Hifive.png',
        'N'
    ),
    (
        'M015',
        '인디아나 존스 6',
        '해리슨 포드의 마지막 인디아나 존스',
        '어드벤처',
        '제임스 맨골드',
        '해리슨 포드, 피비 월러브리지',
        140,
        '2026-06-30',
        '/images/Tiger.png',
        'N'
    ),
    (
        'M016',
        '미션 임파서블 8',
        '톰 크루즈의 액션 시리즈',
        '액션',
        '크리스토퍼 맥쿼리',
        '톰 크루즈, 레베카 퍼거슨',
        155,
        '2026-06-28',
        '/images/Noise.png',
        'N'
    ),
    (
        'M017',
        '쥬라기 월드: 새로운 시대',
        '공룡 시리즈의 새로운 시작',
        '액션',
        '가레스 에드워즈',
        '스카를렛 요한슨, 조나단 베일리',
        135,
        '2026-07-02',
        '/images/F1_TheMovie.png',
        'N'
    ),
    (
        'M018',
        '데드풀 3',
        '마블의 액션 코미디 시리즈',
        '액션',
        '숀 레비',
        '라이언 레이놀즈, 휴 잭맨',
        130,
        '2026-09-06',
        '/images/cloud.jpg',
        'Y'
    ),
    (
        'M019',
        '스타워즈: 새로운 제다이',
        '스타워즈 시리즈의 새로운 챕터',
        'SF',
        '샤민 오바이드-친노이',
        '데이지 리들리, 아담 드라이버',
        145,
        '2026-12-17',
        '/images/Nausicaa.png',
        'N'
    ),
    (
        'M020',
        '트랜스포머: 새로운 시작',
        '트랜스포머 시리즈의 리부트',
        '액션',
        '스티븐 카프리',
        '앤서니 라모스, 도미닉 피셔',
        140,
        '2026-06-27',
        '/images/Fureru.png',
        'N'
    );

-- Schedule 데이터 삽입
-- Schedule 데이터 삽입 (수정됨: moviecd와 screencd 랜덤 배치, S256 추가, SCH013 -> SCR013)
INSERT IGNORE INTO
    schedule (
        schedulecd,
        moviecd,
        screencd,
        starttime,
        endtime,
        startdate
    )
VALUES (
        'S143',
        'M015',
        'SCR001',
        '2025-07-05 12:30:00',
        '2025-07-05 14:55:00',
        '2025-07-05'
    ),
    (
        'S144',
        'M020',
        'SCR007',
        '2025-07-05 15:00:00',
        '2025-07-05 17:25:00',
        '2025-07-05'
    ),
    (
        'S145',
        'M009',
        'SCR013',
        '2025-07-05 17:30:00',
        '2025-07-05 19:55:00',
        '2025-07-05'
    ),
    (
        'S146',
        'M002',
        'SCR003',
        '2025-07-05 10:30:00',
        '2025-07-05 13:24:00',
        '2025-07-05'
    ),
    (
        'S147',
        'M017',
        'SCR015',
        '2025-07-05 13:00:00',
        '2025-07-05 15:20:00',
        '2025-07-05'
    ),
    (
        'S148',
        'M005',
        'SCR004',
        '2025-07-05 15:30:00',
        '2025-07-05 17:37:00',
        '2025-07-05'
    ),
    (
        'S149',
        'M014',
        'SCR010',
        '2025-07-05 17:00:00',
        '2025-07-05 19:19:00',
        '2025-07-05'
    ),
    (
        'S150',
        'M011',
        'SCR002',
        '2025-07-05 10:00:00',
        '2025-07-05 13:05:00',
        '2025-07-05'
    ),
    (
        'S151',
        'M019',
        'SCR012',
        '2025-07-05 13:30:00',
        '2025-07-05 15:55:00',
        '2025-07-05'
    ),
    (
        'S152',
        'M007',
        'SCR008',
        '2025-07-05 16:00:00',
        '2025-07-05 17:47:00',
        '2025-07-05'
    ),
    (
        'S153',
        'M012',
        'SCR005',
        '2025-07-05 11:00:00',
        '2025-07-05 13:05:00',
        '2025-07-05'
    ),
    (
        'S154',
        'M003',
        'SCR011',
        '2025-07-05 14:30:00',
        '2025-07-05 17:36:00',
        '2025-07-05'
    ),
    (
        'S155',
        'M006',
        'SCR006',
        '2025-07-05 12:00:00',
        '2025-07-05 14:09:00',
        '2025-07-05'
    ),
    (
        'S156',
        'M018',
        'SCR014',
        '2025-07-05 15:00:00',
        '2025-07-05 17:12:00',
        '2025-07-05'
    ),
    (
        'S157',
        'M001',
        'SCR001',
        '2025-07-06 12:30:00',
        '2025-07-06 14:25:00',
        '2025-07-06'
    ),
    (
        'S158',
        'M016',
        'SCR007',
        '2025-07-06 15:00:00',
        '2025-07-06 17:21:00',
        '2025-07-06'
    ),
    (
        'S159',
        'M008',
        'SCR013',
        '2025-07-06 17:30:00',
        '2025-07-06 19:53:00',
        '2025-07-06'
    ),
    (
        'S160',
        'M015',
        'SCR003',
        '2025-07-06 10:30:00',
        '2025-07-06 12:55:00',
        '2025-07-06'
    ),
    (
        'S161',
        'M020',
        'SCR015',
        '2025-07-06 13:00:00',
        '2025-07-06 15:25:00',
        '2025-07-06'
    ),
    (
        'S162',
        'M009',
        'SCR004',
        '2025-07-06 15:30:00',
        '2025-07-06 17:55:00',
        '2025-07-06'
    ),
    (
        'S163',
        'M002',
        'SCR005',
        '2025-07-06 10:00:00',
        '2025-07-06 12:54:00',
        '2025-07-06'
    ),
    (
        'S164',
        'M017',
        'SCR010',
        '2025-07-06 13:30:00',
        '2025-07-06 15:50:00',
        '2025-07-06'
    ),
    (
        'S165',
        'M005',
        'SCR014',
        '2025-07-06 16:00:00',
        '2025-07-06 18:07:00',
        '2025-07-06'
    ),
    (
        'S166',
        'M014',
        'SCR006',
        '2025-07-06 11:00:00',
        '2025-07-06 13:19:00',
        '2025-07-06'
    ),
    (
        'S167',
        'M011',
        'SCR012',
        '2025-07-06 14:30:00',
        '2025-07-06 17:35:00',
        '2025-07-06'
    ),
    (
        'S168',
        'M019',
        'SCR008',
        '2025-07-06 12:00:00',
        '2025-07-06 14:25:00',
        '2025-07-06'
    ),
    (
        'S169',
        'M007',
        'SCR011',
        '2025-07-06 15:00:00',
        '2025-07-06 16:47:00',
        '2025-07-06'
    ),
    (
        'S170',
        'M012',
        'SCR002',
        '2025-07-06 17:00:00',
        '2025-07-06 19:05:00',
        '2025-07-06'
    ),
    (
        'S171',
        'M003',
        'SCR001',
        '2025-07-07 12:30:00',
        '2025-07-07 15:36:00',
        '2025-07-07'
    ),
    (
        'S172',
        'M006',
        'SCR007',
        '2025-07-07 15:00:00',
        '2025-07-07 17:09:00',
        '2025-07-07'
    ),
    (
        'S173',
        'M018',
        'SCR013',
        '2025-07-07 17:30:00',
        '2025-07-07 19:42:00',
        '2025-07-07'
    ),
    (
        'S174',
        'M001',
        'SCR003',
        '2025-07-07 10:30:00',
        '2025-07-07 12:25:00',
        '2025-07-07'
    ),
    (
        'S175',
        'M016',
        'SCR015',
        '2025-07-07 13:00:00',
        '2025-07-07 15:21:00',
        '2025-07-07'
    ),
    (
        'S176',
        'M008',
        'SCR004',
        '2025-07-07 15:30:00',
        '2025-07-07 17:53:00',
        '2025-07-07'
    ),
    (
        'S177',
        'M015',
        'SCR005',
        '2025-07-07 10:00:00',
        '2025-07-07 12:25:00',
        '2025-07-07'
    ),
    (
        'S178',
        'M020',
        'SCR010',
        '2025-07-07 13:30:00',
        '2025-07-07 15:55:00',
        '2025-07-07'
    ),
    (
        'S179',
        'M009',
        'SCR014',
        '2025-07-07 16:00:00',
        '2025-07-07 18:25:00',
        '2025-07-07'
    ),
    (
        'S180',
        'M002',
        'SCR006',
        '2025-07-07 11:00:00',
        '2025-07-07 13:54:00',
        '2025-07-07'
    ),
    (
        'S181',
        'M017',
        'SCR012',
        '2025-07-07 14:30:00',
        '2025-07-07 16:50:00',
        '2025-07-07'
    ),
    (
        'S182',
        'M005',
        'SCR008',
        '2025-07-07 12:00:00',
        '2025-07-07 14:07:00',
        '2025-07-07'
    ),
    (
        'S183',
        'M014',
        'SCR011',
        '2025-07-07 15:00:00',
        '2025-07-07 17:19:00',
        '2025-07-07'
    ),
    (
        'S184',
        'M011',
        'SCR001',
        '2025-07-08 12:30:00',
        '2025-07-08 15:35:00',
        '2025-07-08'
    ),
    (
        'S185',
        'M019',
        'SCR007',
        '2025-07-08 15:00:00',
        '2025-07-08 17:25:00',
        '2025-07-08'
    ),
    (
        'S186',
        'M007',
        'SCR013',
        '2025-07-08 17:30:00',
        '2025-07-08 19:17:00',
        '2025-07-08'
    ),
    (
        'S187',
        'M012',
        'SCR003',
        '2025-07-08 10:30:00',
        '2025-07-08 12:35:00',
        '2025-07-08'
    ),
    (
        'S188',
        'M003',
        'SCR015',
        '2025-07-08 13:00:00',
        '2025-07-08 16:06:00',
        '2025-07-08'
    ),
    (
        'S189',
        'M006',
        'SCR004',
        '2025-07-08 15:30:00',
        '2025-07-08 17:39:00',
        '2025-07-08'
    ),
    (
        'S190',
        'M018',
        'SCR005',
        '2025-07-08 10:00:00',
        '2025-07-08 12:12:00',
        '2025-07-08'
    ),
    (
        'S191',
        'M001',
        'SCR010',
        '2025-07-08 13:30:00',
        '2025-07-08 15:25:00',
        '2025-07-08'
    ),
    (
        'S192',
        'M016',
        'SCR014',
        '2025-07-08 16:00:00',
        '2025-07-08 18:21:00',
        '2025-07-08'
    ),
    (
        'S193',
        'M008',
        'SCR006',
        '2025-07-08 11:00:00',
        '2025-07-08 13:23:00',
        '2025-07-08'
    ),
    (
        'S194',
        'M015',
        'SCR012',
        '2025-07-08 14:30:00',
        '2025-07-08 16:55:00',
        '2025-07-08'
    ),
    (
        'S195',
        'M020',
        'SCR008',
        '2025-07-08 12:00:00',
        '2025-07-08 14:25:00',
        '2025-07-08'
    ),
    (
        'S196',
        'M009',
        'SCR011',
        '2025-07-08 15:00:00',
        '2025-07-08 17:25:00',
        '2025-07-08'
    ),
    (
        'S197',
        'M002',
        'SCR001',
        '2025-07-09 12:30:00',
        '2025-07-09 15:24:00',
        '2025-07-09'
    ),
    (
        'S198',
        'M017',
        'SCR007',
        '2025-07-09 15:00:00',
        '2025-07-09 17:20:00',
        '2025-07-09'
    ),
    (
        'S199',
        'M005',
        'SCR013',
        '2025-07-09 17:30:00',
        '2025-07-09 19:37:00',
        '2025-07-09'
    ),
    (
        'S200',
        'M014',
        'SCR003',
        '2025-07-09 10:30:00',
        '2025-07-09 12:49:00',
        '2025-07-09'
    ),
    (
        'S201',
        'M011',
        'SCR015',
        '2025-07-09 13:00:00',
        '2025-07-09 16:05:00',
        '2025-07-09'
    ),
    (
        'S202',
        'M019',
        'SCR004',
        '2025-07-09 15:30:00',
        '2025-07-09 17:55:00',
        '2025-07-09'
    ),
    (
        'S203',
        'M007',
        'SCR005',
        '2025-07-09 10:00:00',
        '2025-07-09 11:47:00',
        '2025-07-09'
    ),
    (
        'S204',
        'M012',
        'SCR010',
        '2025-07-09 13:30:00',
        '2025-07-09 15:35:00',
        '2025-07-09'
    ),
    (
        'S205',
        'M003',
        'SCR014',
        '2025-07-09 16:00:00',
        '2025-07-09 19:06:00',
        '2025-07-09'
    ),
    (
        'S206',
        'M006',
        'SCR006',
        '2025-07-09 11:00:00',
        '2025-07-09 13:09:00',
        '2025-07-09'
    ),
    (
        'S207',
        'M018',
        'SCR012',
        '2025-07-09 14:30:00',
        '2025-07-09 16:42:00',
        '2025-07-09'
    ),
    (
        'S208',
        'M001',
        'SCR008',
        '2025-07-09 12:00:00',
        '2025-07-09 13:55:00',
        '2025-07-09'
    ),
    (
        'S209',
        'M016',
        'SCR011',
        '2025-07-09 15:00:00',
        '2025-07-09 17:21:00',
        '2025-07-09'
    ),
    (
        'S210',
        'M008',
        'SCR001',
        '2025-07-10 12:30:00',
        '2025-07-10 14:53:00',
        '2025-07-10'
    ),
    (
        'S211',
        'M015',
        'SCR007',
        '2025-07-10 15:00:00',
        '2025-07-10 17:25:00',
        '2025-07-10'
    ),
    (
        'S212',
        'M020',
        'SCR013',
        '2025-07-10 17:30:00',
        '2025-07-10 19:55:00',
        '2025-07-10'
    ),
    (
        'S213',
        'M009',
        'SCR003',
        '2025-07-10 10:30:00',
        '2025-07-10 12:55:00',
        '2025-07-10'
    ),
    (
        'S214',
        'M002',
        'SCR015',
        '2025-07-10 13:00:00',
        '2025-07-10 15:54:00',
        '2025-07-10'
    ),
    (
        'S215',
        'M017',
        'SCR004',
        '2025-07-10 15:30:00',
        '2025-07-10 17:50:00',
        '2025-07-10'
    ),
    (
        'S216',
        'M005',
        'SCR005',
        '2025-07-10 10:00:00',
        '2025-07-10 12:07:00',
        '2025-07-10'
    ),
    (
        'S217',
        'M014',
        'SCR010',
        '2025-07-10 13:30:00',
        '2025-07-10 15:49:00',
        '2025-07-10'
    ),
    (
        'S218',
        'M011',
        'SCR014',
        '2025-07-10 16:00:00',
        '2025-07-10 19:05:00',
        '2025-07-10'
    ),
    (
        'S219',
        'M019',
        'SCR006',
        '2025-07-10 11:00:00',
        '2025-07-10 13:25:00',
        '2025-07-10'
    ),
    (
        'S220',
        'M007',
        'SCR012',
        '2025-07-10 14:30:00',
        '2025-07-10 16:17:00',
        '2025-07-10'
    ),
    (
        'S221',
        'M012',
        'SCR008',
        '2025-07-10 12:00:00',
        '2025-07-10 14:05:00',
        '2025-07-10'
    ),
    (
        'S222',
        'M003',
        'SCR011',
        '2025-07-10 15:00:00',
        '2025-07-10 18:06:00',
        '2025-07-10'
    ),
    (
        'S223',
        'M006',
        'SCR001',
        '2025-07-03 10:00:00',
        '2025-07-03 12:09:00',
        '2025-07-03'
    ),
    (
        'S224',
        'M018',
        'SCR005',
        '2025-07-03 12:30:00',
        '2025-07-03 14:42:00',
        '2025-07-03'
    ),
    (
        'S225',
        'M001',
        'SCR010',
        '2025-07-03 15:00:00',
        '2025-07-03 16:55:00',
        '2025-07-03'
    ),
    (
        'S226',
        'M016',
        'SCR014',
        '2025-07-03 17:30:00',
        '2025-07-03 19:51:00',
        '2025-07-03'
    ),
    (
        'S227',
        'M008',
        'SCR002',
        '2025-07-03 18:00:00',
        '2025-07-03 20:23:00',
        '2025-07-03'
    ),
    (
        'S228',
        'M015',
        'SCR003',
        '2025-07-03 10:30:00',
        '2025-07-03 12:55:00',
        '2025-07-03'
    ),
    (
        'S229',
        'M020',
        'SCR006',
        '2025-07-03 13:00:00',
        '2025-07-03 15:25:00',
        '2025-07-03'
    ),
    (
        'S230',
        'M009',
        'SCR011',
        '2025-07-03 15:30:00',
        '2025-07-03 17:55:00',
        '2025-07-03'
    ),
    (
        'S231',
        'M002',
        'SCR008',
        '2025-07-03 18:00:00',
        '2025-07-03 20:54:00',
        '2025-07-03'
    ),
    (
        'S232',
        'M017',
        'SCR015',
        '2025-07-03 10:00:00',
        '2025-07-03 12:20:00',
        '2025-07-03'
    ),
    (
        'S233',
        'M005',
        'SCR007',
        '2025-07-03 12:30:00',
        '2025-07-03 14:37:00',
        '2025-07-03'
    ),
    (
        'S234',
        'M014',
        'SCR013',
        '2025-07-03 15:00:00',
        '2025-07-03 17:19:00',
        '2025-07-03'
    ),
    (
        'S235',
        'M011',
        'SCR001',
        '2025-07-03 17:30:00',
        '2025-07-03 20:35:00',
        '2025-07-03'
    ),
    (
        'S236',
        'M019',
        'SCR004',
        '2025-07-03 18:30:00',
        '2025-07-03 20:55:00',
        '2025-07-03'
    ),
    (
        'S237',
        'M007',
        'SCR002',
        '2025-07-03 10:00:00',
        '2025-07-03 11:47:00',
        '2025-07-03'
    ),
    (
        'S238',
        'M012',
        'SCR009',
        '2025-07-03 13:30:00',
        '2025-07-03 15:35:00',
        '2025-07-03'
    ),
    (
        'S239',
        'M003',
        'SCR012',
        '2025-07-03 16:00:00',
        '2025-07-03 19:06:00',
        '2025-07-03'
    ),
    (
        'S240',
        'M006',
        'SCR005',
        '2025-07-03 18:30:00',
        '2025-07-03 20:39:00',
        '2025-07-03'
    ),
    (
        'S241',
        'M018',
        'SCR006',
        '2025-07-03 10:30:00',
        '2025-07-03 12:42:00',
        '2025-07-03'
    ),
    (
        'S242',
        'M001',
        'SCR011',
        '2025-07-03 13:00:00',
        '2025-07-03 14:55:00',
        '2025-07-03'
    ),
    (
        'S243',
        'M016',
        'SCR015',
        '2025-07-03 15:30:00',
        '2025-07-03 17:51:00',
        '2025-07-03'
    ),
    (
        'S244',
        'M008',
        'SCR008',
        '2025-07-03 18:00:00',
        '2025-07-03 20:23:00',
        '2025-07-03'
    ),
    (
        'S245',
        'M015',
        'SCR002',
        '2025-07-04 10:00:00',
        '2025-07-04 12:25:00',
        '2025-07-04'
    ),
    (
        'S246',
        'M020',
        'SCR006',
        '2025-07-04 12:30:00',
        '2025-07-04 14:55:00',
        '2025-07-04'
    ),
    (
        'S247',
        'M009',
        'SCR011',
        '2025-07-04 15:00:00',
        '2025-07-04 17:25:00',
        '2025-07-04'
    ),
    (
        'S248',
        'M002',
        'SCR015',
        '2025-07-04 17:30:00',
        '2025-07-04 20:24:00',
        '2025-07-04'
    ),
    (
        'S249',
        'M017',
        'SCR003',
        '2025-07-04 18:00:00',
        '2025-07-04 20:20:00',
        '2025-07-04'
    ),
    (
        'S250',
        'M005',
        'SCR001',
        '2025-07-04 10:30:00',
        '2025-07-04 12:37:00',
        '2025-07-04'
    ),
    (
        'S251',
        'M014',
        'SCR007',
        '2025-07-04 13:00:00',
        '2025-07-04 15:19:00',
        '2025-07-04'
    ),
    (
        'S252',
        'M011',
        'SCR013',
        '2025-07-04 15:30:00',
        '2025-07-04 18:35:00',
        '2025-07-04'
    ),
    (
        'S253',
        'M019',
        'SCR005',
        '2025-07-04 18:00:00',
        '2025-07-04 20:25:00',
        '2025-07-04'
    ),
    (
        'S254',
        'M007',
        'SCR008',
        '2025-07-04 10:00:00',
        '2025-07-04 11:47:00',
        '2025-07-04'
    ),
    (
        'S255',
        'M012',
        'SCR012',
        '2025-07-04 12:30:00',
        '2025-07-04 14:35:00',
        '2025-07-04'
    ),
    (
        'S256',
        'M003',
        'SCR014',
        '2025-07-04 15:00:00',
        '2025-07-04 18:06:00',
        '2025-07-04'
    ),
    (
        'S257',
        'M006',
        'SCR002',
        '2025-07-04 17:30:00',
        '2025-07-04 19:39:00',
        '2025-07-04'
    ),
    (
        'S258',
        'M018',
        'SCR003',
        '2025-07-04 10:00:00',
        '2025-07-04 12:12:00',
        '2025-07-04'
    ),
    (
        'S259',
        'M001',
        'SCR009',
        '2025-07-04 13:30:00',
        '2025-07-04 15:25:00',
        '2025-07-04'
    ),
    (
        'S260',
        'M016',
        'SCR010',
        '2025-07-04 16:00:00',
        '2025-07-04 18:21:00',
        '2025-07-04'
    ),
    (
        'S261',
        'M008',
        'SCR015',
        '2025-07-04 18:30:00',
        '2025-07-04 20:53:00',
        '2025-07-04'
    ),
    (
        'S262',
        'M015',
        'SCR001',
        '2025-07-04 11:00:00',
        '2025-07-04 13:25:00',
        '2025-07-04'
    ),
    (
        'S263',
        'M020',
        'SCR005',
        '2025-07-04 13:30:00',
        '2025-07-04 15:55:00',
        '2025-07-04'
    ),
    (
        'S264',
        'M009',
        'SCR011',
        '2025-07-04 16:00:00',
        '2025-07-04 18:25:00',
        '2025-07-04'
    ),
    (
        'S265',
        'M002',
        'SCR002',
        '2025-07-05 10:00:00',
        '2025-07-05 12:54:00',
        '2025-07-05'
    ),
    (
        'S266',
        'M017',
        'SCR006',
        '2025-07-05 12:30:00',
        '2025-07-05 14:50:00',
        '2025-07-05'
    ),
    (
        'S267',
        'M005',
        'SCR011',
        '2025-07-05 15:00:00',
        '2025-07-05 17:07:00',
        '2025-07-05'
    ),
    (
        'S268',
        'M014',
        'SCR015',
        '2025-07-05 17:30:00',
        '2025-07-05 19:49:00',
        '2025-07-05'
    ),
    (
        'S269',
        'M011',
        'SCR003',
        '2025-07-05 18:00:00',
        '2025-07-05 21:05:00',
        '2025-07-05'
    ),
    (
        'S270',
        'M019',
        'SCR001',
        '2025-07-05 10:30:00',
        '2025-07-05 12:55:00',
        '2025-07-05'
    ),
    (
        'S271',
        'M007',
        'SCR007',
        '2025-07-05 13:00:00',
        '2025-07-05 14:47:00',
        '2025-07-05'
    ),
    (
        'S272',
        'M012',
        'SCR013',
        '2025-07-05 15:30:00',
        '2025-07-05 17:35:00',
        '2025-07-05'
    ),
    (
        'S273',
        'M003',
        'SCR005',
        '2025-07-05 18:00:00',
        '2025-07-05 21:06:00',
        '2025-07-05'
    ),
    (
        'S274',
        'M006',
        'SCR009',
        '2025-07-05 10:00:00',
        '2025-07-05 12:09:00',
        '2025-07-05'
    ),
    (
        'S275',
        'M018',
        'SCR012',
        '2025-07-05 12:30:00',
        '2025-07-05 14:42:00',
        '2025-07-05'
    ),
    (
        'S276',
        'M001',
        'SCR014',
        '2025-07-05 15:00:00',
        '2025-07-05 16:55:00',
        '2025-07-05'
    ),
    (
        'S277',
        'M016',
        'SCR008',
        '2025-07-05 17:30:00',
        '2025-07-05 19:51:00',
        '2025-07-05'
    ),
    (
        'S278',
        'M008',
        'SCR004',
        '2025-07-05 10:00:00',
        '2025-07-05 12:23:00',
        '2025-07-05'
    ),
    (
        'S279',
        'M015',
        'SCR010',
        '2025-07-05 13:30:00',
        '2025-07-05 15:55:00',
        '2025-07-05'
    ),
    (
        'S280',
        'M020',
        'SCR015',
        '2025-07-05 16:00:00',
        '2025-07-05 18:25:00',
        '2025-07-05'
    ),
    (
        'S281',
        'M009',
        'SCR002',
        '2025-07-05 10:30:00',
        '2025-07-05 12:55:00',
        '2025-07-05'
    ),
    (
        'S282',
        'M002',
        'SCR006',
        '2025-07-05 13:00:00',
        '2025-07-05 15:54:00',
        '2025-07-05'
    ),
    (
        'S283',
        'M017',
        'SCR011',
        '2025-07-05 15:30:00',
        '2025-07-05 17:50:00',
        '2025-07-05'
    ),
    (
        'S284',
        'M005',
        'SCR001',
        '2025-07-05 18:00:00',
        '2025-07-05 20:07:00',
        '2025-07-05'
    ),
    (
        'S285',
        'M014',
        'SCR005',
        '2025-07-06 10:00:00',
        '2025-07-06 12:19:00',
        '2025-07-06'
    ),
    (
        'S286',
        'M011',
        'SCR009',
        '2025-07-06 12:30:00',
        '2025-07-06 15:35:00',
        '2025-07-06'
    ),
    (
        'S287',
        'M019',
        'SCR013',
        '2025-07-06 15:00:00',
        '2025-07-06 17:25:00',
        '2025-07-06'
    ),
    (
        'S288',
        'M007',
        'SCR002',
        '2025-07-06 17:30:00',
        '2025-07-06 19:17:00',
        '2025-07-06'
    ),
    (
        'S289',
        'M012',
        'SCR008',
        '2025-07-06 18:00:00',
        '2025-07-06 20:05:00',
        '2025-07-06'
    ),
    (
        'S290',
        'M003',
        'SCR001',
        '2025-07-06 10:30:00',
        '2025-07-06 13:36:00',
        '2025-07-06'
    ),
    (
        'S291',
        'M006',
        'SCR006',
        '2025-07-06 13:00:00',
        '2025-07-06 15:09:00',
        '2025-07-06'
    ),
    (
        'S292',
        'M018',
        'SCR011',
        '2025-07-06 15:30:00',
        '2025-07-06 17:42:00',
        '2025-07-06'
    ),
    (
        'S293',
        'M001',
        'SCR015',
        '2025-07-06 18:00:00',
        '2025-07-06 19:55:00',
        '2025-07-06'
    ),
    (
        'S294',
        'M016',
        'SCR003',
        '2025-07-06 10:00:00',
        '2025-07-06 12:21:00',
        '2025-07-06'
    ),
    (
        'S295',
        'M008',
        'SCR009',
        '2025-07-06 12:30:00',
        '2025-07-06 14:53:00',
        '2025-07-06'
    ),
    (
        'S296',
        'M015',
        'SCR014',
        '2025-07-06 15:00:00',
        '2025-07-06 17:25:00',
        '2025-07-06'
    ),
    (
        'S297',
        'M020',
        'SCR004',
        '2025-07-06 17:30:00',
        '2025-07-06 19:55:00',
        '2025-07-06'
    ),
    (
        'S298',
        'M009',
        'SCR005',
        '2025-07-06 10:00:00',
        '2025-07-06 12:25:00',
        '2025-07-06'
    ),
    (
        'S299',
        'M002',
        'SCR010',
        '2025-07-06 13:30:00',
        '2025-07-06 16:24:00',
        '2025-07-06'
    ),
    (
        'S300',
        'M017',
        'SCR012',
        '2025-07-06 16:00:00',
        '2025-07-06 18:20:00',
        '2025-07-06'
    ),
    (
        'S301',
        'M005',
        'SCR002',
        '2025-07-06 18:30:00',
        '2025-07-06 20:37:00',
        '2025-07-06'
    ),
    (
        'S302',
        'M014',
        'SCR007',
        '2025-07-06 10:30:00',
        '2025-07-06 12:49:00',
        '2025-07-06'
    ),
    (
        'S303',
        'M011',
        'SCR013',
        '2025-07-06 13:00:00',
        '2025-07-06 16:05:00',
        '2025-07-06'
    ),
    (
        'S304',
        'M019',
        'SCR008',
        '2025-07-06 15:30:00',
        '2025-07-06 17:55:00',
        '2025-07-06'
    ),
    (
        'S305',
        'M007',
        'SCR001',
        '2025-07-06 18:00:00',
        '2025-07-06 19:47:00',
        '2025-07-06'
    ),
    (
        'S306',
        'M012',
        'SCR002',
        '2025-07-07 10:00:00',
        '2025-07-07 12:05:00',
        '2025-07-07'
    ),
    (
        'S307',
        'M003',
        'SCR006',
        '2025-07-07 12:30:00',
        '2025-07-07 15:36:00',
        '2025-07-07'
    ),
    (
        'S308',
        'M006',
        'SCR011',
        '2025-07-07 15:00:00',
        '2025-07-07 17:09:00',
        '2025-07-07'
    ),
    (
        'S309',
        'M018',
        'SCR015',
        '2025-07-07 17:30:00',
        '2025-07-07 19:42:00',
        '2025-07-07'
    ),
    (
        'S310',
        'M001',
        'SCR003',
        '2025-07-07 18:00:00',
        '2025-07-07 19:55:00',
        '2025-07-07'
    ),
    (
        'S311',
        'M016',
        'SCR005',
        '2025-07-07 10:00:00',
        '2025-07-07 12:21:00',
        '2025-07-07'
    ),
    (
        'S312',
        'M008',
        'SCR009',
        '2025-07-07 13:30:00',
        '2025-07-07 15:53:00',
        '2025-07-07'
    ),
    (
        'S313',
        'M015',
        'SCR014',
        '2025-07-07 16:00:00',
        '2025-07-07 18:25:00',
        '2025-07-07'
    ),
    (
        'S314',
        'M020',
        'SCR008',
        '2025-07-07 18:30:00',
        '2025-07-07 20:55:00',
        '2025-07-07'
    ),
    (
        'S315',
        'M009',
        'SCR001',
        '2025-07-07 10:30:00',
        '2025-07-07 12:55:00',
        '2025-07-07'
    ),
    (
        'S316',
        'M002',
        'SCR007',
        '2025-07-07 13:00:00',
        '2025-07-07 15:54:00',
        '2025-07-07'
    ),
    (
        'S317',
        'M017',
        'SCR012',
        '2025-07-07 15:30:00',
        '2025-07-07 17:50:00',
        '2025-07-07'
    ),
    (
        'S318',
        'M005',
        'SCR004',
        '2025-07-07 18:00:00',
        '2025-07-07 20:07:00',
        '2025-07-07'
    ),
    (
        'S319',
        'M014',
        'SCR002',
        '2025-07-07 10:00:00',
        '2025-07-07 12:19:00',
        '2025-07-07'
    ),
    (
        'S320',
        'M011',
        'SCR010',
        '2025-07-07 13:30:00',
        '2025-07-07 16:35:00',
        '2025-07-07'
    ),
    (
        'S321',
        'M019',
        'SCR015',
        '2025-07-07 16:00:00',
        '2025-07-07 18:25:00',
        '2025-07-07'
    ),
    (
        'S322',
        'M007',
        'SCR006',
        '2025-07-07 18:30:00',
        '2025-07-07 20:17:00',
        '2025-07-07'
    ),
    (
        'S323',
        'M012',
        'SCR003',
        '2025-07-07 10:30:00',
        '2025-07-07 12:35:00',
        '2025-07-07'
    ),
    (
        'S324',
        'M003',
        'SCR009',
        '2025-07-07 13:00:00',
        '2025-07-07 16:06:00',
        '2025-07-07'
    ),
    (
        'S325',
        'M006',
        'SCR013',
        '2025-07-07 15:30:00',
        '2025-07-07 17:39:00',
        '2025-07-07'
    ),
    (
        'S326',
        'M018',
        'SCR001',
        '2025-07-07 18:00:00',
        '2025-07-07 20:12:00',
        '2025-07-07'
    ),
    (
        'S327',
        'M001',
        'SCR002',
        '2025-07-08 10:00:00',
        '2025-07-08 11:55:00',
        '2025-07-08'
    ),
    (
        'S328',
        'M016',
        'SCR006',
        '2025-07-08 12:30:00',
        '2025-07-08 14:51:00',
        '2025-07-08'
    ),
    (
        'S329',
        'M008',
        'SCR011',
        '2025-07-08 15:00:00',
        '2025-07-08 17:23:00',
        '2025-07-08'
    ),
    (
        'S330',
        'M015',
        'SCR015',
        '2025-07-08 17:30:00',
        '2025-07-08 19:55:00',
        '2025-07-08'
    ),
    (
        'S331',
        'M020',
        'SCR003',
        '2025-07-08 18:00:00',
        '2025-07-08 20:25:00',
        '2025-07-08'
    ),
    (
        'S332',
        'M009',
        'SCR005',
        '2025-07-08 10:30:00',
        '2025-07-08 12:55:00',
        '2025-07-08'
    ),
    (
        'S333',
        'M002',
        'SCR009',
        '2025-07-08 13:00:00',
        '2025-07-08 15:54:00',
        '2025-07-08'
    ),
    (
        'S334',
        'M017',
        'SCR014',
        '2025-07-08 15:30:00',
        '2025-07-08 17:50:00',
        '2025-07-08'
    ),
    (
        'S335',
        'M005',
        'SCR008',
        '2025-07-08 18:00:00',
        '2025-07-08 20:07:00',
        '2025-07-08'
    ),
    (
        'S336',
        'M014',
        'SCR001',
        '2025-07-08 10:00:00',
        '2025-07-08 12:19:00',
        '2025-07-08'
    ),
    (
        'S337',
        'M011',
        'SCR007',
        '2025-07-08 12:30:00',
        '2025-07-08 15:35:00',
        '2025-07-08'
    ),
    (
        'S338',
        'M019',
        'SCR013',
        '2025-07-08 15:00:00',
        '2025-07-08 17:25:00',
        '2025-07-08'
    ),
    (
        'S339',
        'M007',
        'SCR004',
        '2025-07-08 17:30:00',
        '2025-07-08 19:17:00',
        '2025-07-08'
    ),
    (
        'S340',
        'M012',
        'SCR002',
        '2025-07-08 10:00:00',
        '2025-07-08 12:05:00',
        '2025-07-08'
    ),
    (
        'S341',
        'M003',
        'SCR010',
        '2025-07-08 13:30:00',
        '2025-07-08 16:36:00',
        '2025-07-08'
    ),
    (
        'S342',
        'M006',
        'SCR015',
        '2025-07-08 16:00:00',
        '2025-07-08 18:09:00',
        '2025-07-08'
    ),
    (
        'S343',
        'M018',
        'SCR006',
        '2025-07-08 18:30:00',
        '2025-07-08 20:42:00',
        '2025-07-08'
    ),
    (
        'S344',
        'M001',
        'SCR003',
        '2025-07-08 10:30:00',
        '2025-07-08 12:25:00',
        '2025-07-08'
    ),
    (
        'S345',
        'M016',
        'SCR009',
        '2025-07-08 13:00:00',
        '2025-07-08 15:21:00',
        '2025-07-08'
    ),
    (
        'S346',
        'M008',
        'SCR014',
        '2025-07-08 15:30:00',
        '2025-07-08 17:53:00',
        '2025-07-08'
    ),
    (
        'S347',
        'M015',
        'SCR001',
        '2025-07-08 18:00:00',
        '2025-07-08 20:25:00',
        '2025-07-08'
    ),
    (
        'S348',
        'M020',
        'SCR005',
        '2025-07-09 10:00:00',
        '2025-07-09 12:25:00',
        '2025-07-09'
    ),
    (
        'S349',
        'M009',
        'SCR010',
        '2025-07-09 12:30:00',
        '2025-07-09 14:55:00',
        '2025-07-09'
    ),
    (
        'S350',
        'M002',
        'SCR015',
        '2025-07-09 15:00:00',
        '2025-07-09 17:54:00',
        '2025-07-09'
    ),
    (
        'S351',
        'M017',
        'SCR002',
        '2025-07-09 17:30:00',
        '2025-07-09 19:50:00',
        '2025-07-09'
    ),
    (
        'S352',
        'M005',
        'SCR008',
        '2025-07-09 18:00:00',
        '2025-07-09 20:07:00',
        '2025-07-09'
    ),
    (
        'S353',
        'M014',
        'SCR001',
        '2025-07-09 10:00:00',
        '2025-07-09 12:19:00',
        '2025-07-09'
    ),
    (
        'S354',
        'M011',
        'SCR006',
        '2025-07-09 13:30:00',
        '2025-07-09 16:35:00',
        '2025-07-09'
    ),
    (
        'S355',
        'M019',
        'SCR011',
        '2025-07-09 16:00:00',
        '2025-07-09 18:25:00',
        '2025-07-09'
    ),
    (
        'S356',
        'M007',
        'SCR013',
        '2025-07-09 18:30:00',
        '2025-07-09 20:17:00',
        '2025-07-09'
    ),
    (
        'S357',
        'M012',
        'SCR002',
        '2025-07-09 10:30:00',
        '2025-07-09 12:35:00',
        '2025-07-09'
    ),
    (
        'S358',
        'M003',
        'SCR007',
        '2025-07-09 13:00:00',
        '2025-07-09 16:06:00',
        '2025-07-09'
    ),
    (
        'S359',
        'M006',
        'SCR014',
        '2025-07-09 15:30:00',
        '2025-07-09 17:39:00',
        '2025-07-09'
    ),
    (
        'S360',
        'M018',
        'SCR004',
        '2025-07-09 18:00:00',
        '2025-07-09 20:12:00',
        '2025-07-09'
    ),
    (
        'S361',
        'M001',
        'SCR003',
        '2025-07-09 10:00:00',
        '2025-07-09 11:55:00',
        '2025-07-09'
    ),
    (
        'S362',
        'M016',
        'SCR009',
        '2025-07-09 13:30:00',
        '2025-07-09 15:51:00',
        '2025-07-09'
    ),
    (
        'S363',
        'M008',
        'SCR015',
        '2025-07-09 16:00:00',
        '2025-07-09 18:23:00',
        '2025-07-09'
    ),
    (
        'S364',
        'M015',
        'SCR001',
        '2025-07-09 18:30:00',
        '2025-07-09 20:55:00',
        '2025-07-09'
    ),
    (
        'S365',
        'M020',
        'SCR005',
        '2025-07-09 10:30:00',
        '2025-07-09 12:55:00',
        '2025-07-09'
    ),
    (
        'S366',
        'M009',
        'SCR010',
        '2025-07-09 13:00:00',
        '2025-07-09 15:25:00',
        '2025-07-09'
    ),
    (
        'S367',
        'M002',
        'SCR012',
        '2025-07-09 15:30:00',
        '2025-07-09 18:24:00',
        '2025-07-09'
    ),
    (
        'S368',
        'M017',
        'SCR002',
        '2025-07-09 18:00:00',
        '2025-07-09 20:20:00',
        '2025-07-09'
    ),
    (
        'S369',
        'M005',
        'SCR003',
        '2025-07-10 10:00:00',
        '2025-07-10 12:07:00',
        '2025-07-10'
    ),
    (
        'S370',
        'M014',
        'SCR009',
        '2025-07-10 12:30:00',
        '2025-07-10 14:49:00',
        '2025-07-10'
    ),
    (
        'S371',
        'M011',
        'SCR014',
        '2025-07-10 15:00:00',
        '2025-07-10 18:05:00',
        '2025-07-10'
    ),
    (
        'S372',
        'M019',
        'SCR001',
        '2025-07-10 17:30:00',
        '2025-07-10 19:55:00',
        '2025-07-10'
    ),
    (
        'S373',
        'M007',
        'SCR008',
        '2025-07-10 18:00:00',
        '2025-07-10 19:47:00',
        '2025-07-10'
    ),
    (
        'S374',
        'M012',
        'SCR005',
        '2025-07-10 10:30:00',
        '2025-07-10 12:35:00',
        '2025-07-10'
    ),
    (
        'S375',
        'M003',
        'SCR010',
        '2025-07-10 13:00:00',
        '2025-07-10 16:06:00',
        '2025-07-10'
    ),
    (
        'S376',
        'M006',
        'SCR015',
        '2025-07-10 15:30:00',
        '2025-07-10 17:39:00',
        '2025-07-10'
    ),
    (
        'S377',
        'M018',
        'SCR002',
        '2025-07-10 18:00:00',
        '2025-07-10 20:12:00',
        '2025-07-10'
    ),
    (
        'S378',
        'M001',
        'SCR006',
        '2025-07-10 10:00:00',
        '2025-07-10 11:55:00',
        '2025-07-10'
    ),
    (
        'S379',
        'M016',
        'SCR011',
        '2025-07-10 12:30:00',
        '2025-07-10 14:51:00',
        '2025-07-10'
    ),
    (
        'S380',
        'M008',
        'SCR013',
        '2025-07-10 15:00:00',
        '2025-07-10 17:23:00',
        '2025-07-10'
    ),
    (
        'S381',
        'M015',
        'SCR003',
        '2025-07-10 17:30:00',
        '2025-07-10 19:55:00',
        '2025-07-10'
    ),
    (
        'S382',
        'M020',
        'SCR001',
        '2025-07-10 10:00:00',
        '2025-07-10 12:25:00',
        '2025-07-10'
    ),
    (
        'S383',
        'M009',
        'SCR007',
        '2025-07-10 13:30:00',
        '2025-07-10 15:55:00',
        '2025-07-10'
    ),
    (
        'S384',
        'M002',
        'SCR012',
        '2025-07-10 16:00:00',
        '2025-07-10 18:54:00',
        '2025-07-10'
    ),
    (
        'S385',
        'M017',
        'SCR005',
        '2025-07-10 18:30:00',
        '2025-07-10 20:50:00',
        '2025-07-10'
    ),
    (
        'S386',
        'M005',
        'SCR002',
        '2025-07-10 10:30:00',
        '2025-07-10 12:37:00',
        '2025-07-10'
    ),
    (
        'S387',
        'M014',
        'SCR009',
        '2025-07-10 13:00:00',
        '2025-07-10 15:19:00',
        '2025-07-10'
    ),
    (
        'S388',
        'M011',
        'SCR014',
        '2025-07-10 15:30:00',
        '2025-07-10 18:35:00',
        '2025-07-10'
    ),
    (
        'S389',
        'M019',
        'SCR006',
        '2025-07-10 18:00:00',
        '2025-07-10 20:25:00',
        '2025-07-10'
    ),
    -- 7월 5일부터 10일까지 추가 스케줄 데이터
    -- 7월 5일 스케줄
    (
        'S390',
        'M001',
        'SCR001',
        '2025-07-05 10:00:00',
        '2025-07-05 11:55:00',
        '2025-07-05'
    ),
    (
        'S391',
        'M001',
        'SCR002',
        '2025-07-05 12:30:00',
        '2025-07-05 14:25:00',
        '2025-07-05'
    ),
    (
        'S392',
        'M001',
        'SCR003',
        '2025-07-05 15:00:00',
        '2025-07-05 16:55:00',
        '2025-07-05'
    ),
    (
        'S393',
        'M001',
        'SCR004',
        '2025-07-05 17:30:00',
        '2025-07-05 19:25:00',
        '2025-07-05'
    ),
    (
        'S394',
        'M002',
        'SCR005',
        '2025-07-05 10:30:00',
        '2025-07-05 13:24:00',
        '2025-07-05'
    ),
    (
        'S395',
        'M002',
        'SCR006',
        '2025-07-05 14:00:00',
        '2025-07-05 16:54:00',
        '2025-07-05'
    ),
    (
        'S396',
        'M002',
        'SCR007',
        '2025-07-05 17:30:00',
        '2025-07-05 20:24:00',
        '2025-07-05'
    ),
    (
        'S397',
        'M003',
        'SCR008',
        '2025-07-05 11:00:00',
        '2025-07-05 14:06:00',
        '2025-07-05'
    ),
    (
        'S398',
        'M003',
        'SCR009',
        '2025-07-05 14:30:00',
        '2025-07-05 17:36:00',
        '2025-07-05'
    ),
    (
        'S399',
        'M003',
        'SCR010',
        '2025-07-05 18:00:00',
        '2025-07-05 21:06:00',
        '2025-07-05'
    ),
    (
        'S400',
        'M004',
        'SCR011',
        '2025-07-05 10:00:00',
        '2025-07-05 12:17:00',
        '2025-07-05'
    ),
    (
        'S401',
        'M004',
        'SCR012',
        '2025-07-05 12:30:00',
        '2025-07-05 14:47:00',
        '2025-07-05'
    ),
    (
        'S402',
        'M004',
        'SCR013',
        '2025-07-05 15:00:00',
        '2025-07-05 17:17:00',
        '2025-07-05'
    ),
    (
        'S403',
        'M005',
        'SCR014',
        '2025-07-05 11:30:00',
        '2025-07-05 13:37:00',
        '2025-07-05'
    ),
    (
        'S404',
        'M005',
        'SCR015',
        '2025-07-05 14:00:00',
        '2025-07-05 16:07:00',
        '2025-07-05'
    ),
    -- 7월 6일 스케줄
    (
        'S405',
        'M006',
        'SCR001',
        '2025-07-06 10:00:00',
        '2025-07-06 12:09:00',
        '2025-07-06'
    ),
    (
        'S406',
        'M006',
        'SCR002',
        '2025-07-06 12:30:00',
        '2025-07-06 14:39:00',
        '2025-07-06'
    ),
    (
        'S407',
        'M006',
        'SCR003',
        '2025-07-06 15:00:00',
        '2025-07-06 17:09:00',
        '2025-07-06'
    ),
    (
        'S408',
        'M007',
        'SCR004',
        '2025-07-06 10:30:00',
        '2025-07-06 12:17:00',
        '2025-07-06'
    ),
    (
        'S409',
        'M007',
        'SCR005',
        '2025-07-06 12:30:00',
        '2025-07-06 14:17:00',
        '2025-07-06'
    ),
    (
        'S410',
        'M007',
        'SCR006',
        '2025-07-06 15:00:00',
        '2025-07-06 16:47:00',
        '2025-07-06'
    ),
    (
        'S411',
        'M008',
        'SCR007',
        '2025-07-06 11:00:00',
        '2025-07-06 13:23:00',
        '2025-07-06'
    ),
    (
        'S412',
        'M008',
        'SCR008',
        '2025-07-06 13:30:00',
        '2025-07-06 15:53:00',
        '2025-07-06'
    ),
    (
        'S413',
        'M008',
        'SCR009',
        '2025-07-06 16:00:00',
        '2025-07-06 18:23:00',
        '2025-07-06'
    ),
    (
        'S414',
        'M009',
        'SCR010',
        '2025-07-06 10:00:00',
        '2025-07-06 12:25:00',
        '2025-07-06'
    ),
    (
        'S415',
        'M009',
        'SCR011',
        '2025-07-06 12:30:00',
        '2025-07-06 14:55:00',
        '2025-07-06'
    ),
    (
        'S416',
        'M009',
        'SCR012',
        '2025-07-06 15:00:00',
        '2025-07-06 17:25:00',
        '2025-07-06'
    ),
    (
        'S417',
        'M010',
        'SCR013',
        '2025-07-06 11:30:00',
        '2025-07-06 13:23:00',
        '2025-07-06'
    ),
    (
        'S418',
        'M010',
        'SCR014',
        '2025-07-06 13:30:00',
        '2025-07-06 15:23:00',
        '2025-07-06'
    ),
    (
        'S419',
        'M010',
        'SCR015',
        '2025-07-06 16:00:00',
        '2025-07-06 17:53:00',
        '2025-07-06'
    ),
    -- 7월 7일 스케줄
    (
        'S420',
        'M011',
        'SCR001',
        '2025-07-07 10:00:00',
        '2025-07-07 13:05:00',
        '2025-07-07'
    ),
    (
        'S421',
        'M011',
        'SCR002',
        '2025-07-07 13:30:00',
        '2025-07-07 16:35:00',
        '2025-07-07'
    ),
    (
        'S422',
        'M011',
        'SCR003',
        '2025-07-07 17:00:00',
        '2025-07-07 20:05:00',
        '2025-07-07'
    ),
    (
        'S423',
        'M012',
        'SCR004',
        '2025-07-07 10:30:00',
        '2025-07-07 12:35:00',
        '2025-07-07'
    ),
    (
        'S424',
        'M012',
        'SCR005',
        '2025-07-07 13:00:00',
        '2025-07-07 15:05:00',
        '2025-07-07'
    ),
    (
        'S425',
        'M012',
        'SCR006',
        '2025-07-07 15:30:00',
        '2025-07-07 17:35:00',
        '2025-07-07'
    ),
    (
        'S426',
        'M013',
        'SCR007',
        '2025-07-07 11:00:00',
        '2025-07-07 12:40:00',
        '2025-07-07'
    ),
    (
        'S427',
        'M013',
        'SCR008',
        '2025-07-07 13:00:00',
        '2025-07-07 14:40:00',
        '2025-07-07'
    ),
    (
        'S428',
        'M013',
        'SCR009',
        '2025-07-07 15:00:00',
        '2025-07-07 16:40:00',
        '2025-07-07'
    ),
    (
        'S429',
        'M014',
        'SCR010',
        '2025-07-07 10:00:00',
        '2025-07-07 12:19:00',
        '2025-07-07'
    ),
    (
        'S430',
        'M014',
        'SCR011',
        '2025-07-07 12:30:00',
        '2025-07-07 14:49:00',
        '2025-07-07'
    ),
    (
        'S431',
        'M014',
        'SCR012',
        '2025-07-07 15:00:00',
        '2025-07-07 17:19:00',
        '2025-07-07'
    ),
    (
        'S432',
        'M015',
        'SCR013',
        '2025-07-07 11:30:00',
        '2025-07-07 13:55:00',
        '2025-07-07'
    ),
    (
        'S433',
        'M015',
        'SCR014',
        '2025-07-07 14:00:00',
        '2025-07-07 16:25:00',
        '2025-07-07'
    ),
    (
        'S434',
        'M015',
        'SCR015',
        '2025-07-07 17:00:00',
        '2025-07-07 19:25:00',
        '2025-07-07'
    ),
    -- 7월 8일 스케줄
    (
        'S435',
        'M016',
        'SCR001',
        '2025-07-08 10:00:00',
        '2025-07-08 12:21:00',
        '2025-07-08'
    ),
    (
        'S436',
        'M016',
        'SCR002',
        '2025-07-08 12:30:00',
        '2025-07-08 14:51:00',
        '2025-07-08'
    ),
    (
        'S437',
        'M016',
        'SCR003',
        '2025-07-08 15:00:00',
        '2025-07-08 17:21:00',
        '2025-07-08'
    ),
    (
        'S438',
        'M017',
        'SCR004',
        '2025-07-08 10:30:00',
        '2025-07-08 12:50:00',
        '2025-07-08'
    ),
    (
        'S439',
        'M017',
        'SCR005',
        '2025-07-08 13:00:00',
        '2025-07-08 15:20:00',
        '2025-07-08'
    ),
    (
        'S440',
        'M017',
        'SCR006',
        '2025-07-08 15:30:00',
        '2025-07-08 17:50:00',
        '2025-07-08'
    ),
    (
        'S441',
        'M018',
        'SCR007',
        '2025-07-08 11:00:00',
        '2025-07-08 13:12:00',
        '2025-07-08'
    ),
    (
        'S442',
        'M018',
        'SCR008',
        '2025-07-08 13:30:00',
        '2025-07-08 15:42:00',
        '2025-07-08'
    ),
    (
        'S443',
        'M018',
        'SCR009',
        '2025-07-08 16:00:00',
        '2025-07-08 18:12:00',
        '2025-07-08'
    ),
    (
        'S444',
        'M019',
        'SCR010',
        '2025-07-08 10:00:00',
        '2025-07-08 12:25:00',
        '2025-07-08'
    ),
    (
        'S445',
        'M019',
        'SCR011',
        '2025-07-08 12:30:00',
        '2025-07-08 14:55:00',
        '2025-07-08'
    ),
    (
        'S446',
        'M019',
        'SCR012',
        '2025-07-08 15:00:00',
        '2025-07-08 17:25:00',
        '2025-07-08'
    ),
    (
        'S447',
        'M020',
        'SCR013',
        '2025-07-08 11:30:00',
        '2025-07-08 13:25:00',
        '2025-07-08'
    ),
    (
        'S448',
        'M020',
        'SCR014',
        '2025-07-08 13:30:00',
        '2025-07-08 15:25:00',
        '2025-07-08'
    ),
    (
        'S449',
        'M020',
        'SCR015',
        '2025-07-08 16:00:00',
        '2025-07-08 17:55:00',
        '2025-07-08'
    ),
    -- 7월 9일 스케줄
    (
        'S450',
        'M001',
        'SCR001',
        '2025-07-09 10:00:00',
        '2025-07-09 11:55:00',
        '2025-07-09'
    ),
    (
        'S451',
        'M001',
        'SCR002',
        '2025-07-09 12:30:00',
        '2025-07-09 14:25:00',
        '2025-07-09'
    ),
    (
        'S452',
        'M001',
        'SCR003',
        '2025-07-09 15:00:00',
        '2025-07-09 16:55:00',
        '2025-07-09'
    ),
    (
        'S453',
        'M002',
        'SCR004',
        '2025-07-09 10:30:00',
        '2025-07-09 13:24:00',
        '2025-07-09'
    ),
    (
        'S454',
        'M002',
        'SCR005',
        '2025-07-09 14:00:00',
        '2025-07-09 16:54:00',
        '2025-07-09'
    ),
    (
        'S455',
        'M002',
        'SCR006',
        '2025-07-09 17:30:00',
        '2025-07-09 20:24:00',
        '2025-07-09'
    ),
    (
        'S456',
        'M003',
        'SCR007',
        '2025-07-09 11:00:00',
        '2025-07-09 14:06:00',
        '2025-07-09'
    ),
    (
        'S457',
        'M003',
        'SCR008',
        '2025-07-09 14:30:00',
        '2025-07-09 17:36:00',
        '2025-07-09'
    ),
    (
        'S458',
        'M003',
        'SCR009',
        '2025-07-09 18:00:00',
        '2025-07-09 21:06:00',
        '2025-07-09'
    ),
    (
        'S459',
        'M004',
        'SCR010',
        '2025-07-09 10:00:00',
        '2025-07-09 12:17:00',
        '2025-07-09'
    ),
    (
        'S460',
        'M004',
        'SCR011',
        '2025-07-09 12:30:00',
        '2025-07-09 14:47:00',
        '2025-07-09'
    ),
    (
        'S461',
        'M004',
        'SCR012',
        '2025-07-09 15:00:00',
        '2025-07-09 17:17:00',
        '2025-07-09'
    ),
    (
        'S462',
        'M005',
        'SCR013',
        '2025-07-09 11:30:00',
        '2025-07-09 13:37:00',
        '2025-07-09'
    ),
    (
        'S463',
        'M005',
        'SCR014',
        '2025-07-09 14:00:00',
        '2025-07-09 16:07:00',
        '2025-07-09'
    ),
    (
        'S464',
        'M005',
        'SCR015',
        '2025-07-09 17:00:00',
        '2025-07-09 19:07:00',
        '2025-07-09'
    ),
    -- 7월 10일 스케줄
    (
        'S465',
        'M006',
        'SCR001',
        '2025-07-10 10:00:00',
        '2025-07-10 12:09:00',
        '2025-07-10'
    ),
    (
        'S466',
        'M006',
        'SCR002',
        '2025-07-10 12:30:00',
        '2025-07-10 14:39:00',
        '2025-07-10'
    ),
    (
        'S467',
        'M006',
        'SCR003',
        '2025-07-10 15:00:00',
        '2025-07-10 17:09:00',
        '2025-07-10'
    ),
    (
        'S468',
        'M007',
        'SCR004',
        '2025-07-10 10:30:00',
        '2025-07-10 12:17:00',
        '2025-07-10'
    ),
    (
        'S469',
        'M007',
        'SCR005',
        '2025-07-10 12:30:00',
        '2025-07-10 14:17:00',
        '2025-07-10'
    ),
    (
        'S470',
        'M007',
        'SCR006',
        '2025-07-10 15:00:00',
        '2025-07-10 16:47:00',
        '2025-07-10'
    ),
    (
        'S471',
        'M008',
        'SCR007',
        '2025-07-10 11:00:00',
        '2025-07-10 13:23:00',
        '2025-07-10'
    ),
    (
        'S472',
        'M008',
        'SCR008',
        '2025-07-10 13:30:00',
        '2025-07-10 15:53:00',
        '2025-07-10'
    ),
    (
        'S473',
        'M008',
        'SCR009',
        '2025-07-10 16:00:00',
        '2025-07-10 18:23:00',
        '2025-07-10'
    ),
    (
        'S474',
        'M009',
        'SCR010',
        '2025-07-10 10:00:00',
        '2025-07-10 12:25:00',
        '2025-07-10'
    ),
    (
        'S475',
        'M009',
        'SCR011',
        '2025-07-10 12:30:00',
        '2025-07-10 14:55:00',
        '2025-07-10'
    ),
    (
        'S476',
        'M009',
        'SCR012',
        '2025-07-10 15:00:00',
        '2025-07-10 17:25:00',
        '2025-07-10'
    ),
    (
        'S477',
        'M010',
        'SCR013',
        '2025-07-10 11:30:00',
        '2025-07-10 13:23:00',
        '2025-07-10'
    ),
    (
        'S478',
        'M010',
        'SCR014',
        '2025-07-10 13:30:00',
        '2025-07-10 15:23:00',
        '2025-07-10'
    ),
    (
        'S479',
        'M010',
        'SCR015',
        '2025-07-10 16:00:00',
        '2025-07-10 17:53:00',
        '2025-07-10'
    );

INSERT IGNORE INTO
    payment (
        paymentcd,
        paymentmethod,
        paymenttime,
        amount,
        paymentstatus
    )
VALUES (
        'PAY001',
        'Credit Card',
        '2025-07-01 10:00:00',
        15000,
        'SUCCESS'
    ),
    (
        'PAY002',
        'Bank Transfer',
        '2025-07-01 12:30:00',
        25000,
        'SUCCESS'
    ),
    (
        'PAY003',
        'Mobile Payment',
        '2025-07-02 09:15:00',
        3000,
        'SUCCESS'
    ),
    (
        'PAY004',
        'Credit Card',
        '2025-07-02 14:45:00',
        45000,
        'SUCCESS'
    ),
    (
        'PAY005',
        'PayPal',
        '2025-07-03 11:20:00',
        12000,
        'SUCCESS'
    ),
    (
        'PAY006',
        'Debit Card',
        '2025-07-03 16:50:00',
        8000,
        'SUCCESS'
    ),
    (
        'PAY007',
        'Bank Transfer',
        '2025-07-04 08:10:00',
        60000,
        'SUCCESS'
    ),
    (
        'PAY008',
        'Credit Card',
        '2025-07-04 13:25:00',
        22000,
        'SUCCESS'
    ),
    (
        'PAY009',
        'Mobile Payment',
        '2025-07-05 10:40:00',
        5000,
        'SUCCESS'
    ),
    (
        'PAY010',
        'PayPal',
        '2025-07-05 15:15:00',
        35000,
        'SUCCESS'
    ),
    (
        'PAY011',
        'Credit Card',
        '2025-07-06 09:00:00',
        18000,
        'SUCCESS'
    ),
    (
        'PAY012',
        'Bank Transfer',
        '2025-07-06 12:00:00',
        40000,
        'SUCCESS'
    ),
    (
        'PAY013',
        'Debit Card',
        '2025-07-07 07:30:00',
        10000,
        'SUCCESS'
    ),
    (
        'PAY014',
        'Mobile Payment',
        '2025-07-07 11:45:00',
        27000,
        'SUCCESS'
    ),
    (
        'PAY015',
        'PayPal',
        '2025-07-07 14:20:00',
        32000,
        'SUCCESS'
    );

-- users 테이블 가데이터 (50개: 2025-07-07 30개, 2025-07-08 20개)
INSERT IGNORE INTO
    users (
        userid,
        userpw,
        username,
        email,
        phone,
        birth,
        status,
        reg_date
    )
VALUES (
        'user001',
        'pass_001',
        '김민수',
        'minsu.kim@example.com',
        '010-1234-5678',
        '1990-05-15',
        '활성',
        '2025-07-07'
    ),
    (
        'user002',
        'pass_002',
        '이서연',
        'seoyeon.lee@example.com',
        '010-2345-6789',
        '1988-11-22',
        '활성',
        '2025-07-07'
    ),
    (
        'user003',
        'pass_003',
        '박지훈',
        'jihoon.park@example.com',
        '010-3456-7890',
        '1995-03-10',
        '활성',
        '2025-07-07'
    ),
    (
        'user004',
        'pass_004',
        '최유진',
        'yujin.choi@example.com',
        '010-4567-8901',
        '1992-07-25',
        '활성',
        '2025-07-07'
    ),
    (
        'user005',
        'pass_005',
        '정하늘',
        'haneul.jung@example.com',
        '010-5678-9012',
        '1998-12-30',
        '활성',
        '2025-07-07'
    ),
    (
        'user006',
        'pass_006',
        '강다연',
        'dayeon.kang@example.com',
        '010-6789-0123',
        '1985-09-12',
        '활성',
        '2025-07-07'
    ),
    (
        'user007',
        'pass_007',
        '윤서준',
        'seojun.yoon@example.com',
        '010-7890-1234',
        '1993-04-18',
        '활성',
        '2025-07-07'
    ),
    (
        'user008',
        'pass_008',
        '한지민',
        'jimin.han@example.com',
        '010-8901-2345',
        '1991-06-22',
        '활성',
        '2025-07-07'
    ),
    (
        'user009',
        'pass_009',
        '오태현',
        'taehyun.oh@example.com',
        '010-9012-3456',
        '1987-02-14',
        '활성',
        '2025-07-07'
    ),
    (
        'user010',
        'pass_010',
        '류하린',
        'harin.ryu@example.com',
        '010-0123-4567',
        '1996-08-30',
        '활성',
        '2025-07-07'
    ),
    (
        'user011',
        'pass_011',
        '김도현',
        'dohyun.kim@example.com',
        '010-1235-5678',
        '1989-11-05',
        '활성',
        '2025-07-07'
    ),
    (
        'user012',
        'pass_012',
        '이예진',
        'yejin.lee@example.com',
        '010-2346-6789',
        '1994-03-27',
        '활성',
        '2025-07-07'
    ),
    (
        'user013',
        'pass_013',
        '박소율',
        'soyul.park@example.com',
        '010-3457-7890',
        '1997-07-19',
        '활성',
        '2025-07-07'
    ),
    (
        'user014',
        'pass_014',
        '최민재',
        'minjae.choi@example.com',
        '010-4568-8901',
        '1990-10-11',
        '활성',
        '2025-07-07'
    ),
    (
        'user015',
        'pass_015',
        '정유나',
        'yuna.jung@example.com',
        '010-5679-9012',
        '1986-05-25',
        '활성',
        '2025-07-07'
    ),
    (
        'user016',
        'pass_016',
        '강시우',
        'siwoo.kang@example.com',
        '010-6780-0123',
        '1992-12-08',
        '활성',
        '2025-07-07'
    ),
    (
        'user017',
        'pass_017',
        '윤지우',
        'jiwoo.yoon@example.com',
        '010-7891-1234',
        '1995-01-16',
        '활성',
        '2025-07-07'
    ),
    (
        'user018',
        'pass_018',
        '한서아',
        'seoa.han@example.com',
        '010-8902-2345',
        '1988-04-29',
        '활성',
        '2025-07-07'
    ),
    (
        'user019',
        'pass_019',
        '오민서',
        'minseo.oh@example.com',
        '010-9013-3456',
        '1993-09-03',
        '활성',
        '2025-07-07'
    ),
    (
        'user020',
        'pass_020',
        '류지안',
        'jian.ryu@example.com',
        '010-0124-4567',
        '1991-02-17',
        '활성',
        '2025-07-07'
    ),
    (
        'user021',
        'pass_021',
        '김하윤',
        'hayoon.kim@example.com',
        '010-1236-5678',
        '1987-06-21',
        '활성',
        '2025-07-07'
    ),
    (
        'user022',
        'pass_022',
        '이수민',
        'sumin.lee@example.com',
        '010-2347-6789',
        '1994-10-13',
        '활성',
        '2025-07-07'
    ),
    (
        'user023',
        'pass_023',
        '박예린',
        'yerin.park@example.com',
        '010-3458-7890',
        '1996-03-28',
        '활성',
        '2025-07-07'
    ),
    (
        'user024',
        'pass_024',
        '최서진',
        'seojin.choi@example.com',
        '010-4569-8901',
        '1989-08-09',
        '활성',
        '2025-07-07'
    ),
    (
        'user025',
        'pass_025',
        '정다인',
        'dain.jung@example.com',
        '010-5670-9012',
        '1992-11-24',
        '활성',
        '2025-07-07'
    ),
    (
        'user026',
        'pass_026',
        '강지윤',
        'jiyoon.kang@example.com',
        '010-6781-0123',
        '1990-04-06',
        '활성',
        '2025-07-07'
    ),
    (
        'user027',
        'pass_027',
        '윤하진',
        'hajin.yoon@example.com',
        '010-7892-1234',
        '1986-07-30',
        '활성',
        '2025-07-07'
    ),
    (
        'user028',
        'pass_028',
        '한태민',
        'taemin.han@example.com',
        '010-8903-2345',
        '1993-12-12',
        '활성',
        '2025-07-07'
    ),
    (
        'user029',
        'pass_029',
        '오서율',
        'seoyul.oh@example.com',
        '010-9014-3456',
        '1995-05-04',
        '활성',
        '2025-07-07'
    ),
    (
        'user030',
        'pass_030',
        '류민재',
        'minjae.ryu@example.com',
        '010-0125-4567',
        '1988-09-26',
        '활성',
        '2025-07-07'
    ),
    (
        'user031',
        'pass_031',
        '김아린',
        'arin.kim@example.com',
        '010-1237-5678',
        '1991-01-08',
        '활성',
        '2025-07-08'
    ),
    (
        'user032',
        'pass_032',
        '이현우',
        'hyunwoo.lee@example.com',
        '010-2348-6789',
        '1994-06-22',
        '활성',
        '2025-07-08'
    ),
    (
        'user033',
        'pass_033',
        '박소윤',
        'soyoon.park@example.com',
        '010-3459-7890',
        '1987-10-15',
        '활성',
        '2025-07-08'
    ),
    (
        'user034',
        'pass_034',
        '최지율',
        'jiyul.choi@example.com',
        '010-4560-8901',
        '1992-03-29',
        '활성',
        '2025-07-08'
    ),
    (
        'user035',
        'pass_035',
        '정하린',
        'harin.jung@example.com',
        '010-5671-9012',
        '1996-08-11',
        '활성',
        '2025-07-08'
    ),
    (
        'user036',
        'pass_036',
        '강예준',
        'yejun.kang@example.com',
        '010-6782-0123',
        '1989-12-04',
        '활성',
        '2025-07-08'
    ),
    (
        'user037',
        'pass_037',
        '윤서현',
        'seohyun.yoon@example.com',
        '010-7893-1234',
        '1993-04-17',
        '활성',
        '2025-07-08'
    ),
    (
        'user038',
        'pass_038',
        '한지수',
        'jisoo.han@example.com',
        '010-8904-2345',
        '1990-09-01',
        '활성',
        '2025-07-08'
    ),
    (
        'user039',
        'pass_039',
        '오태윤',
        'taeyoon.oh@example.com',
        '010-9015-3456',
        '1986-02-23',
        '활성',
        '2025-07-08'
    ),
    (
        'user040',
        'pass_040',
        '류다연',
        'dayeon.ryu@example.com',
        '010-0126-4567',
        '1994-07-06',
        '활성',
        '2025-07-08'
    ),
    (
        'user041',
        'pass_041',
        '김민재',
        'minjae2.kim@example.com',
        '010-1238-5678',
        '1991-11-19',
        '활성',
        '2025-07-08'
    ),
    (
        'user042',
        'pass_042',
        '이하윤',
        'hayoon2.lee@example.com',
        '010-2349-6789',
        '1988-05-12',
        '활성',
        '2025-07-08'
    ),
    (
        'user043',
        'pass_043',
        '박지민',
        'jimin2.park@example.com',
        '010-3450-7890',
        '1995-09-25',
        '활성',
        '2025-07-08'
    ),
    (
        'user044',
        'pass_044',
        '최서아',
        'seoa2.choi@example.com',
        '010-4561-8901',
        '1992-02-07',
        '활성',
        '2025-07-08'
    ),
    (
        'user045',
        'pass_045',
        '정예린',
        'yerin2.jung@example.com',
        '010-5672-9012',
        '1987-06-30',
        '활성',
        '2025-07-08'
    ),
    (
        'user046',
        'pass_046',
        '강소율',
        'soyul2.kang@example.com',
        '010-6783-0123',
        '1993-10-13',
        '활성',
        '2025-07-08'
    ),
    (
        'user047',
        'pass_047',
        '윤하린',
        'harin2.yoon@example.com',
        '010-7894-1234',
        '1990-03-27',
        '활성',
        '2025-07-08'
    ),
    (
        'user048',
        'pass_048',
        '한민서',
        'minseo2.han@example.com',
        '010-8905-2345',
        '1986-08-09',
        '활성',
        '2025-07-08'
    ),
    (
        'user049',
        'pass_049',
        '오지윤',
        'jiyoon2.oh@example.com',
        '010-9016-3456',
        '1994-12-22',
        '활성',
        '2025-07-08'
    ),
    (
        'user050',
        'pass_050',
        '류서진',
        'seojin2.ryu@example.com',
        '010-0127-4567',
        '1991-05-04',
        '활성',
        '2025-07-08'
    );

-- staff 테이블 가데이터 (30개)
INSERT IGNORE INTO
    staff (
        staffid,
        staffname,
        dept,
        position,
        phone,
        email,
        theater,
        hiredate,
        shifttype,
        role,
        status
    )
VALUES (
        'staff001',
        '김영훈',
        '운영팀',
        '매니저',
        '010-1111-2222',
        'younghoon.kim@example.com',
        'THR001',
        '2023-01-15',
        '주간',
        '지점 관리',
        '근무중'
    ),
    (
        'staff002',
        '이수진',
        '고객서비스',
        '대리',
        '010-2222-3333',
        'sujin.lee@example.com',
        'THR002',
        '2023-06-20',
        '야간',
        '고객 응대',
        '근무중'
    ),
    (
        'staff003',
        '박민재',
        '매표팀',
        '사원',
        '010-3333-4444',
        'minjae.park@example.com',
        'THR003',
        '2024-02-10',
        '주간',
        '매표',
        '근무중'
    ),
    (
        'staff004',
        '최지은',
        '상영관팀',
        '사원',
        '010-4444-5555',
        'jieun.choi@example.com',
        'THR004',
        '2024-03-05',
        '야간',
        '상영관 관리',
        '휴가'
    ),
    (
        'staff005',
        '정태영',
        '매점팀',
        '대리',
        '010-5555-6666',
        'taeyoung.jung@example.com',
        'THR005',
        '2023-09-12',
        '주간',
        '매점 판매',
        '근무중'
    ),
    (
        'staff006',
        '강다연',
        '운영팀',
        '대리',
        '010-6666-7777',
        'dayeon.kang@example.com',
        'THR006',
        '2023-04-22',
        '야간',
        '지점 관리',
        '근무중'
    ),
    (
        'staff007',
        '윤서준',
        '고객서비스',
        '사원',
        '010-7777-8888',
        'seojun.yoon@example.com',
        'THR007',
        '2024-01-10',
        '주간',
        '고객 응대',
        '근무중'
    ),
    (
        'staff008',
        '한지민',
        '매표팀',
        '매니저',
        '010-8888-9999',
        'jimin.han@example.com',
        'THR008',
        '2023-07-15',
        '야간',
        '매표',
        '휴가'
    ),
    (
        'staff009',
        '오태현',
        '상영관팀',
        '사원',
        '010-9999-0000',
        'taehyun.oh@example.com',
        'THR001',
        '2024-05-20',
        '주간',
        '상영관 관리',
        '근무중'
    ),
    (
        'staff010',
        '류하린',
        '매점팀',
        '사원',
        '010-0000-1111',
        'harin.ryu@example.com',
        'THR002',
        '2023-11-30',
        '야간',
        '매점 판매',
        '근무중'
    ),
    (
        'staff011',
        '김도현',
        '운영팀',
        '매니저',
        '010-1112-2223',
        'dohyun.kim@example.com',
        'THR003',
        '2023-02-25',
        '주간',
        '지점 관리',
        '근무중'
    ),
    (
        'staff012',
        '이예진',
        '고객서비스',
        '대리',
        '010-2223-3334',
        'yejin.lee@example.com',
        'THR004',
        '2023-08-12',
        '야간',
        '고객 응대',
        '휴가'
    ),
    (
        'staff013',
        '박소율',
        '매표팀',
        '사원',
        '010-3334-4445',
        'soyul.park@example.com',
        'THR005',
        '2024-03-15',
        '주간',
        '매표',
        '근무중'
    ),
    (
        'staff014',
        '최민재',
        '상영관팀',
        '사원',
        '010-4445-5556',
        'minjae2.choi@example.com',
        'THR006',
        '2024-06-10',
        '야간',
        '상영관 관리',
        '근무중'
    ),
    (
        'staff015',
        '정유나',
        '매점팀',
        '대리',
        '010-5556-6667',
        'yuna.jung@example.com',
        'THR007',
        '2023-10-05',
        '주간',
        '매점 판매',
        '근무중'
    ),
    (
        'staff016',
        '강시우',
        '운영팀',
        '사원',
        '010-6667-7778',
        'siwoo.kang@example.com',
        'THR008',
        '2023-05-18',
        '야간',
        '지점 관리',
        '휴가'
    ),
    (
        'staff017',
        '윤지우',
        '고객서비스',
        '사원',
        '010-7778-8889',
        'jiwoo.yoon@example.com',
        'THR001',
        '2024-02-22',
        '주간',
        '고객 응대',
        '근무중'
    ),
    (
        'staff018',
        '한서아',
        '매표팀',
        '대리',
        '010-8889-9990',
        'seoa.han@example.com',
        'THR002',
        '2023-09-25',
        '야간',
        '매표',
        '근무중'
    ),
    (
        'staff019',
        '오민서',
        '상영관팀',
        '매니저',
        '010-9990-0001',
        'minseo.oh@example.com',
        'THR003',
        '2023-03-30',
        '주간',
        '상영관 관리',
        '근무중'
    ),
    (
        'staff020',
        '류지안',
        '매점팀',
        '사원',
        '010-0001-1112',
        'jian.ryu@example.com',
        'THR004',
        '2024-04-12',
        '야간',
        '매점 판매',
        '휴가'
    ),
    (
        'staff021',
        '김하윤',
        '운영팀',
        '대리',
        '010-1113-2224',
        'hayoon.kim@example.com',
        'THR005',
        '2023-06-15',
        '주간',
        '지점 관리',
        '근무중'
    ),
    (
        'staff022',
        '이수민',
        '고객서비스',
        '사원',
        '010-2224-3335',
        'sumin.lee@example.com',
        'THR006',
        '2024-01-20',
        '야간',
        '고객 응대',
        '근무중'
    ),
    (
        'staff023',
        '박예린',
        '매표팀',
        '사원',
        '010-3335-4446',
        'yerin.park@example.com',
        'THR007',
        '2023-11-10',
        '주간',
        '매표',
        '근무중'
    ),
    (
        'staff024',
        '최서진',
        '상영관팀',
        '대리',
        '010-4446-5557',
        'seojin.choi@example.com',
        'THR008',
        '2023-07-22',
        '야간',
        '상영관 관리',
        '휴가'
    ),
    (
        'staff025',
        '정다인',
        '매점팀',
        '매니저',
        '010-5557-6668',
        'dain.jung@example.com',
        'THR001',
        '2023-04-05',
        '주간',
        '매점 판매',
        '근무중'
    ),
    (
        'staff026',
        '강지윤',
        '운영팀',
        '사원',
        '010-6668-7779',
        'jiyoon.kang@example.com',
        'THR002',
        '2024-05-15',
        '야간',
        '지점 관리',
        '근무중'
    ),
    (
        'staff027',
        '윤하진',
        '고객서비스',
        '대리',
        '010-7779-8880',
        'hajin.yoon@example.com',
        'THR003',
        '2023-08-30',
        '주간',
        '고객 응대',
        '근무중'
    ),
    (
        'staff028',
        '한태민',
        '매표팀',
        '사원',
        '010-8880-9991',
        'taemin.han@example.com',
        'THR004',
        '2024-02-25',
        '야간',
        '매표',
        '휴가'
    ),
    (
        'staff029',
        '오서율',
        '상영관팀',
        '사원',
        '010-9991-0002',
        'seoyul.oh@example.com',
        'THR005',
        '2023-10-12',
        '주간',
        '상영관 관리',
        '근무중'
    ),
    (
        'staff030',
        '류민재',
        '매점팀',
        '대리',
        '010-0002-1113',
        'minjae3.ryu@example.com',
        'THR006',
        '2023-05-20',
        '야간',
        '매점 판매',
        '근무중'
    );
-- 대구(THR005, SCR009, SCR010)
INSERT IGNORE INTO
    schedule (
        schedulecd,
        moviecd,
        screencd,
        starttime,
        endtime,
        startdate
    )
VALUES (
        'S013',
        'M003',
        'SCR009',
        '2025-07-02 10:00:00',
        '2025-07-02 12:11:00',
        '2025-07-02'
    ),
    (
        'S014',
        'M004',
        'SCR010',
        '2025-07-02 13:00:00',
        '2025-07-02 15:12:00',
        '2025-07-02'
    );

-- notice 테이블 가데이터

 INSERT IGNORE INTO notice (noticenum, noticetype, noticesub, noticedate, noticecontents, writer) VALUES
 (1, '공지', '시스템 점검 안내', '2025-07-01 10:00:00', '더 스크린 시스템 점검 일정 안내입니다.', 'admin'),
 (2, '공지', '서비스 이용약관 개정', '2025-07-02 09:30:00', '이용약관이 일부 변경되어 안내드립니다.', 'admin'),
 (3, '이벤트', '여름 맞이 영화 할인 이벤트', '2025-07-03 14:00:00', '여름 시즌 할인 이벤트 진행중입니다.', 'event_manager'),
 (4, '이벤트', '신규 회원 가입 이벤트', '2025-07-04 15:00:00', '신규 가입 시 영화 쿠폰 증정!', 'event_manager'),
 (5, '문의', '예매 취소 방법 문의', '2025-07-05 11:20:00', '예매 취소는 어떻게 하나요?', 'user01'),
 (6, '문의', '포인트 사용 관련 문의', '2025-07-05 13:40:00', '포인트는 어디서 확인하나요?', 'user02'),
 (7, '문의', '좌석 선택 오류 문의', '2025-07-06 16:00:00', '좌석 선택이 안됩니다.', 'user03'),
 (8, '문의', '결제 오류 발생 문의', '2025-07-06 17:30:00', '결제 진행 시 오류가 발생했어요.', 'user04'),
 (9, '문의', '로그인 문제 문의', '2025-07-07 09:10:00', '로그인이 안됩니다.', 'user05'),
 (10, '점검', '정기 점검 안내', '2025-07-08 00:00:00', '정기 점검이 예정되어 있습니다.', 'admin'),
 (11, '점검', '긴급 점검 공지', '2025-07-08 02:30:00', '긴급 점검으로 서비스가 일시 중단됩니다.', 'admin');

-- notice 테이블 가데이터 추가 (12~30)

 INSERT IGNORE INTO notice (noticenum, noticetype, noticesub, noticedate, noticecontents, writer) VALUES
 (12, '공지', '영화 상영시간 변경 안내', '2025-07-09 10:00:00', '특정 영화의 상영 시간이 변경되어 안내드립니다.', 'admin'),
 (13, '공지', '서비스 정책 변경 안내', '2025-07-09 11:00:00', '더 나은 서비스를 위해 정책이 일부 변경됩니다.', 'admin'),
 (14, '공지', '회원 혜택 안내', '2025-07-10 09:30:00', '회원 등급별 혜택을 확인해주세요.', 'admin'),
 (15, '공지', '앱 업데이트 공지', '2025-07-10 14:00:00', '앱 최신 버전으로 업데이트 해주세요.', 'admin'),
 (16, '이벤트', '리뷰 작성 이벤트', '2025-07-11 12:00:00', '리뷰 작성 시 포인트를 드립니다.', 'event_manager'),
 (17, '이벤트', '생일 축하 쿠폰 이벤트', '2025-07-11 15:00:00', '생일 달에 쿠폰을 드립니다.', 'event_manager'),
 (18, '이벤트', 'SNS 공유 이벤트', '2025-07-12 11:00:00', 'SNS 공유하고 선물 받아가세요.', 'event_manager'),
 (19, '이벤트', 'VIP 고객 초청 시사회', '2025-07-12 17:00:00', 'VIP 고객님들을 위한 특별 시사회 초대.', 'event_manager'),
 (20, '문의', '할인 쿠폰 적용 문의', '2025-07-13 10:00:00', '쿠폰이 적용되지 않아요.', 'user06'),
 (21, '문의', '회원 탈퇴 방법 문의', '2025-07-13 11:30:00', '회원 탈퇴는 어떻게 하나요?', 'user07'),
 (22, '문의', '아이디 변경 문의', '2025-07-13 12:45:00', '아이디 변경이 가능한가요?', 'user08'),
 (23, '문의', '예매 내역 영수증 문의', '2025-07-13 14:00:00', '영수증 출력은 어디서 하나요?', 'user09'),
 (24, '문의', '포인트 소멸 시기 문의', '2025-07-13 16:00:00', '포인트는 언제 소멸되나요?', 'user10'),
 (25, '문의', '이벤트 참여 확인 문의', '2025-07-14 09:00:00', '이벤트 참여 여부는 어떻게 확인하나요?', 'user11'),
 (26, '점검', '서버 긴급 점검', '2025-07-14 11:00:00', '서버 긴급 점검이 진행됩니다.', 'admin'),
 (27, '점검', '앱 점검 안내', '2025-07-14 13:00:00', '앱 점검으로 일부 기능이 제한됩니다.', 'admin'),
 (28, '점검', '영화관 시스템 업그레이드', '2025-07-14 15:00:00', '시스템 업그레이드 작업이 예정되어 있습니다.', 'admin'),
 (29, '공지', '홈페이지 리뉴얼 안내', '2025-07-15 09:00:00', '홈페이지가 새롭게 개편됩니다.', 'admin'),
 (30, '공지', '설문 참여 안내', '2025-07-15 10:30:00', '설문에 참여해주시면 추첨을 통해 경품을 드립니다.', 'admin');

-- 2025-07-05
INSERT IGNORE INTO
    schedule (
        schedulecd,
        moviecd,
        screencd,
        starttime,
        endtime,
        startdate
    )
VALUES (
        'S133',
        'M001',
        'SCR001',
        '2025-07-05 10:00:00',
        '2025-07-05 11:38:00',
        '2025-07-05'
    ),
    (
        'S134',
        'M002',
        'SCR002',
        '2025-07-05 12:00:00',
        '2025-07-05 13:38:00',
        '2025-07-05'
    ),
    (
        'S135',
        'M003',
        'SCR003',
        '2025-07-05 15:00:00',
        '2025-07-05 16:38:00',
        '2025-07-05'
    ),
    (
        'S136',
        'M004',
        'SCR004',
        '2025-07-05 13:00:00',
        '2025-07-05 14:38:00',
        '2025-07-05'
    ),
    (
        'S137',
        'M005',
        'SCR005',
        '2025-07-05 19:00:00',
        '2025-07-05 20:38:00',
        '2025-07-05'
    ),
    (
        'S138',
        'M006',
        'SCR006',
        '2025-07-05 23:00:00',
        '2025-07-06 00:38:00',
        '2025-07-05'
    ),
    (
        'S139',
        'M007',
        'SCR007',
        '2025-07-05 09:00:00',
        '2025-07-05 10:38:00',
        '2025-07-05'
    ),
    (
        'S140',
        'M008',
        'SCR008',
        '2025-07-05 16:00:00',
        '2025-07-05 17:38:00',
        '2025-07-05'
    ),
    (
        'S141',
        'M010',
        'SCR009',
        '2025-07-05 21:00:00',
        '2025-07-05 22:38:00',
        '2025-07-05'
    ),
    (
        'S142',
        'M011',
        'SCR010',
        '2025-07-05 14:00:00',
        '2025-07-05 17:00:00',
        '2025-07-05'
    );
--     faq 테이블 가데이터

 INSERT IGNORE INTO faq (faqnum, faqsub, faqdate) VALUES
 (1, '회원가입은 어떻게 하나요?', '2025-07-01 09:00:00'),
 (2, '비밀번호를 잊어버렸어요.', '2025-07-01 10:00:00'),
 (3, '예매한 영화는 어디서 확인하나요?', '2025-07-02 11:00:00'),
 (4, '예매 취소는 어떻게 하나요?', '2025-07-02 12:30:00'),
 (5, '포인트 적립은 어떻게 되나요?', '2025-07-03 13:00:00'),
 (6, '쿠폰은 어디서 사용하나요?', '2025-07-03 14:00:00'),
 (7, '좌석 변경은 가능한가요?', '2025-07-04 15:30:00'),
 (8, '문의사항은 어디서 남기나요?', '2025-07-04 16:30:00'),
 (9, '모바일 티켓 발급 방법은?', '2025-07-05 17:00:00'),
 (10, '관람 등급은 어디서 확인하나요?', '2025-07-05 18:00:00');

-- faq 테이블 가데이터 추가 (11~15)

 INSERT IGNORE INTO faq (faqnum, faqsub, faqdate) VALUES
 (11, '무통장 입금은 가능한가요?', '2025-07-06 10:00:00'),
 (12, '현장 결제도 가능한가요?', '2025-07-06 11:30:00'),
 (13, '단체 관람은 어떻게 신청하나요?', '2025-07-07 09:00:00'),
 (14, '청소년 할인은 어떻게 적용되나요?', '2025-07-07 10:30:00'),
 (15, '환불은 얼마나 걸리나요?', '2025-07-07 12:00:00');

-- faq 테이블 가데이터 (faqcontents 컬럼) UPDATE

-- ✅ faq 테이블 기존 데이터에 faqcontents 내용 추가하기

 UPDATE faq SET faqcontents = '회원가입은 홈페이지 상단의 회원가입 버튼을 통해 진행할 수 있습니다.' WHERE faqnum = 1;
 UPDATE faq SET faqcontents = '비밀번호를 잊으셨다면 로그인 화면에서 비밀번호 찾기를 이용해주세요.' WHERE faqnum = 2;
 UPDATE faq SET faqcontents = '예매한 영화는 마이페이지 > 예매내역에서 확인할 수 있습니다.' WHERE faqnum = 3;
 UPDATE faq SET faqcontents = '마이페이지에서 직접 예매 취소가 가능합니다.' WHERE faqnum = 4;
 UPDATE faq SET faqcontents = '영화 관람 시 결제 금액의 일부가 포인트로 적립됩니다.' WHERE faqnum = 5;
 UPDATE faq SET faqcontents = '쿠폰은 결제 단계에서 선택하여 사용하실 수 있습니다.' WHERE faqnum = 6;
 UPDATE faq SET faqcontents = '예매 완료 후 좌석 변경은 불가능하며, 취소 후 재예매해주세요.' WHERE faqnum = 7;
 UPDATE faq SET faqcontents = '1:1 문의는 고객센터 메뉴를 통해 작성하실 수 있습니다.' WHERE faqnum = 8;
 UPDATE faq SET faqcontents = '모바일 티켓은 예매 완료 후 문자와 마이페이지에서 확인 가능합니다.' WHERE faqnum = 9;
 UPDATE faq SET faqcontents = '관람 등급은 영화 상세 페이지에서 확인하실 수 있습니다.' WHERE faqnum = 10;
 UPDATE faq SET faqcontents = '무통장 입금은 지원하지 않으며, 카드나 간편결제를 이용해주세요.' WHERE faqnum = 11;
 UPDATE faq SET faqcontents = '현장 결제는 일부 영화관에서만 가능하며, 온라인 결제를 권장합니다.' WHERE faqnum = 12;
 UPDATE faq SET faqcontents = '20인 이상 단체 관람은 고객센터를 통해 별도로 문의해주세요.' WHERE faqnum = 13;
 UPDATE faq SET faqcontents = '청소년 할인은 관람 등급과 나이에 따라 자동 적용됩니다.' WHERE faqnum = 14;
 UPDATE faq SET faqcontents = '환불은 취소 완료 후 영업일 기준 3~5일 이내 처리됩니다.' WHERE faqnum = 15;

INSERT IGNORE INTO reservation (reservationcd, userid, schedulecd, reservationtime, reservationstatus, seatcd, paymentcd) VALUES
-- July 3, 2025 (8 reservations)
('RES031', 'user004', 'S223', '2025-07-03 09:30:00', 'CONFIRMED', 'A1,A2', 'PAY001'),
('RES032', 'user008', 'S224', '2025-07-03 11:30:00', 'PENDING', 'B3,B4', 'PAY002'),
('RES033', 'user013', 'S225', '2025-07-03 14:00:00', 'CONFIRMED', 'C1', 'PAY003'),
('RES034', 'user017', 'S226', '2025-07-03 16:30:00', 'CANCELLED', 'D2', 'PAY004'),
('RES035', 'user023', 'S227', '2025-07-03 17:00:00', 'CONFIRMED', 'E3,E4', 'PAY005'),
('RES036', 'user028', 'S228', '2025-07-03 09:30:00', 'CONFIRMED', 'F1', 'PAY006'),
('RES037', 'user033', 'S229', '2025-07-03 12:00:00', 'PENDING', 'G2,G3', 'PAY007'),
('RES038', 'user039', 'S230', '2025-07-03 14:30:00', 'CONFIRMED', 'A4', 'PAY008'),
-- July 4, 2025 (8 reservations)
('RES039', 'user006', 'S245', '2025-07-04 09:30:00', 'CONFIRMED', 'A5,A6', 'PAY009'),
('RES040', 'user011', 'S246', '2025-07-04 11:30:00', 'CONFIRMED', 'B7', 'PAY010'),
('RES041', 'user016', 'S247', '2025-07-04 14:00:00', 'PENDING', 'C8,C9', 'PAY011'),
('RES042', 'user021', 'S248', '2025-07-04 16:30:00', 'CONFIRMED', 'D10', 'PAY012'),
('RES043', 'user026', 'S249', '2025-07-04 17:00:00', 'CANCELLED', 'E11', 'PAY013'),
('RES044', 'user031', 'S250', '2025-07-04 09:30:00', 'CONFIRMED', 'F12', 'PAY014'),
('RES045', 'user036', 'S251', '2025-07-04 12:00:00', 'CONFIRMED', 'G1,G2', 'PAY015'),
('RES046', 'user041', 'S252', '2025-07-04 14:30:00', 'PENDING', 'A3', 'PAY001'),
-- July 5, 2025 (3 additional reservations)
('RES047', 'user009', 'S265', '2025-07-05 09:30:00', 'CONFIRMED', 'B4,B5', 'PAY002'),
('RES048', 'user014', 'S390', '2025-07-05 09:00:00', 'CONFIRMED', 'C6', 'PAY003'),
('RES049', 'user019', 'S391', '2025-07-05 11:30:00', 'PENDING', 'D7,D8', 'PAY004'),
-- July 6, 2025 (3 additional reservations)
('RES050', 'user024', 'S405', '2025-07-06 09:30:00', 'CONFIRMED', 'A9,A10', 'PAY005'),
('RES051', 'user029', 'S406', '2025-07-06 11:30:00', 'CANCELLED', 'B11', 'PAY006'),
('RES052', 'user034', 'S407', '2025-07-06 14:00:00', 'CONFIRMED', 'C12', 'PAY007'),
-- July 7, 2025 (3 additional reservations)
('RES053', 'user038', 'S420', '2025-07-07 09:30:00', 'CONFIRMED', 'D1,D2', 'PAY008'),
('RES054', 'user043', 'S421', '2025-07-07 12:30:00', 'PENDING', 'E3', 'PAY009'),
('RES055', 'user048', 'S422', '2025-07-07 16:00:00', 'CONFIRMED', 'F4,F5', 'PAY010'),
-- July 8, 2025 (3 additional reservations)
('RES056', 'user004', 'S435', '2025-07-08 09:30:00', 'CONFIRMED', 'G6', 'PAY011'),
('RES057', 'user008', 'S436', '2025-07-08 11:30:00', 'CONFIRMED', 'A7,A8', 'PAY012'),
('RES058', 'user013', 'S437', '2025-07-08 14:00:00', 'PENDING', 'B9', 'PAY013'),
-- July 9, 2025 (8 reservations)
('RES059', 'user017', 'S450', '2025-07-09 09:30:00', 'CONFIRMED', 'C10,C11', 'PAY014'),
('RES060', 'user023', 'S451', '2025-07-09 11:30:00', 'CONFIRMED', 'D12', 'PAY015'),
('RES061', 'user028', 'S452', '2025-07-09 14:00:00', 'PENDING', 'E1,E2', 'PAY001'),
('RES062', 'user033', 'S453', '2025-07-09 09:30:00', 'CANCELLED', 'F3', 'PAY002'),
('RES063', 'user039', 'S454', '2025-07-09 13:00:00', 'CONFIRMED', 'G4,G5', 'PAY003'),
('RES064', 'user006', 'S455', '2025-07-09 16:30:00', 'CONFIRMED', 'A6', 'PAY004'),
('RES065', 'user011', 'S456', '2025-07-09 10:00:00', 'CONFIRMED', 'B7,B8', 'PAY005'),
('RES066', 'user016', 'S457', '2025-07-09 13:30:00', 'PENDING', 'C9', 'PAY006');